id,t_mid_utc,t_rel_s,dt_s,gamma,gamma_err,flux_35keV_cts_s_keV,gamma_czt1,rate_czt2_30_100
AL1-20240414-0136,2024-04-14 01:36:00,-100.0,160.0,2.146,0.285,0.08,,
AL1-20240414-0136,2024-04-14 01:37:40,0.0,40.0,1.958,0.217,0.278,,
AL1-20240414-0136,2024-04-14 01:38:32,52.0,64.0,0.854,0.216,0.111,,
AL1-20240414-0136,2024-04-14 01:39:36,116.0,64.0,0.569,0.222,0.097,,
AL1-20240414-0226,2024-04-14 02:29:34,-106.0,148.0,1.805,0.387,0.072,0.997,-5.21
AL1-20240414-0226,2024-04-14 02:30:52,-28.0,8.0,4.276,0.257,2.68,3.74,-5.21
AL1-20240414-0226,2024-04-14 02:30:58,-22.0,4.0,3.149,0.1,15.934,3.104,-5.21
AL1-20240414-0226,2024-04-14 02:31:02,-18.0,4.0,3.108,0.089,19.682,3.073,-5.21
AL1-20240414-0226,2024-04-14 02:31:06,-14.0,4.0,3.626,0.125,13.173,3.551,-5.21
AL1-20240414-0226,2024-04-14 02:31:10,-10.0,4.0,3.57,0.124,13.007,3.493,-5.21
AL1-20240414-0226,2024-04-14 02:31:14,-6.0,4.0,4.476,0.176,10.326,4.309,-5.21
AL1-20240414-0226,2024-04-14 02:31:18,-2.0,4.0,4.011,0.129,14.94,3.914,-5.21
AL1-20240414-0226,2024-04-14 02:31:22,2.0,4.0,3.937,0.119,16.855,3.852,-5.21
AL1-20240414-0226,2024-04-14 02:31:26,6.0,4.0,3.069,0.063,38.784,3.051,-5.21
AL1-20240414-0226,2024-04-14 02:31:30,10.0,4.0,2.792,0.053,47.608,2.78,-5.21
AL1-20240414-0226,2024-04-14 02:31:34,14.0,4.0,2.932,0.057,44.378,2.917,-5.21
AL1-20240414-0226,2024-04-14 02:31:38,18.0,4.0,2.964,0.054,49.167,2.951,-5.21
AL1-20240414-0226,2024-04-14 02:31:42,22.0,4.0,2.883,0.059,39.613,2.867,-5.21
AL1-20240414-0226,2024-04-14 02:31:46,26.0,4.0,3.152,0.073,29.631,3.125,-5.21
AL1-20240414-0226,2024-04-14 02:31:50,30.0,4.0,2.772,0.084,18.654,2.744,-5.21
AL1-20240414-0226,2024-04-14 02:31:54,34.0,4.0,3.131,0.095,17.643,3.089,-5.21
AL1-20240414-0226,2024-04-14 02:31:58,38.0,4.0,3.432,0.122,12.537,3.355,-5.21
AL1-20240414-0226,2024-04-14 02:32:02,42.0,4.0,3.884,0.207,5.989,3.65,-5.21
AL1-20240414-0226,2024-04-14 02:32:06,46.0,4.0,4.174,0.274,4.27,3.793,-5.21
AL1-20240414-0226,2024-04-14 02:32:11,51.0,6.0,4.815,0.297,3.426,4.244,-5.21
AL1-20240414-0226,2024-04-14 02:32:19,59.0,10.0,4.277,0.309,1.808,3.448,-5.21
AL1-20240414-0226,2024-04-14 02:32:41,81.0,34.0,4.187,0.46,0.468,2.302,-5.21
AL1-20240529-1344,2024-05-29 14:20:30,-170.0,20.0,10.195,0.885,1.252,7.07,-7.73
AL1-20240529-1344,2024-05-29 14:20:50,-150.0,20.0,10.065,0.747,1.434,7.811,-7.73
AL1-20240529-1344,2024-05-29 14:21:06,-134.0,12.0,9.656,0.735,2.088,7.697,-7.73
AL1-20240529-1344,2024-05-29 14:21:15,-125.0,6.0,7.274,0.417,4.672,6.632,-7.73
AL1-20240529-1344,2024-05-29 14:21:21,-119.0,6.0,7.729,0.547,4.082,6.495,-7.73
AL1-20240529-1344,2024-05-29 14:21:28,-112.0,8.0,8.347,0.593,2.769,7.207,-7.73
AL1-20240529-1344,2024-05-29 14:21:34,-106.0,4.0,7.623,0.493,6.019,6.874,-7.73
AL1-20240529-1344,2024-05-29 14:21:39,-101.0,6.0,7.017,0.416,4.954,6.172,-7.73
AL1-20240529-1344,2024-05-29 14:21:44,-96.0,4.0,6.429,0.388,5.783,5.96,-7.73
AL1-20240529-1344,2024-05-29 14:21:48,-92.0,4.0,6.671,0.446,5.436,5.998,-7.73
AL1-20240529-1344,2024-05-29 14:21:52,-88.0,4.0,7.236,0.409,7.449,6.618,-7.73
AL1-20240529-1344,2024-05-29 14:21:56,-84.0,4.0,7.65,0.474,6.858,6.845,-7.73
AL1-20240529-1344,2024-05-29 14:22:01,-79.0,6.0,8.55,0.481,5.358,7.751,-7.73
AL1-20240529-1344,2024-05-29 14:22:07,-73.0,6.0,8.059,0.531,4.057,7.155,-7.73
AL1-20240529-1344,2024-05-29 14:22:14,-66.0,8.0,8.875,0.659,2.963,7.304,-7.73
AL1-20240529-1344,2024-05-29 14:22:23,-57.0,10.0,10.169,0.783,2.439,8.196,-7.73
AL1-20240529-1344,2024-05-29 14:22:31,-49.0,6.0,9.191,0.555,5.01,8.256,-7.73
AL1-20240529-1344,2024-05-29 14:22:36,-44.0,4.0,7.549,0.386,8.961,6.984,-7.73
AL1-20240529-1344,2024-05-29 14:22:40,-40.0,4.0,7.618,0.441,7.177,6.991,-7.73
AL1-20240529-1344,2024-05-29 14:22:44,-36.0,4.0,7.726,0.433,7.688,7.102,-7.73
AL1-20240529-1344,2024-05-29 14:22:48,-32.0,4.0,7.075,0.371,8.082,6.575,-7.73
AL1-20240529-1344,2024-05-29 14:22:52,-28.0,4.0,7.824,0.427,8.078,7.213,-7.73
AL1-20240529-1344,2024-05-29 14:22:56,-24.0,4.0,8.457,0.48,8.329,7.659,-7.73
AL1-20240529-1344,2024-05-29 14:23:00,-20.0,4.0,6.849,0.288,12.222,6.435,-7.73
AL1-20240529-1344,2024-05-29 14:23:04,-16.0,4.0,6.304,0.247,13.162,5.959,-7.73
AL1-20240529-1344,2024-05-29 14:23:08,-12.0,4.0,6.219,0.209,17.028,5.958,-7.73
AL1-20240529-1344,2024-05-29 14:23:12,-8.0,4.0,6.034,0.2,17.555,5.775,-7.73
AL1-20240529-1344,2024-05-29 14:23:16,-4.0,4.0,5.317,0.132,27.523,5.179,-7.73
AL1-20240529-1344,2024-05-29 14:23:20,0.0,4.0,5.283,0.131,27.79,5.138,-7.73
AL1-20240529-1344,2024-05-29 14:23:24,4.0,4.0,5.325,0.123,31.091,5.209,-7.73
AL1-20240529-1344,2024-05-29 14:23:28,8.0,4.0,5.398,0.124,31.534,5.277,-7.73
AL1-20240529-1344,2024-05-29 14:23:32,12.0,4.0,5.476,0.143,25.848,5.302,-7.73
AL1-20240529-1344,2024-05-29 14:23:36,16.0,4.0,5.855,0.163,24.194,5.629,-7.73
AL1-20240529-1344,2024-05-29 14:23:40,20.0,4.0,5.824,0.168,22.359,5.606,-7.73
AL1-20240529-1344,2024-05-29 14:23:44,24.0,4.0,6.386,0.206,19.173,6.097,-7.73
AL1-20240529-1344,2024-05-29 14:23:48,28.0,4.0,6.603,0.216,19.43,6.274,-7.73
AL1-20240529-1344,2024-05-29 14:23:52,32.0,4.0,6.288,0.216,18.01,5.921,-7.73
AL1-20240529-1344,2024-05-29 14:23:56,36.0,4.0,6.817,0.262,14.696,6.412,-7.73
AL1-20240529-1344,2024-05-29 14:24:00,40.0,4.0,7.566,0.364,10.645,6.947,-7.73
AL1-20240529-1344,2024-05-29 14:24:04,44.0,4.0,7.884,0.477,7.029,7.11,-7.73
AL1-20240529-1344,2024-05-29 14:24:08,48.0,4.0,9.868,0.703,5.487,8.826,-7.73
AL1-20240529-1344,2024-05-29 14:24:13,53.0,6.0,10.126,0.672,4.637,8.876,-7.73
AL1-20240529-1344,2024-05-29 14:24:19,59.0,6.0,10.295,0.806,3.785,8.484,-7.73
AL1-20240529-1344,2024-05-29 14:24:24,64.0,4.0,8.628,0.671,5.258,7.326,-7.73
AL1-20240529-1344,2024-05-29 14:24:28,68.0,4.0,7.973,0.596,5.374,6.87,-7.73
AL1-20240529-1344,2024-05-29 14:24:33,73.0,6.0,8.711,0.566,4.623,7.598,-7.73
AL1-20240529-1344,2024-05-29 14:24:38,78.0,4.0,9.009,0.619,5.8,8.074,-7.73
AL1-20240529-1344,2024-05-29 14:24:42,82.0,4.0,9.558,0.715,5.293,8.33,-7.73
AL1-20240529-1344,2024-05-29 14:24:47,87.0,6.0,10.568,0.804,3.914,8.995,-7.73
AL1-20240529-1344,2024-05-29 14:24:53,93.0,6.0,10.09,0.732,4.178,8.562,-7.73
AL1-20240529-1344,2024-05-29 14:24:59,99.0,6.0,9.477,0.61,4.677,8.328,-7.73
AL1-20240529-1344,2024-05-29 14:25:06,106.0,8.0,10.284,0.722,3.373,8.729,-7.73
AL1-20240529-1837,2024-05-29 18:34:21,-99.0,162.0,1.398,0.701,0.061,3.436,-16.14
AL1-20240529-1837,2024-05-29 18:35:44,-16.0,4.0,3.203,0.088,23.077,3.191,-23.68
AL1-20240529-1837,2024-05-29 18:35:48,-12.0,4.0,3.258,0.068,37.789,3.247,-23.68
AL1-20240529-1837,2024-05-29 18:35:52,-8.0,4.0,2.934,0.052,54.707,2.934,-23.68
AL1-20240529-1837,2024-05-29 18:35:56,-4.0,4.0,3.035,0.052,58.005,3.033,-23.68
AL1-20240529-1837,2024-05-29 18:36:00,0.0,4.0,3.276,0.072,34.179,3.265,-23.68
AL1-20240529-1837,2024-05-29 18:36:04,4.0,4.0,3.41,0.103,19.338,3.379,-23.68
AL1-20240529-1837,2024-05-29 18:36:08,8.0,4.0,3.68,0.164,10.1,3.588,-23.68
AL1-20240529-1837,2024-05-29 18:36:12,12.0,4.0,3.509,0.2,6.478,3.431,-23.68
AL1-20240529-1837,2024-05-29 18:36:16,16.0,4.0,3.523,0.268,4.359,3.398,-23.68
AL1-20240531-1109,2024-05-31 11:11:33,-107.0,42.0,0.91,0.25,0.168,,
AL1-20240531-1109,2024-05-31 11:12:13,-67.0,38.0,1.543,0.263,0.23,2.978,6.11
AL1-20240531-1109,2024-05-31 11:13:07,-13.0,70.0,6.069,0.56,0.344,,
AL1-20240531-1109,2024-05-31 11:14:01,41.0,38.0,7.214,0.628,0.671,,
AL1-20240531-1109,2024-05-31 11:14:35,75.0,30.0,7.615,0.675,0.719,,
AL1-20240531-1109,2024-05-31 11:15:03,103.0,26.0,6.861,0.546,0.804,,
AL1-20240531-1109,2024-05-31 11:15:28,128.0,24.0,7.468,0.622,0.884,,
AL1-20240531-2152,2024-05-31 22:00:10,-70.0,4.0,7.043,0.354,8.644,6.355,-8.0
AL1-20240531-2152,2024-05-31 22:00:14,-66.0,4.0,6.901,0.282,11.758,6.461,-8.0
AL1-20240531-2152,2024-05-31 22:00:18,-62.0,4.0,6.772,0.304,10.358,6.202,-8.0
AL1-20240531-2152,2024-05-31 22:00:22,-58.0,4.0,7.633,0.33,12.438,6.917,-8.0
AL1-20240531-2152,2024-05-31 22:00:26,-54.0,4.0,7.084,0.246,16.441,6.687,-8.0
AL1-20240531-2152,2024-05-31 22:00:30,-50.0,4.0,6.77,0.201,22.366,6.401,-8.0
AL1-20240531-2152,2024-05-31 22:00:34,-46.0,4.0,6.605,0.165,29.591,6.34,-8.0
AL1-20240531-2152,2024-05-31 22:00:38,-42.0,4.0,6.17,0.148,31.499,5.923,-8.0
AL1-20240531-2152,2024-05-31 22:00:42,-38.0,4.0,6.815,0.159,34.285,6.566,-8.0
AL1-20240531-2152,2024-05-31 22:00:46,-34.0,4.0,6.233,0.151,30.697,6.009,-8.0
AL1-20240531-2152,2024-05-31 22:00:50,-30.0,4.0,5.741,0.106,48.058,5.638,-8.0
AL1-20240531-2152,2024-05-31 22:00:54,-26.0,4.0,5.749,0.107,47.72,5.632,-8.0
AL1-20240531-2152,2024-05-31 22:00:58,-22.0,4.0,5.608,0.1,50.7,5.509,-8.0
AL1-20240531-2152,2024-05-31 22:01:02,-18.0,4.0,5.118,0.084,57.6,5.049,-8.0
AL1-20240531-2152,2024-05-31 22:01:06,-14.0,4.0,4.86,0.08,56.592,4.792,-8.0
AL1-20240531-2152,2024-05-31 22:01:10,-10.0,4.0,5.024,0.091,48.233,4.932,-8.0
AL1-20240531-2152,2024-05-31 22:01:14,-6.0,4.0,4.918,0.083,54.474,4.846,-8.0
AL1-20240531-2152,2024-05-31 22:01:18,-2.0,4.0,5.039,0.083,57.838,4.957,-8.0
AL1-20240531-2152,2024-05-31 22:01:22,2.0,4.0,4.887,0.078,59.561,4.823,-8.0
AL1-20240531-2152,2024-05-31 22:01:26,6.0,4.0,4.573,0.067,69.069,4.525,-8.0
AL1-20240531-2152,2024-05-31 22:01:30,10.0,4.0,4.388,0.059,80.877,4.354,-8.0
AL1-20240531-2152,2024-05-31 22:01:34,14.0,4.0,4.332,0.06,76.334,4.295,-8.0
AL1-20240531-2152,2024-05-31 22:01:38,18.0,4.0,4.307,0.067,61.923,4.264,-8.0
AL1-20240531-2152,2024-05-31 22:01:42,22.0,4.0,4.682,0.088,44.379,4.595,-8.0
AL1-20240531-2152,2024-05-31 22:01:46,26.0,4.0,5.545,0.112,40.938,5.405,-8.0
AL1-20240531-2152,2024-05-31 22:01:50,30.0,4.0,5.836,0.136,32.657,5.619,-8.0
AL1-20240531-2152,2024-05-31 22:01:54,34.0,4.0,6.661,0.205,22.664,6.138,-8.0
AL1-20240531-2152,2024-05-31 22:01:58,38.0,4.0,7.941,0.331,15.019,6.86,-8.0
AL1-20240531-2152,2024-05-31 22:02:02,42.0,4.0,8.224,0.372,12.208,7.228,-8.0
AL1-20240531-2152,2024-05-31 22:02:06,46.0,4.0,8.509,0.435,10.188,7.354,-8.0
AL1-20240531-2152,2024-05-31 22:02:10,50.0,4.0,7.974,0.397,10.236,6.925,-8.0
AL1-20240531-2152,2024-05-31 22:02:14,54.0,4.0,8.898,0.499,8.933,7.51,-8.0
AL1-20240531-2152,2024-05-31 22:02:18,58.0,4.0,9.795,0.668,6.965,7.606,-8.0
AL1-20240531-2152,2024-05-31 22:02:22,62.0,4.0,9.691,0.68,5.734,7.775,-8.0
AL1-20240531-2152,2024-05-31 22:02:26,66.0,4.0,7.953,0.536,6.086,6.401,-8.0
AL1-20240531-2152,2024-05-31 22:02:30,70.0,4.0,9.736,0.903,4.649,7.026,-8.0
AL1-20240531-2152,2024-05-31 22:02:35,75.0,6.0,10.788,0.857,3.868,7.482,-8.0
AL1-20240601-0440,2024-06-01 04:43:59,139.0,54.0,0.655,0.268,0.114,0.594,-0.05
AL1-20240601-0840,2024-06-01 08:44:39,-41.0,6.0,7.333,0.426,4.949,6.739,-5.21
AL1-20240601-0840,2024-06-01 08:44:44,-36.0,4.0,7.136,0.421,6.52,6.702,-5.21
AL1-20240601-0840,2024-06-01 08:44:48,-32.0,4.0,8.842,0.621,6.251,7.914,-5.21
AL1-20240601-0840,2024-06-01 08:44:52,-28.0,4.0,8.609,0.51,7.468,8.007,-5.21
AL1-20240601-0840,2024-06-01 08:44:56,-24.0,4.0,8.937,0.565,6.484,8.34,-5.21
AL1-20240601-0840,2024-06-01 08:45:00,-20.0,4.0,8.139,0.484,7.58,7.51,-5.21
AL1-20240601-0840,2024-06-01 08:45:04,-16.0,4.0,8.42,0.408,9.658,8.061,-5.21
AL1-20240601-0840,2024-06-01 08:45:08,-12.0,4.0,8.172,0.417,9.801,7.64,-5.21
AL1-20240601-0840,2024-06-01 08:45:12,-8.0,4.0,8.217,0.386,11.268,7.745,-5.21
AL1-20240601-0840,2024-06-01 08:45:16,-4.0,4.0,8.144,0.328,14.749,7.747,-5.21
AL1-20240601-0840,2024-06-01 08:45:20,0.0,4.0,6.341,0.194,20.45,6.153,-5.21
AL1-20240601-0840,2024-06-01 08:45:24,4.0,4.0,5.885,0.149,28.038,5.753,-5.21
AL1-20240601-0840,2024-06-01 08:45:28,8.0,4.0,5.398,0.112,38.235,5.317,-5.21
AL1-20240601-0840,2024-06-01 08:45:32,12.0,4.0,4.469,0.072,58.854,4.434,-5.21
AL1-20240601-0840,2024-06-01 08:45:36,16.0,4.0,4.755,0.087,46.375,4.704,-5.21
AL1-20240601-0840,2024-06-01 08:45:40,20.0,4.0,5.098,0.099,42.934,5.032,-5.21
AL1-20240601-0840,2024-06-01 08:45:44,24.0,4.0,5.558,0.129,33.231,5.428,-5.21
AL1-20240601-0840,2024-06-01 08:45:48,28.0,4.0,6.381,0.182,25.692,6.133,-5.21
AL1-20240601-0840,2024-06-01 08:45:52,32.0,4.0,5.763,0.157,25.429,5.588,-5.21
AL1-20240601-0840,2024-06-01 08:45:56,36.0,4.0,6.428,0.195,22.885,6.174,-5.21
AL1-20240601-0840,2024-06-01 08:46:00,40.0,4.0,7.072,0.236,20.087,6.767,-5.21
AL1-20240601-0840,2024-06-01 08:46:04,44.0,4.0,9.048,0.368,15.063,8.616,-5.21
AL1-20240601-0840,2024-06-01 08:46:08,48.0,4.0,8.699,0.371,13.991,8.231,-5.21
AL1-20240601-0840,2024-06-01 08:46:12,52.0,4.0,9.178,0.418,12.53,8.664,-5.21
AL1-20240601-0840,2024-06-01 08:46:16,56.0,4.0,10.658,0.554,9.749,10.092,-5.21
AL1-20240601-0840,2024-06-01 08:46:20,60.0,4.0,10.683,0.607,8.58,10.016,-5.21
AL1-20240601-0840,2024-06-01 08:46:24,64.0,4.0,10.689,0.637,7.696,10.027,-5.21
AL1-20240601-0840,2024-06-01 08:46:28,68.0,4.0,11.673,0.709,7.544,10.945,-5.21
AL1-20240601-0840,2024-06-01 08:46:53,93.0,6.0,11.506,0.863,4.192,10.084,-5.21
AL1-20240601-1830,2024-06-01 18:30:20,-140.0,80.0,7.302,0.637,0.341,5.832,-1.78
AL1-20240601-1830,2024-06-01 18:31:05,-95.0,10.0,6.124,0.405,2.493,5.763,-1.78
AL1-20240601-1830,2024-06-01 18:31:12,-88.0,4.0,5.677,0.346,5.632,5.515,-1.78
AL1-20240601-1830,2024-06-01 18:31:16,-84.0,4.0,5.767,0.352,5.571,5.614,-1.78
AL1-20240601-1830,2024-06-01 18:31:20,-80.0,4.0,6.832,0.459,5.422,6.589,-1.78
AL1-20240601-1830,2024-06-01 18:31:24,-76.0,4.0,5.728,0.262,9.475,5.608,-1.78
AL1-20240601-1830,2024-06-01 18:31:28,-72.0,4.0,5.448,0.229,10.011,5.373,-1.78
AL1-20240601-1830,2024-06-01 18:31:32,-68.0,4.0,5.322,0.181,14.823,5.263,-1.78
AL1-20240601-1830,2024-06-01 18:31:36,-64.0,4.0,5.449,0.214,11.666,5.369,-1.78
AL1-20240601-1830,2024-06-01 18:31:40,-60.0,4.0,6.766,0.277,12.957,6.627,-1.78
AL1-20240601-1830,2024-06-01 18:31:44,-56.0,4.0,6.011,0.273,9.841,5.886,-1.78
AL1-20240601-1830,2024-06-01 18:31:48,-52.0,4.0,6.855,0.328,9.309,6.714,-1.78
AL1-20240601-1830,2024-06-01 18:31:52,-48.0,4.0,6.2,0.269,10.919,6.076,-1.78
AL1-20240601-1830,2024-06-01 18:31:56,-44.0,4.0,6.07,0.269,9.734,5.965,-1.78
AL1-20240601-1830,2024-06-01 18:32:00,-40.0,4.0,5.938,0.294,8.463,5.8,-1.78
AL1-20240601-1830,2024-06-01 18:32:04,-36.0,4.0,5.777,0.209,13.876,5.703,-1.78
AL1-20240601-1830,2024-06-01 18:32:08,-32.0,4.0,5.387,0.165,18.129,5.335,-1.78
AL1-20240601-1830,2024-06-01 18:32:12,-28.0,4.0,5.699,0.235,11.121,5.603,-1.78
AL1-20240601-1830,2024-06-01 18:32:16,-24.0,4.0,5.544,0.167,19.147,5.487,-1.78
AL1-20240601-1830,2024-06-01 18:32:20,-20.0,4.0,5.338,0.143,22.908,5.3,-1.78
AL1-20240601-1830,2024-06-01 18:32:24,-16.0,4.0,5.637,0.134,29.073,5.601,-1.78
AL1-20240601-1830,2024-06-01 18:32:28,-12.0,4.0,5.146,0.12,29.27,5.115,-1.78
AL1-20240601-1830,2024-06-01 18:32:32,-8.0,4.0,4.582,0.093,37.174,4.562,-1.78
AL1-20240601-1830,2024-06-01 18:32:36,-4.0,4.0,4.462,0.088,39.134,4.444,-1.78
AL1-20240601-1830,2024-06-01 18:32:40,0.0,4.0,4.46,0.081,45.258,4.446,-1.78
AL1-20240601-1830,2024-06-01 18:32:44,4.0,4.0,4.204,0.072,50.903,4.193,-1.78
AL1-20240601-1830,2024-06-01 18:32:48,8.0,4.0,4.161,0.079,41.44,4.147,-1.78
AL1-20240601-1830,2024-06-01 18:32:52,12.0,4.0,4.855,0.109,31.35,4.825,-1.78
AL1-20240601-1830,2024-06-01 18:32:56,16.0,4.0,4.929,0.114,29.316,4.902,-1.78
AL1-20240601-1830,2024-06-01 18:33:00,20.0,4.0,5.085,0.106,36.366,5.061,-1.78
AL1-20240601-1830,2024-06-01 18:33:04,24.0,4.0,4.992,0.118,28.345,4.963,-1.78
AL1-20240601-1830,2024-06-01 18:33:08,28.0,4.0,5.355,0.147,22.333,5.307,-1.78
AL1-20240601-1830,2024-06-01 18:33:12,32.0,4.0,5.208,0.17,16.271,5.147,-1.78
AL1-20240601-1830,2024-06-01 18:33:16,36.0,4.0,5.749,0.197,15.503,5.672,-1.78
AL1-20240601-1830,2024-06-01 18:33:20,40.0,4.0,5.316,0.162,18.936,5.254,-1.78
AL1-20240601-1830,2024-06-01 18:33:24,44.0,4.0,4.94,0.131,22.76,4.907,-1.78
AL1-20240601-1830,2024-06-01 18:33:28,48.0,4.0,5.037,0.14,21.373,4.995,-1.78
AL1-20240601-1830,2024-06-01 18:33:32,52.0,4.0,5.373,0.177,16.533,5.303,-1.78
AL1-20240601-1830,2024-06-01 18:33:36,56.0,4.0,5.57,0.213,12.264,5.492,-1.78
AL1-20240601-1830,2024-06-01 18:33:40,60.0,4.0,5.999,0.244,12.163,5.883,-1.78
AL1-20240601-1830,2024-06-01 18:33:44,64.0,4.0,6.557,0.273,11.929,6.436,-1.78
AL1-20240601-1830,2024-06-01 18:33:48,68.0,4.0,6.251,0.239,13.249,6.154,-1.78
AL1-20240601-1830,2024-06-01 18:33:52,72.0,4.0,6.314,0.242,13.712,6.205,-1.78
AL1-20240601-1830,2024-06-01 18:33:56,76.0,4.0,7.21,0.341,10.289,7.037,-1.78
AL1-20240601-1830,2024-06-01 18:34:00,80.0,4.0,7.103,0.337,10.066,6.942,-1.78
AL1-20240601-1830,2024-06-01 18:34:04,84.0,4.0,7.5,0.368,9.292,7.345,-1.78
AL1-20240601-1830,2024-06-01 18:34:08,88.0,4.0,8.581,0.535,7.147,8.288,-1.78
AL1-20240601-1830,2024-06-01 18:34:12,92.0,4.0,9.418,0.655,5.936,9.097,-1.78
AL1-20240601-1830,2024-06-01 18:34:16,96.0,4.0,8.674,0.588,6.079,8.367,-1.78
AL1-20240601-1830,2024-06-01 18:34:20,100.0,4.0,8.221,0.519,6.691,7.947,-1.78
AL1-20240601-1830,2024-06-01 18:34:24,104.0,4.0,7.023,0.401,6.716,6.853,-1.78
AL1-20240601-1830,2024-06-01 18:34:28,108.0,4.0,8.213,0.551,5.975,7.918,-1.78
AL1-20240601-1830,2024-06-01 18:34:32,112.0,4.0,8.341,0.65,5.048,7.936,-1.78
AL1-20240601-1830,2024-06-01 18:34:36,116.0,4.0,9.109,0.642,5.089,8.856,-1.78
AL1-20240601-1830,2024-06-01 18:34:41,121.0,6.0,8.459,0.59,4.068,8.067,-1.78
AL1-20240601-1830,2024-06-01 18:34:47,127.0,6.0,9.615,0.706,3.736,9.188,-1.78
AL1-20240601-1830,2024-06-01 18:34:54,134.0,8.0,8.272,0.646,2.76,7.727,-1.78
AL1-20240601-1830,2024-06-01 18:35:02,142.0,8.0,10.48,0.836,2.605,9.899,-1.78
AL1-20240601-1830,2024-06-01 18:35:08,148.0,4.0,9.079,0.69,5.22,10.025,24.72
AL1-20240601-1830,2024-06-01 18:35:12,152.0,4.0,7.293,0.426,8.252,9.407,57.97
AL1-20240601-1830,2024-06-01 18:35:16,156.0,4.0,6.783,0.42,6.693,8.033,43.97
AL1-20240601-1830,2024-06-01 18:35:20,160.0,4.0,9.609,0.763,5.337,9.795,29.72
AL1-20240601-1830,2024-06-01 18:35:24,164.0,4.0,7.878,0.607,4.973,9.228,34.22
AL1-20240601-1830,2024-06-01 18:35:28,168.0,4.0,7.425,0.573,4.917,9.832,37.47
AL1-20240601-1830,2024-06-01 18:35:33,173.0,6.0,10.454,0.863,3.86,10.905,26.22
AL1-20240601-1917,2024-06-01 19:20:21,-159.0,42.0,3.207,0.514,0.325,2.005,0.42
AL1-20240601-1917,2024-06-01 19:21:01,-119.0,38.0,2.72,0.423,0.327,1.704,1.75
AL1-20240601-1917,2024-06-01 19:21:34,-86.0,28.0,3.467,0.575,0.448,1.805,1.37
AL1-20240601-1917,2024-06-01 19:22:18,-42.0,16.0,6.135,0.894,1.03,3.195,5.45
AL1-20240601-1917,2024-06-01 19:22:50,-10.0,12.0,7.235,0.948,1.53,4.526,8.51
AL1-20240601-1917,2024-06-01 19:23:02,2.0,12.0,7.802,0.776,1.909,3.954,10.51
AL1-20240601-1917,2024-06-01 19:23:14,14.0,12.0,7.2,0.74,1.726,5.351,8.51
AL1-20240601-1917,2024-06-01 19:23:25,25.0,10.0,5.917,0.576,2.015,4.497,12.21
AL1-20240601-1917,2024-06-01 19:23:36,36.0,12.0,6.252,0.792,1.532,4.769,7.93
AL1-20240601-1917,2024-06-01 19:24:06,66.0,16.0,7.094,0.968,1.116,3.776,5.39
AL1-20240601-1917,2024-06-01 19:24:33,93.0,10.0,5.448,0.484,2.075,5.31,13.92
AL1-20240601-1917,2024-06-01 19:24:45,105.0,14.0,6.75,0.732,1.385,4.009,5.66
AL1-20240601-1917,2024-06-01 19:24:58,118.0,12.0,4.457,0.451,1.469,3.637,11.02
AL1-20240601-1917,2024-06-01 19:25:10,130.0,12.0,7.01,0.823,1.68,4.209,7.43
AL1-20240601-2020,2024-06-01 20:24:12,-148.0,64.0,0.867,0.207,0.119,,
AL1-20240601-2020,2024-06-01 20:25:07,-93.0,46.0,0.994,0.209,0.163,,
AL1-20240601-2020,2024-06-01 20:26:02,-38.0,64.0,0.76,0.224,0.102,,
AL1-20240601-2020,2024-06-01 20:27:02,22.0,56.0,1.152,0.213,0.145,,
AL1-20240601-2020,2024-06-01 20:27:47,67.0,34.0,0.638,0.177,0.234,,
AL1-20240601-2020,2024-06-01 20:28:18,98.0,28.0,0.538,0.202,0.209,,
AL1-20240603-1147,2024-06-03 11:49:44,-156.0,48.0,0.53,0.188,0.139,,
AL1-20240603-1147,2024-06-03 11:50:22,-118.0,28.0,0.603,0.193,0.223,,
AL1-20240603-1147,2024-06-03 11:50:47,-93.0,22.0,0.772,0.189,0.299,,
AL1-20240603-1147,2024-06-03 11:51:10,-70.0,24.0,1.294,0.185,0.373,1.448,8.12
AL1-20240603-1147,2024-06-03 11:51:29,-51.0,14.0,2.449,0.179,1.128,2.387,13.5
AL1-20240603-1147,2024-06-03 11:51:40,-40.0,8.0,3.301,0.219,1.997,3.631,20.0
AL1-20240603-1147,2024-06-03 11:51:46,-34.0,4.0,4.209,0.224,5.715,4.517,48.0
AL1-20240603-1147,2024-06-03 11:51:50,-30.0,4.0,4.121,0.189,7.298,4.17,68.5
AL1-20240603-1147,2024-06-03 11:51:54,-26.0,4.0,4.531,0.148,14.136,4.852,115.75
AL1-20240603-1147,2024-06-03 11:51:58,-22.0,4.0,3.99,0.103,22.349,4.275,196.75
AL1-20240603-1147,2024-06-03 11:52:02,-18.0,4.0,3.732,0.101,20.605,3.862,182.25
AL1-20240603-1147,2024-06-03 11:52:06,-14.0,4.0,3.747,0.128,12.951,3.839,119.25
AL1-20240603-1147,2024-06-03 11:52:10,-10.0,4.0,3.829,0.147,10.312,3.793,85.25
AL1-20240603-1147,2024-06-03 11:52:14,-6.0,4.0,3.742,0.169,7.6,3.81,69.0
AL1-20240603-1147,2024-06-03 11:52:18,-2.0,4.0,3.607,0.141,10.069,3.696,92.5
AL1-20240603-1147,2024-06-03 11:52:22,2.0,4.0,2.907,0.06,39.023,2.908,431.0
AL1-20240603-1147,2024-06-03 11:52:26,6.0,4.0,2.498,0.026,167.128,2.535,2107.25
AL1-20240603-1147,2024-06-03 11:52:30,10.0,4.0,2.405,0.023,211.943,2.417,2648.25
AL1-20240603-1147,2024-06-03 11:52:34,14.0,4.0,2.437,0.044,58.618,2.508,676.0
AL1-20240603-1147,2024-06-03 11:52:38,18.0,4.0,2.811,0.1,13.335,3.11,141.75
AL1-20240603-1147,2024-06-03 11:52:42,22.0,4.0,2.302,0.155,4.43,2.326,52.75
AL1-20240603-1147,2024-06-03 11:52:47,27.0,6.0,2.139,0.195,1.799,2.291,23.83
AL1-20240603-1147,2024-06-03 11:52:56,36.0,12.0,1.508,0.181,0.798,1.582,14.5
AL1-20240603-1147,2024-06-03 11:53:07,47.0,10.0,2.428,0.192,1.326,2.989,18.7
AL1-20240603-1147,2024-06-03 11:53:16,56.0,8.0,3.445,0.22,2.18,3.836,22.0
AL1-20240603-1147,2024-06-03 11:53:24,64.0,8.0,3.419,0.235,1.881,3.274,19.62
AL1-20240603-1147,2024-06-03 11:53:32,72.0,8.0,3.229,0.237,1.674,3.42,19.62
AL1-20240603-1147,2024-06-03 11:53:42,82.0,12.0,2.814,0.225,1.067,4.216,13.16
AL1-20240603-1147,2024-06-03 11:53:55,95.0,14.0,2.304,0.205,0.85,2.845,12.35
AL1-20240603-1147,2024-06-03 11:54:10,110.0,16.0,2.272,0.22,0.652,2.618,9.06
AL1-20240603-1147,2024-06-03 11:54:25,125.0,14.0,2.646,0.208,0.955,2.721,11.43
AL1-20240603-1147,2024-06-03 11:54:38,138.0,12.0,2.927,0.21,1.239,3.539,14.25
AL1-20240603-1147,2024-06-03 11:54:51,151.0,14.0,2.509,0.207,0.918,3.504,12.93
AL1-20240603-1147,2024-06-03 11:55:03,163.0,10.0,3.116,0.234,1.326,3.729,15.2
AL1-20240603-1147,2024-06-03 11:55:13,173.0,10.0,2.977,0.211,1.501,3.601,16.9
AL1-20240603-2205,2024-06-03 22:05:20,-140.0,80.0,0.856,0.221,0.09,,
AL1-20240603-2205,2024-06-03 22:06:13,-87.0,26.0,2.301,0.192,0.555,,
AL1-20240603-2205,2024-06-03 22:06:45,-55.0,38.0,2.177,0.215,0.325,,
AL1-20240603-2205,2024-06-03 22:07:24,-16.0,40.0,2.063,0.207,0.317,,
AL1-20240603-2205,2024-06-03 22:08:00,20.0,32.0,1.93,0.212,0.324,,
AL1-20240603-2205,2024-06-03 22:08:40,60.0,48.0,1.28,0.203,0.182,,
AL1-20240603-2205,2024-06-03 22:09:28,108.0,48.0,1.07,0.213,0.155,,
AL1-20240605-1035,2024-06-05 10:39:12,-148.0,64.0,0.651,0.216,0.103,,
AL1-20240605-1035,2024-06-05 10:40:16,-84.0,64.0,1.257,0.218,0.131,,
AL1-20240605-1035,2024-06-05 10:41:12,-28.0,48.0,1.299,0.219,0.167,,
AL1-20240605-1035,2024-06-05 10:42:04,24.0,56.0,1.458,0.219,0.161,,
AL1-20240605-1035,2024-06-05 10:43:23,103.0,38.0,0.72,0.183,0.205,0.581,7.03
AL1-20240605-1035,2024-06-05 10:43:57,137.0,30.0,0.664,0.19,0.226,0.716,8.33
AL1-20240606-1451,2024-06-06 14:57:55,-165.0,30.0,6.396,0.644,0.746,7.465,5.0
AL1-20240606-1451,2024-06-06 14:58:22,-138.0,24.0,6.928,0.635,0.931,6.756,5.06
AL1-20240606-1451,2024-06-06 14:58:40,-120.0,12.0,5.939,0.578,1.702,7.0,11.85
AL1-20240606-1451,2024-06-06 14:58:50,-110.0,8.0,5.608,0.431,2.565,5.823,16.52
AL1-20240606-1451,2024-06-06 14:58:58,-102.0,8.0,5.921,0.439,2.976,6.056,21.39
AL1-20240606-1451,2024-06-06 14:59:06,-94.0,8.0,5.498,0.458,2.505,5.633,18.52
AL1-20240606-1451,2024-06-06 14:59:13,-87.0,6.0,6.231,0.491,3.314,6.085,22.27
AL1-20240606-1451,2024-06-06 14:59:20,-80.0,8.0,5.982,0.401,2.937,5.668,17.64
AL1-20240606-1451,2024-06-06 14:59:28,-72.0,8.0,6.423,0.474,3.067,7.257,21.77
AL1-20240606-1451,2024-06-06 14:59:35,-65.0,6.0,6.565,0.523,3.373,6.504,20.43
AL1-20240606-1451,2024-06-06 14:59:40,-60.0,4.0,5.455,0.282,7.47,6.334,52.27
AL1-20240606-1451,2024-06-06 14:59:44,-56.0,4.0,4.422,0.153,14.568,4.448,116.02
AL1-20240606-1451,2024-06-06 14:59:48,-52.0,4.0,3.986,0.094,28.635,3.9,235.27
AL1-20240606-1451,2024-06-06 14:59:52,-48.0,4.0,4.717,0.121,24.549,4.84,187.52
AL1-20240606-1451,2024-06-06 14:59:56,-44.0,4.0,5.773,0.245,11.744,6.655,82.52
AL1-20240606-1451,2024-06-06 15:00:00,-40.0,4.0,6.223,0.312,9.11,6.13,58.52
AL1-20240606-1451,2024-06-06 15:00:04,-36.0,4.0,6.381,0.326,8.327,6.612,55.77
AL1-20240606-1451,2024-06-06 15:00:08,-32.0,4.0,6.648,0.348,8.597,6.486,49.27
AL1-20240606-1451,2024-06-06 15:00:12,-28.0,4.0,7.218,0.442,7.535,7.964,50.02
AL1-20240606-1451,2024-06-06 15:00:16,-24.0,4.0,6.279,0.356,7.923,6.331,55.77
AL1-20240606-1451,2024-06-06 15:00:20,-20.0,4.0,6.084,0.277,10.709,5.9,67.77
AL1-20240606-1451,2024-06-06 15:00:24,-16.0,4.0,6.098,0.27,10.744,6.002,70.27
AL1-20240606-1451,2024-06-06 15:00:28,-12.0,4.0,6.877,0.284,13.394,6.969,86.77
AL1-20240606-1451,2024-06-06 15:00:32,-8.0,4.0,6.497,0.241,15.404,6.406,96.77
AL1-20240606-1451,2024-06-06 15:00:36,-4.0,4.0,6.305,0.237,15.545,6.137,100.02
AL1-20240606-1451,2024-06-06 15:00:40,0.0,4.0,5.675,0.175,20.138,6.112,134.77
AL1-20240606-1451,2024-06-06 15:00:44,4.0,4.0,5.132,0.142,23.0,5.244,160.02
AL1-20240606-1451,2024-06-06 15:00:48,8.0,4.0,4.873,0.108,32.952,5.051,235.52
AL1-20240606-1451,2024-06-06 15:00:52,12.0,4.0,5.139,0.123,29.049,5.413,216.77
AL1-20240606-1451,2024-06-06 15:00:56,16.0,4.0,5.057,0.145,21.745,5.345,153.52
AL1-20240606-1451,2024-06-06 15:01:00,20.0,4.0,5.108,0.145,22.433,4.964,157.77
AL1-20240606-1451,2024-06-06 15:01:04,24.0,4.0,4.693,0.146,18.929,4.796,142.27
AL1-20240606-1451,2024-06-06 15:01:08,28.0,4.0,5.237,0.18,16.715,5.647,116.02
AL1-20240606-1451,2024-06-06 15:01:12,32.0,4.0,5.223,0.186,15.659,5.257,109.27
AL1-20240606-1451,2024-06-06 15:01:16,36.0,4.0,5.804,0.206,16.593,6.048,106.52
AL1-20240606-1451,2024-06-06 15:01:20,40.0,4.0,5.845,0.242,13.36,5.869,87.27
AL1-20240606-1451,2024-06-06 15:01:24,44.0,4.0,7.198,0.392,9.59,7.659,57.77
AL1-20240606-1451,2024-06-06 15:01:28,48.0,4.0,8.104,0.518,7.76,8.369,48.27
AL1-20240606-1451,2024-06-06 15:01:32,52.0,4.0,9.263,0.725,5.635,8.94,33.02
AL1-20240606-1451,2024-06-06 15:01:36,56.0,4.0,8.603,0.913,4.798,,
AL1-20240606-1451,2024-06-06 15:01:41,61.0,6.0,8.354,0.773,3.571,7.788,21.93
AL1-20240606-1451,2024-06-06 15:01:47,67.0,6.0,9.775,0.803,3.679,10.239,21.77
AL1-20240606-1451,2024-06-06 15:01:54,74.0,8.0,10.732,0.913,2.716,,
AL1-20240606-1451,2024-06-06 15:02:02,82.0,8.0,9.367,0.872,2.561,11.757,17.52
AL1-20240608-0046,2024-06-08 00:49:26,-34.0,8.0,7.392,0.489,3.928,7.754,22.95
AL1-20240608-0046,2024-06-08 00:49:33,-27.0,6.0,7.038,0.481,4.682,7.46,26.36
AL1-20240608-0046,2024-06-08 00:49:40,-20.0,8.0,7.932,0.743,2.73,9.35,18.7
AL1-20240608-0046,2024-06-08 00:49:48,-12.0,8.0,5.984,0.588,2.542,5.639,15.7
AL1-20240608-0046,2024-06-08 00:49:55,-5.0,6.0,5.461,0.299,5.327,5.539,40.03
AL1-20240608-0046,2024-06-08 00:50:00,0.0,4.0,4.642,0.163,14.489,4.917,115.7
AL1-20240608-0046,2024-06-08 00:50:04,4.0,4.0,4.717,0.242,7.85,4.812,57.45
AL1-20240608-0046,2024-06-08 00:50:08,8.0,4.0,5.051,0.246,9.02,5.014,67.94
AL1-20240608-0046,2024-06-08 00:50:12,12.0,4.0,6.115,0.519,4.835,5.709,32.95
AL1-20240608-0046,2024-06-08 00:50:17,17.0,6.0,6.32,0.53,3.568,6.013,21.36
AL1-20240608-0046,2024-06-08 00:50:22,22.0,4.0,5.746,0.422,5.1,5.474,31.45
AL1-20240608-0046,2024-06-08 00:50:27,27.0,6.0,5.93,0.405,3.949,6.522,22.86
AL1-20240608-0046,2024-06-08 00:50:36,36.0,12.0,6.91,0.768,1.61,6.933,11.95
AL1-20240608-0155,2024-06-08 01:54:59,-141.0,78.0,2.587,0.509,0.265,3.408,3.85
AL1-20240608-0155,2024-06-08 01:55:40,-100.0,4.0,2.8,0.248,3.989,3.032,44.35
AL1-20240608-0155,2024-06-08 01:55:44,-96.0,4.0,2.914,0.24,4.276,3.234,46.1
AL1-20240608-0155,2024-06-08 01:55:48,-92.0,4.0,2.871,0.237,4.55,3.352,45.85
AL1-20240608-0155,2024-06-08 01:55:52,-88.0,4.0,3.003,0.187,6.658,3.21,66.1
AL1-20240608-0155,2024-06-08 01:55:56,-84.0,4.0,2.915,0.166,7.484,2.761,75.35
AL1-20240608-0155,2024-06-08 01:56:00,-80.0,4.0,3.132,0.199,6.326,3.364,69.1
AL1-20240608-0155,2024-06-08 01:56:04,-76.0,4.0,3.17,0.164,8.379,3.347,78.1
AL1-20240608-0155,2024-06-08 01:56:08,-72.0,4.0,3.222,0.179,7.691,3.593,79.35
AL1-20240608-0155,2024-06-08 01:56:12,-68.0,4.0,2.897,0.169,7.119,3.226,76.6
AL1-20240608-0155,2024-06-08 01:56:16,-64.0,4.0,2.99,0.172,7.408,3.24,75.85
AL1-20240608-0155,2024-06-08 01:56:20,-60.0,4.0,2.626,0.157,7.068,2.708,86.35
AL1-20240608-0155,2024-06-08 01:56:24,-56.0,4.0,2.9,0.16,7.832,2.855,77.1
AL1-20240608-0155,2024-06-08 01:56:28,-52.0,4.0,2.878,0.165,7.406,2.83,82.85
AL1-20240608-0155,2024-06-08 01:56:32,-48.0,4.0,2.584,0.15,7.634,2.427,88.85
AL1-20240608-0155,2024-06-08 01:56:36,-44.0,4.0,2.945,0.168,7.512,2.801,78.35
AL1-20240608-0155,2024-06-08 01:56:40,-40.0,4.0,2.967,0.151,8.747,3.037,94.35
AL1-20240608-0155,2024-06-08 01:56:44,-36.0,4.0,2.936,0.183,6.505,3.249,70.85
AL1-20240608-0155,2024-06-08 01:56:48,-32.0,4.0,3.067,0.189,6.757,2.978,66.6
AL1-20240608-0155,2024-06-08 01:56:52,-28.0,4.0,2.566,0.177,5.823,2.616,69.1
AL1-20240608-0155,2024-06-08 01:56:56,-24.0,4.0,3.108,0.184,7.118,3.038,73.85
AL1-20240608-0155,2024-06-08 01:57:00,-20.0,4.0,2.804,0.189,5.877,2.543,65.35
AL1-20240608-0155,2024-06-08 01:57:04,-16.0,4.0,3.003,0.186,6.694,3.152,78.85
AL1-20240608-0155,2024-06-08 01:57:08,-12.0,4.0,2.784,0.156,7.894,2.75,97.35
AL1-20240608-0155,2024-06-08 01:57:12,-8.0,4.0,3.094,0.189,6.738,3.238,68.35
AL1-20240608-0155,2024-06-08 01:57:16,-4.0,4.0,2.911,0.171,7.194,3.046,81.35
AL1-20240608-0155,2024-06-08 01:57:20,0.0,4.0,2.841,0.16,7.682,3.15,86.1
AL1-20240608-0155,2024-06-08 01:57:24,4.0,4.0,2.876,0.157,7.824,2.955,82.35
AL1-20240608-0155,2024-06-08 01:57:28,8.0,4.0,3.173,0.189,6.761,3.237,61.35
AL1-20240608-0155,2024-06-08 01:57:32,12.0,4.0,3.095,0.177,7.346,3.173,77.35
AL1-20240608-0155,2024-06-08 01:57:36,16.0,4.0,2.864,0.153,8.386,2.868,85.35
AL1-20240608-0155,2024-06-08 01:57:40,20.0,4.0,2.965,0.204,5.678,3.016,55.85
AL1-20240608-0155,2024-06-08 01:57:44,24.0,4.0,2.844,0.164,7.435,2.716,71.85
AL1-20240608-0155,2024-06-08 01:57:48,28.0,4.0,2.838,0.158,7.805,3.089,88.35
AL1-20240608-0155,2024-06-08 01:57:52,32.0,4.0,3.421,0.197,7.52,3.395,62.35
AL1-20240608-0155,2024-06-08 01:57:56,36.0,4.0,3.055,0.19,6.737,3.317,67.1
AL1-20240608-0155,2024-06-08 01:58:00,40.0,4.0,3.13,0.182,7.214,3.02,75.35
AL1-20240608-0155,2024-06-08 01:58:04,44.0,4.0,2.833,0.223,4.653,3.182,53.1
AL1-20240608-0155,2024-06-08 01:58:08,48.0,4.0,2.876,0.175,6.873,2.882,75.85
AL1-20240608-0155,2024-06-08 01:58:12,52.0,4.0,3.089,0.182,7.008,3.219,71.6
AL1-20240608-0155,2024-06-08 01:58:16,56.0,4.0,3.009,0.18,6.909,2.975,73.1
AL1-20240608-0155,2024-06-08 01:58:20,60.0,4.0,3.001,0.238,4.773,3.227,53.35
AL1-20240608-0155,2024-06-08 01:58:24,64.0,4.0,3.166,0.19,6.946,3.161,69.1
AL1-20240608-0155,2024-06-08 01:58:28,68.0,4.0,2.944,0.183,6.602,2.954,73.85
AL1-20240608-0155,2024-06-08 01:58:32,72.0,4.0,2.806,0.235,4.316,2.718,44.6
AL1-20240608-0155,2024-06-08 01:58:36,76.0,4.0,2.618,0.234,4.034,2.839,39.85
AL1-20240608-0155,2024-06-08 01:58:40,80.0,4.0,2.7,0.185,5.763,2.896,68.1
AL1-20240608-0155,2024-06-08 01:58:44,84.0,4.0,2.62,0.251,3.54,3.155,44.1
AL1-20240608-0155,2024-06-08 01:58:48,88.0,4.0,2.91,0.216,4.979,2.955,56.35
AL1-20240608-0155,2024-06-08 01:58:52,92.0,4.0,2.832,0.219,4.853,2.813,54.6
AL1-20240608-0155,2024-06-08 01:58:57,97.0,6.0,3.542,0.304,3.32,3.539,35.19
AL1-20240608-0155,2024-06-08 01:59:03,103.0,6.0,2.876,0.236,3.35,3.037,36.52
AL1-20240608-0155,2024-06-08 01:59:09,109.0,6.0,3.065,0.264,3.157,3.452,34.35
AL1-20240608-0155,2024-06-08 01:59:16,116.0,8.0,2.97,0.273,2.412,2.973,27.73
AL1-20240608-0155,2024-06-08 01:59:23,123.0,6.0,2.732,0.25,2.868,2.881,35.85
AL1-20240608-0155,2024-06-08 01:59:28,128.0,4.0,2.704,0.266,3.486,3.139,36.35
AL1-20240608-0155,2024-06-08 01:59:34,134.0,8.0,2.728,0.301,1.906,2.334,18.6
AL1-20240608-0155,2024-06-08 01:59:41,141.0,6.0,2.624,0.269,2.522,2.877,31.52
AL1-20240608-0155,2024-06-08 01:59:49,149.0,10.0,2.699,0.318,1.513,2.664,18.65
AL1-20240608-0155,2024-06-08 02:00:00,160.0,12.0,2.805,0.331,1.513,2.487,16.19
AL1-20240608-0520,2024-06-08 05:16:04,-176.0,8.0,1.205,0.569,1.057,2.49,24.9
AL1-20240608-0520,2024-06-08 05:16:13,-167.0,10.0,0.888,0.685,0.703,,
AL1-20240608-0520,2024-06-08 05:16:24,-156.0,12.0,1.403,0.619,0.942,0.928,19.65
AL1-20240608-0520,2024-06-08 05:16:46,-134.0,12.0,0.953,0.926,0.616,1.336,12.48
AL1-20240608-0520,2024-06-08 05:16:59,-121.0,14.0,2.946,0.761,1.179,,
AL1-20240608-0520,2024-06-08 05:17:10,-110.0,8.0,1.656,0.668,1.132,,
AL1-20240608-0520,2024-06-08 05:19:08,8.0,12.0,2.791,0.853,1.165,,
AL1-20240608-0520,2024-06-08 05:19:19,19.0,10.0,1.408,0.636,0.927,,
AL1-20240608-0520,2024-06-08 05:19:30,30.0,12.0,1.966,0.637,0.935,1.211,19.98
AL1-20240608-0520,2024-06-08 05:19:40,40.0,8.0,1.561,0.763,0.935,2.396,14.9
AL1-20240608-0520,2024-06-08 05:19:58,58.0,8.0,1.946,0.796,1.142,0.509,17.9
AL1-20240608-0520,2024-06-08 05:20:07,67.0,10.0,1.406,0.751,0.841,,
AL1-20240608-0520,2024-06-08 05:21:08,128.0,12.0,3.075,0.704,1.36,,
AL1-20240608-0520,2024-06-08 05:21:18,138.0,8.0,2.699,0.692,1.868,0.681,29.03
AL1-20240608-0520,2024-06-08 05:21:40,160.0,8.0,1.779,0.641,1.215,,
AL1-20240608-0520,2024-06-08 05:21:49,169.0,10.0,2.318,0.54,1.49,,
AL1-20240608-0520,2024-06-08 05:21:57,177.0,6.0,0.744,0.531,1.108,1.183,26.98
AL1-20240609-0651,2024-06-09 06:56:47,-73.0,10.0,7.519,0.597,2.62,7.339,14.9
AL1-20240609-0651,2024-06-09 06:56:56,-64.0,8.0,6.419,0.426,3.885,6.657,26.83
AL1-20240609-0651,2024-06-09 06:57:04,-56.0,8.0,7.007,0.525,3.164,7.175,19.95
AL1-20240609-0651,2024-06-09 06:57:11,-49.0,6.0,6.593,0.497,3.941,7.36,25.87
AL1-20240609-0651,2024-06-09 06:57:17,-43.0,6.0,6.512,0.601,3.43,7.235,21.2
AL1-20240609-0651,2024-06-09 06:57:24,-36.0,8.0,6.44,0.448,3.788,6.29,23.7
AL1-20240609-0651,2024-06-09 06:57:30,-30.0,4.0,5.748,0.375,6.726,5.297,48.2
AL1-20240609-0651,2024-06-09 06:57:34,-26.0,4.0,6.026,0.371,7.509,6.072,49.2
AL1-20240609-0651,2024-06-09 06:57:38,-22.0,4.0,5.727,0.278,10.235,6.191,71.45
AL1-20240609-0651,2024-06-09 06:57:42,-18.0,4.0,5.173,0.218,12.81,5.335,90.95
AL1-20240609-0651,2024-06-09 06:57:46,-14.0,4.0,5.212,0.191,15.455,5.173,108.7
AL1-20240609-0651,2024-06-09 06:57:50,-10.0,4.0,5.309,0.2,14.739,5.567,103.45
AL1-20240609-0651,2024-06-09 06:57:54,-6.0,4.0,4.83,0.142,21.392,4.769,157.95
AL1-20240609-0651,2024-06-09 06:57:58,-2.0,4.0,4.922,0.148,21.231,5.001,161.45
AL1-20240609-0651,2024-06-09 06:58:02,2.0,4.0,4.606,0.105,32.925,4.715,252.95
AL1-20240609-0651,2024-06-09 06:58:06,6.0,4.0,4.295,0.085,41.211,4.242,330.2
AL1-20240609-0651,2024-06-09 06:58:10,10.0,4.0,4.205,0.083,41.888,4.244,344.95
AL1-20240609-0651,2024-06-09 06:58:14,14.0,4.0,4.137,0.091,34.789,4.128,294.2
AL1-20240609-0651,2024-06-09 06:58:18,18.0,4.0,4.228,0.09,36.128,4.363,289.95
AL1-20240609-0651,2024-06-09 06:58:22,22.0,4.0,4.262,0.1,30.491,4.32,248.45
AL1-20240609-0651,2024-06-09 06:58:26,26.0,4.0,4.066,0.083,38.799,4.082,325.7
AL1-20240609-0651,2024-06-09 06:58:30,30.0,4.0,4.304,0.1,31.232,4.349,246.2
AL1-20240609-0651,2024-06-09 06:58:34,34.0,4.0,4.663,0.138,21.363,4.584,166.2
AL1-20240609-0651,2024-06-09 06:58:38,38.0,4.0,5.823,0.259,11.3,5.687,77.95
AL1-20240609-0651,2024-06-09 06:58:42,42.0,4.0,6.065,0.336,9.899,6.355,64.95
AL1-20240609-0651,2024-06-09 06:58:46,46.0,4.0,6.135,0.479,5.611,5.722,37.2
AL1-20240609-0651,2024-06-09 06:58:51,51.0,6.0,9.055,0.849,3.627,10.363,21.54
AL1-20240610-1104,2024-06-10 11:04:30,-30.0,4.0,4.416,0.266,6.1,4.496,48.33
AL1-20240610-1104,2024-06-10 11:04:34,-26.0,4.0,5.262,0.225,11.531,5.088,74.83
AL1-20240610-1104,2024-06-10 11:04:38,-22.0,4.0,5.179,0.179,15.636,5.419,115.58
AL1-20240610-1104,2024-06-10 11:04:42,-18.0,4.0,5.213,0.158,19.59,5.34,141.83
AL1-20240610-1104,2024-06-10 11:04:46,-14.0,4.0,4.807,0.124,25.264,4.936,189.33
AL1-20240610-1104,2024-06-10 11:04:50,-10.0,4.0,4.588,0.087,43.626,4.615,325.33
AL1-20240610-1104,2024-06-10 11:04:54,-6.0,4.0,4.442,0.064,73.294,4.483,572.33
AL1-20240610-1104,2024-06-10 11:04:58,-2.0,4.0,4.452,0.056,95.851,4.447,746.83
AL1-20240610-1104,2024-06-10 11:05:02,2.0,4.0,4.482,0.054,103.654,4.476,814.08
AL1-20240610-1104,2024-06-10 11:05:06,6.0,4.0,4.525,0.051,118.771,4.581,933.58
AL1-20240610-1104,2024-06-10 11:05:10,10.0,4.0,4.263,0.042,153.014,4.38,1227.58
AL1-20240610-1104,2024-06-10 11:05:14,14.0,4.0,4.822,0.047,156.807,4.855,1158.83
AL1-20240610-1104,2024-06-10 11:05:18,18.0,4.0,5.318,0.055,143.072,5.409,1027.83
AL1-20240610-1104,2024-06-10 11:05:22,22.0,4.0,5.426,0.06,127.5,5.505,888.58
AL1-20240610-1104,2024-06-10 11:05:26,26.0,4.0,5.378,0.064,108.95,5.469,767.33
AL1-20240610-1104,2024-06-10 11:05:30,30.0,4.0,5.649,0.071,103.002,5.774,703.83
AL1-20240610-1104,2024-06-10 11:05:34,34.0,4.0,6.033,0.075,107.791,6.182,711.08
AL1-20240610-1104,2024-06-10 11:05:38,38.0,4.0,6.141,0.077,107.023,6.262,706.33
AL1-20240610-1104,2024-06-10 11:05:42,42.0,4.0,6.57,0.084,104.218,6.595,665.33
AL1-20240610-1104,2024-06-10 11:05:46,46.0,4.0,6.505,0.087,96.416,6.699,621.08
AL1-20240610-1104,2024-06-10 11:05:50,50.0,4.0,7.277,0.116,76.862,7.476,463.58
AL1-20240610-1104,2024-06-10 11:05:54,54.0,4.0,8.181,0.154,57.741,8.472,340.58
AL1-20240610-1104,2024-06-10 11:05:58,58.0,4.0,8.595,0.175,51.068,8.772,295.08
AL1-20240610-1104,2024-06-10 11:06:02,62.0,4.0,8.977,0.202,43.273,9.092,246.58
AL1-20240610-1104,2024-06-10 11:06:06,66.0,4.0,9.785,0.248,35.427,10.537,208.83
AL1-20240610-1104,2024-06-10 11:06:10,70.0,4.0,9.878,0.26,35.073,10.248,200.58
AL1-20240610-1104,2024-06-10 11:06:14,74.0,4.0,10.517,0.302,29.463,10.901,178.08
AL1-20240610-1104,2024-06-10 11:06:18,78.0,4.0,10.378,0.307,27.587,10.618,144.83
AL1-20240610-1104,2024-06-10 11:06:22,82.0,4.0,9.97,0.317,23.674,10.578,129.83
AL1-20240610-1104,2024-06-10 11:06:26,86.0,4.0,11.441,0.41,20.389,11.403,115.33
AL1-20240610-1104,2024-06-10 11:06:30,90.0,4.0,10.997,0.381,20.523,10.87,122.08
AL1-20240610-1104,2024-06-10 11:06:34,94.0,4.0,10.311,0.368,21.005,10.368,122.58
AL1-20240610-1104,2024-06-10 11:06:38,98.0,4.0,11.036,0.412,17.808,11.322,101.08
AL1-20240610-1104,2024-06-10 11:06:42,102.0,4.0,10.949,0.465,14.889,11.788,85.33
AL1-20240610-1104,2024-06-10 11:06:54,114.0,4.0,11.852,0.665,8.934,,
AL1-20240610-1104,2024-06-10 11:06:58,118.0,4.0,10.889,0.62,8.562,11.355,49.33
AL1-20240610-1104,2024-06-10 11:07:02,122.0,4.0,11.521,0.667,9.652,11.752,59.08
AL1-20240610-1104,2024-06-10 11:07:26,146.0,4.0,11.119,0.832,6.236,11.103,37.58
AL1-20240610-1104,2024-06-10 11:07:30,150.0,4.0,10.133,0.631,8.651,9.752,48.33
AL1-20240610-1104,2024-06-10 11:07:34,154.0,4.0,10.606,0.692,7.367,11.645,42.08
AL1-20240610-1804,2024-06-10 18:21:22,-38.0,8.0,5.625,0.475,2.399,5.807,15.31
AL1-20240610-1804,2024-06-10 18:21:28,-32.0,4.0,4.579,0.358,4.393,4.699,33.18
AL1-20240610-1804,2024-06-10 18:21:33,-27.0,6.0,5.945,0.34,5.489,5.635,36.27
AL1-20240610-1804,2024-06-10 18:21:38,-22.0,4.0,5.717,0.405,5.833,5.805,35.43
AL1-20240610-1804,2024-06-10 18:21:42,-18.0,4.0,6.428,0.37,7.092,6.177,40.43
AL1-20240610-1804,2024-06-10 18:21:46,-14.0,4.0,6.259,0.385,7.322,6.53,44.43
AL1-20240610-1804,2024-06-10 18:21:50,-10.0,4.0,5.888,0.338,7.472,5.821,52.18
AL1-20240610-1804,2024-06-10 18:21:54,-6.0,4.0,5.696,0.276,9.189,6.219,57.43
AL1-20240610-1804,2024-06-10 18:21:58,-2.0,4.0,5.18,0.254,9.088,4.857,65.18
AL1-20240610-1804,2024-06-10 18:22:02,2.0,4.0,5.436,0.246,10.404,5.627,70.93
AL1-20240610-1804,2024-06-10 18:22:06,6.0,4.0,5.744,0.268,10.637,5.553,66.93
AL1-20240610-1804,2024-06-10 18:22:10,10.0,4.0,5.214,0.215,11.749,5.169,82.18
AL1-20240610-1804,2024-06-10 18:22:14,14.0,4.0,5.808,0.261,11.219,6.416,70.43
AL1-20240610-1804,2024-06-10 18:22:18,18.0,4.0,5.58,0.286,9.019,6.03,55.68
AL1-20240610-1804,2024-06-10 18:22:22,22.0,4.0,5.242,0.274,8.535,5.47,59.93
AL1-20240610-1804,2024-06-10 18:22:26,26.0,4.0,5.734,0.325,6.921,6.482,44.18
AL1-20240610-1804,2024-06-10 18:22:30,30.0,4.0,5.814,0.315,8.4,6.085,49.68
AL1-20240610-1804,2024-06-10 18:22:34,34.0,4.0,5.71,0.329,7.794,5.975,54.93
AL1-20240610-1804,2024-06-10 18:22:38,38.0,4.0,5.553,0.267,9.422,5.779,65.68
AL1-20240610-1804,2024-06-10 18:22:42,42.0,4.0,5.564,0.253,10.615,5.679,69.93
AL1-20240610-1804,2024-06-10 18:22:46,46.0,4.0,5.84,0.262,11.068,6.138,71.68
AL1-20240610-1804,2024-06-10 18:22:50,50.0,4.0,5.935,0.312,8.757,5.964,62.43
AL1-20240610-1804,2024-06-10 18:22:54,54.0,4.0,5.733,0.311,8.675,6.53,56.93
AL1-20240610-1804,2024-06-10 18:22:58,58.0,4.0,6.313,0.344,8.63,6.528,52.68
AL1-20240610-1804,2024-06-10 18:23:02,62.0,4.0,6.706,0.371,8.655,6.628,56.18
AL1-20240610-1804,2024-06-10 18:23:06,66.0,4.0,5.413,0.318,7.2,5.962,51.68
AL1-20240610-1804,2024-06-10 18:23:10,70.0,4.0,5.653,0.332,7.271,5.366,57.93
AL1-20240610-1804,2024-06-10 18:23:14,74.0,4.0,5.434,0.305,7.607,5.794,49.93
AL1-20240610-1804,2024-06-10 18:23:18,78.0,4.0,5.646,0.296,8.782,5.81,60.43
AL1-20240610-1804,2024-06-10 18:23:22,82.0,4.0,5.816,0.306,8.433,6.355,56.68
AL1-20240610-1804,2024-06-10 18:23:26,86.0,4.0,6.117,0.311,9.237,6.334,59.68
AL1-20240610-1804,2024-06-10 18:23:30,90.0,4.0,5.207,0.285,7.779,5.418,56.43
AL1-20240610-1804,2024-06-10 18:23:34,94.0,4.0,6.453,0.368,7.711,6.339,47.68
AL1-20240610-1804,2024-06-10 18:23:38,98.0,4.0,6.8,0.425,7.205,6.247,46.68
AL1-20240610-1804,2024-06-10 18:23:42,102.0,4.0,5.848,0.326,8.052,6.429,53.18
AL1-20240610-1804,2024-06-10 18:23:46,106.0,4.0,6.175,0.405,6.624,5.634,35.93
AL1-20240610-1804,2024-06-10 18:23:50,110.0,4.0,6.21,0.37,7.061,6.498,48.93
AL1-20240610-1804,2024-06-10 18:23:54,114.0,4.0,6.126,0.418,6.081,6.044,43.18
AL1-20240610-1804,2024-06-10 18:23:58,118.0,4.0,5.776,0.388,5.824,6.116,42.68
AL1-20240610-1804,2024-06-10 18:24:02,122.0,4.0,6.165,0.434,5.776,6.872,40.68
AL1-20240610-1804,2024-06-10 18:24:07,127.0,6.0,7.652,0.547,4.318,7.276,25.1
AL1-20240610-1804,2024-06-10 18:24:13,133.0,6.0,7.595,0.604,4.044,7.691,25.93
AL1-20240610-1804,2024-06-10 18:24:19,139.0,6.0,7.037,0.58,3.495,8.521,18.6
AL1-20240610-1804,2024-06-10 18:24:25,145.0,6.0,7.347,0.572,4.298,8.089,28.6
AL1-20240610-1804,2024-06-10 18:24:30,150.0,4.0,6.617,0.467,5.773,6.627,40.18
AL1-20240610-1804,2024-06-10 18:24:34,154.0,4.0,4.901,0.28,6.946,4.465,49.18
AL1-20240610-1804,2024-06-10 18:24:38,158.0,4.0,5.673,0.313,7.965,5.879,49.18
AL1-20240610-1804,2024-06-10 18:24:42,162.0,4.0,4.727,0.256,7.068,5.213,52.68
AL1-20240610-1804,2024-06-10 18:24:46,166.0,4.0,4.917,0.285,6.863,4.945,49.93
AL1-20240610-1804,2024-06-10 18:24:50,170.0,4.0,4.818,0.296,6.07,5.75,46.93
AL1-20240610-1804,2024-06-10 18:24:54,174.0,4.0,5.639,0.388,5.518,5.895,37.18
AL1-20240610-1804,2024-06-10 18:24:58,178.0,4.0,4.899,0.332,5.62,5.138,40.43
AL1-20240614-0424,2024-06-14 04:25:10,-130.0,16.0,7.7,0.894,1.379,7.273,9.11
AL1-20240614-0424,2024-06-14 04:25:27,-113.0,18.0,8.056,0.863,1.235,7.335,6.94
AL1-20240614-0424,2024-06-14 04:25:45,-95.0,18.0,6.861,0.69,1.193,7.506,7.44
AL1-20240614-0424,2024-06-14 04:26:00,-80.0,12.0,7.302,0.687,1.798,8.301,11.53
AL1-20240614-0424,2024-06-14 04:26:14,-66.0,16.0,8.181,0.898,1.272,9.698,8.61
AL1-20240614-0424,2024-06-14 04:26:27,-53.0,10.0,5.493,0.566,1.916,6.754,14.91
AL1-20240614-0424,2024-06-14 04:26:38,-42.0,12.0,6.883,0.58,2.107,8.245,13.86
AL1-20240614-0424,2024-06-14 04:26:48,-32.0,8.0,6.191,0.407,3.535,7.313,24.73
AL1-20240614-0424,2024-06-14 04:26:54,-26.0,4.0,4.958,0.335,5.991,5.29,43.86
AL1-20240614-0424,2024-06-14 04:26:58,-22.0,4.0,4.952,0.33,5.713,5.121,36.86
AL1-20240614-0424,2024-06-14 04:27:02,-18.0,4.0,4.742,0.302,5.899,5.237,48.61
AL1-20240614-0424,2024-06-14 04:27:06,-14.0,4.0,4.277,0.267,6.083,4.519,53.36
AL1-20240614-0424,2024-06-14 04:27:10,-10.0,4.0,4.872,0.258,8.336,5.009,68.36
AL1-20240614-0424,2024-06-14 04:27:14,-6.0,4.0,4.96,0.266,7.798,5.057,54.11
AL1-20240614-0424,2024-06-14 04:27:18,-2.0,4.0,4.447,0.198,9.769,4.717,74.86
AL1-20240614-0424,2024-06-14 04:27:22,2.0,4.0,4.792,0.232,9.188,4.887,68.11
AL1-20240614-0424,2024-06-14 04:27:26,6.0,4.0,4.41,0.234,7.421,4.598,59.86
AL1-20240614-0424,2024-06-14 04:27:30,10.0,4.0,4.393,0.255,6.986,3.905,55.11
AL1-20240614-0424,2024-06-14 04:27:35,15.0,6.0,4.736,0.285,4.412,4.39,35.94
AL1-20240614-0424,2024-06-14 04:27:41,21.0,6.0,5.017,0.352,3.619,5.342,28.61
AL1-20240614-0424,2024-06-14 04:27:47,27.0,6.0,5.082,0.329,4.497,4.927,31.78
AL1-20240614-0424,2024-06-14 04:27:53,33.0,6.0,4.882,0.327,4.148,4.831,32.28
AL1-20240614-0424,2024-06-14 04:27:59,39.0,6.0,5.457,0.487,3.255,5.513,22.94
AL1-20240614-0424,2024-06-14 04:28:06,46.0,8.0,6.254,0.556,2.55,5.389,16.36
AL1-20240614-0424,2024-06-14 04:28:15,55.0,10.0,5.69,0.443,2.384,6.032,17.51
AL1-20240614-0424,2024-06-14 04:28:25,65.0,10.0,4.988,0.403,2.044,5.473,14.41
AL1-20240614-0424,2024-06-14 04:28:38,78.0,16.0,5.18,0.492,1.305,4.849,9.05
AL1-20240614-0424,2024-06-14 04:28:58,98.0,24.0,6.263,0.693,0.85,,
AL1-20240614-0424,2024-06-14 04:29:27,127.0,34.0,6.605,0.98,0.543,,
AL1-20240617-1040,2024-06-17 10:42:59,-121.0,118.0,4.531,0.531,0.2,5.114,1.72
AL1-20240617-1040,2024-06-17 10:44:01,-59.0,6.0,4.23,0.298,3.389,4.242,29.44
AL1-20240617-1040,2024-06-17 10:44:06,-54.0,4.0,4.035,0.249,5.333,3.683,47.61
AL1-20240617-1040,2024-06-17 10:44:10,-50.0,4.0,4.155,0.255,5.597,3.822,48.86
AL1-20240617-1040,2024-06-17 10:44:14,-46.0,4.0,4.073,0.26,5.218,3.898,45.61
AL1-20240617-1040,2024-06-17 10:44:18,-42.0,4.0,4.305,0.153,14.01,4.146,116.86
AL1-20240617-1040,2024-06-17 10:44:22,-38.0,4.0,3.665,0.159,9.211,3.964,79.86
AL1-20240617-1040,2024-06-17 10:44:26,-34.0,4.0,4.149,0.144,14.347,4.083,115.36
AL1-20240617-1040,2024-06-17 10:44:30,-30.0,4.0,4.021,0.177,9.174,4.057,74.36
AL1-20240617-1040,2024-06-17 10:44:34,-26.0,4.0,3.925,0.143,12.791,4.095,104.36
AL1-20240617-1040,2024-06-17 10:44:38,-22.0,4.0,3.825,0.138,13.111,3.598,111.86
AL1-20240617-1040,2024-06-17 10:44:42,-18.0,4.0,3.73,0.164,9.163,4.079,84.61
AL1-20240617-1040,2024-06-17 10:44:46,-14.0,4.0,3.452,0.138,10.774,3.519,100.36
AL1-20240617-1040,2024-06-17 10:44:50,-10.0,4.0,3.515,0.146,10.255,3.619,92.86
AL1-20240617-1040,2024-06-17 10:44:54,-6.0,4.0,3.439,0.13,11.957,3.411,107.36
AL1-20240617-1040,2024-06-17 10:44:58,-2.0,4.0,3.455,0.14,10.597,3.842,100.61
AL1-20240617-1040,2024-06-17 10:45:02,2.0,4.0,3.525,0.125,13.385,3.433,129.86
AL1-20240617-1040,2024-06-17 10:45:06,6.0,4.0,3.408,0.086,25.447,3.442,238.86
AL1-20240617-1040,2024-06-17 10:45:10,10.0,4.0,3.14,0.09,20.439,3.18,206.61
AL1-20240617-1040,2024-06-17 10:45:14,14.0,4.0,3.222,0.144,9.084,3.384,92.86
AL1-20240617-1040,2024-06-17 10:45:19,19.0,6.0,4.451,0.287,4.055,4.723,31.44
AL1-20240617-1040,2024-06-17 10:45:24,24.0,4.0,3.538,0.173,7.496,3.498,72.36
AL1-20240617-1040,2024-06-17 10:45:28,28.0,4.0,3.161,0.106,15.072,3.26,158.11
AL1-20240617-1040,2024-06-17 10:45:32,32.0,4.0,3.405,0.176,7.033,3.386,67.86
AL1-20240617-1040,2024-06-17 10:45:36,36.0,4.0,3.041,0.184,5.389,3.103,55.86
AL1-20240617-1040,2024-06-17 10:45:41,41.0,6.0,2.978,0.243,2.315,3.195,23.77
AL1-20240617-1040,2024-06-17 10:45:48,48.0,8.0,2.731,0.238,1.754,3.039,18.61
AL1-20240617-1040,2024-06-17 10:46:24,84.0,64.0,2.668,0.45,0.193,2.466,2.84
AL1-20240620-2309,2024-06-20 23:15:14,-46.0,8.0,5.129,0.402,2.5,4.809,14.9
AL1-20240620-2309,2024-06-20 23:15:22,-38.0,8.0,4.929,0.375,2.5,5.097,18.9
AL1-20240620-2309,2024-06-20 23:15:28,-32.0,4.0,3.522,0.172,7.833,3.672,68.65
AL1-20240620-2309,2024-06-20 23:15:32,-28.0,4.0,3.616,0.148,10.333,3.58,95.9
AL1-20240620-2309,2024-06-20 23:15:36,-24.0,4.0,3.654,0.173,8.264,3.597,74.9
AL1-20240620-2309,2024-06-20 23:15:40,-20.0,4.0,3.42,0.15,9.243,3.185,90.65
AL1-20240620-2309,2024-06-20 23:15:44,-16.0,4.0,4.126,0.174,10.63,4.333,87.4
AL1-20240620-2309,2024-06-20 23:15:48,-12.0,4.0,4.717,0.217,9.889,4.774,74.4
AL1-20240620-2309,2024-06-20 23:15:52,-8.0,4.0,3.665,0.085,29.732,3.574,260.4
AL1-20240620-2309,2024-06-20 23:15:56,-4.0,4.0,3.9,0.069,48.65,4.022,424.4
AL1-20240620-2309,2024-06-20 23:16:00,0.0,4.0,4.4,0.096,33.769,4.622,255.9
AL1-20240620-2309,2024-06-20 23:16:04,4.0,4.0,5.784,0.179,22.14,5.847,143.9
AL1-20240620-2309,2024-06-20 23:16:08,8.0,4.0,5.434,0.168,21.036,5.85,144.65
AL1-20240620-2309,2024-06-20 23:16:12,12.0,4.0,4.741,0.13,22.499,4.621,165.9
AL1-20240620-2309,2024-06-20 23:16:16,16.0,4.0,4.923,0.152,19.86,5.185,140.9
AL1-20240620-2309,2024-06-20 23:16:20,20.0,4.0,7.246,0.394,12.025,8.112,82.15
AL1-20240620-2309,2024-06-20 23:16:29,29.0,6.0,11.374,0.903,3.847,,
AL1-20240623-1252,2024-06-23 12:55:24,-136.0,88.0,4.792,0.721,0.22,6.239,1.93
AL1-20240623-1252,2024-06-23 12:56:13,-87.0,10.0,4.58,0.309,2.381,4.405,16.76
AL1-20240623-1252,2024-06-23 12:56:21,-79.0,6.0,5.385,0.292,5.016,5.577,33.49
AL1-20240623-1252,2024-06-23 12:56:26,-74.0,4.0,4.975,0.251,7.667,5.065,52.91
AL1-20240623-1252,2024-06-23 12:56:30,-70.0,4.0,5.126,0.266,7.772,5.35,52.91
AL1-20240623-1252,2024-06-23 12:56:34,-66.0,4.0,5.3,0.217,11.771,5.492,77.16
AL1-20240623-1252,2024-06-23 12:56:38,-62.0,4.0,5.128,0.161,18.758,5.049,133.41
AL1-20240623-1252,2024-06-23 12:56:42,-58.0,4.0,5.258,0.145,22.173,5.057,157.41
AL1-20240623-1252,2024-06-23 12:56:46,-54.0,4.0,4.939,0.106,35.813,4.987,266.41
AL1-20240623-1252,2024-06-23 12:56:50,-50.0,4.0,5.013,0.102,38.458,5.057,282.41
AL1-20240623-1252,2024-06-23 12:56:54,-46.0,4.0,4.826,0.096,40.308,4.884,300.91
AL1-20240623-1252,2024-06-23 12:56:58,-42.0,4.0,5.021,0.097,44.129,5.242,307.91
AL1-20240623-1252,2024-06-23 12:57:02,-38.0,4.0,4.938,0.099,40.558,5.065,296.91
AL1-20240623-1252,2024-06-23 12:57:06,-34.0,4.0,5.22,0.12,32.207,5.28,230.66
AL1-20240623-1252,2024-06-23 12:57:10,-30.0,4.0,5.211,0.124,30.968,5.36,218.16
AL1-20240623-1252,2024-06-23 12:57:14,-26.0,4.0,5.597,0.146,27.462,5.863,182.41
AL1-20240623-1252,2024-06-23 12:57:18,-22.0,4.0,5.868,0.161,25.591,6.012,172.16
AL1-20240623-1252,2024-06-23 12:57:22,-18.0,4.0,6.304,0.171,27.272,6.333,177.91
AL1-20240623-1252,2024-06-23 12:57:26,-14.0,4.0,6.126,0.168,26.08,6.178,172.41
AL1-20240623-1252,2024-06-23 12:57:30,-10.0,4.0,6.062,0.148,30.961,6.15,205.91
AL1-20240623-1252,2024-06-23 12:57:34,-6.0,4.0,5.779,0.127,36.755,5.739,245.91
AL1-20240623-1252,2024-06-23 12:57:38,-2.0,4.0,6.018,0.13,38.712,6.009,247.66
AL1-20240623-1252,2024-06-23 12:57:42,2.0,4.0,5.319,0.101,45.408,5.468,332.16
AL1-20240623-1252,2024-06-23 12:57:46,6.0,4.0,5.226,0.101,44.109,5.293,316.16
AL1-20240623-1252,2024-06-23 12:57:50,10.0,4.0,5.161,0.107,38.429,5.35,270.41
AL1-20240623-1252,2024-06-23 12:57:54,14.0,4.0,6.083,0.152,31.621,6.44,210.41
AL1-20240623-1252,2024-06-23 12:57:58,18.0,4.0,5.694,0.135,32.27,5.649,221.41
AL1-20240623-1252,2024-06-23 12:58:02,22.0,4.0,5.591,0.133,31.843,5.677,213.66
AL1-20240623-1252,2024-06-23 12:58:06,26.0,4.0,5.138,0.117,32.332,5.381,236.41
AL1-20240623-1252,2024-06-23 12:58:10,30.0,4.0,5.155,0.148,21.578,5.204,152.66
AL1-20240623-1252,2024-06-23 12:58:14,34.0,4.0,6.509,0.252,16.508,6.977,103.66
AL1-20240623-1252,2024-06-23 12:58:18,38.0,4.0,7.558,0.421,9.81,7.852,51.91
AL1-20240623-1252,2024-06-23 12:58:22,42.0,4.0,8.081,0.602,6.634,8.075,36.91
AL1-20240623-1252,2024-06-23 12:58:26,46.0,4.0,7.903,0.626,5.393,9.301,36.66
AL1-20240623-1252,2024-06-23 12:58:31,51.0,6.0,10.846,0.942,3.287,11.067,18.49
AL1-20240624-0621,2024-06-24 06:24:08,148.0,20.0,4.455,0.398,0.986,5.381,7.82
AL1-20240624-0621,2024-06-24 06:24:24,164.0,12.0,3.861,0.295,1.727,3.636,13.97
AL1-20240624-1142,2024-06-24 11:45:52,-28.0,4.0,4.596,0.274,5.574,4.727,43.28
AL1-20240624-1142,2024-06-24 11:45:56,-24.0,4.0,3.528,0.123,13.659,3.648,124.78
AL1-20240624-1142,2024-06-24 11:46:00,-20.0,4.0,3.326,0.094,20.728,3.441,194.53
AL1-20240624-1142,2024-06-24 11:46:04,-16.0,4.0,3.42,0.074,33.612,3.383,312.28
AL1-20240624-1142,2024-06-24 11:46:08,-12.0,4.0,3.135,0.061,42.801,3.198,420.03
AL1-20240624-1142,2024-06-24 11:46:12,-8.0,4.0,3.173,0.063,40.584,3.122,407.53
AL1-20240624-1142,2024-06-24 11:46:16,-4.0,4.0,3.285,0.068,37.434,3.325,362.03
AL1-20240624-1142,2024-06-24 11:46:20,0.0,4.0,3.369,0.072,34.272,3.332,326.78
AL1-20240624-1142,2024-06-24 11:46:24,4.0,4.0,3.742,0.078,35.773,3.861,318.28
AL1-20240624-1142,2024-06-24 11:46:28,8.0,4.0,3.335,0.067,39.043,3.435,380.28
AL1-20240624-1142,2024-06-24 11:46:32,12.0,4.0,3.279,0.063,42.642,3.312,419.78
AL1-20240624-1142,2024-06-24 11:46:36,16.0,4.0,3.417,0.073,34.987,3.482,333.53
AL1-20240624-1142,2024-06-24 11:46:40,20.0,4.0,3.45,0.067,41.361,3.555,397.53
AL1-20240624-1142,2024-06-24 11:46:44,24.0,4.0,3.357,0.073,33.58,3.472,326.78
AL1-20240624-1142,2024-06-24 11:46:48,28.0,4.0,3.663,0.08,32.285,3.655,288.53
AL1-20240624-1142,2024-06-24 11:46:52,32.0,4.0,3.946,0.099,24.679,3.951,204.28
AL1-20240624-1142,2024-06-24 11:46:56,36.0,4.0,4.531,0.176,11.629,4.287,93.53
AL1-20240624-1142,2024-06-24 11:47:00,40.0,4.0,4.758,0.213,9.357,4.776,66.28
AL1-20240624-1142,2024-06-24 11:47:04,44.0,4.0,4.777,0.287,5.787,4.971,41.53
AL1-20240624-1142,2024-06-24 11:47:09,49.0,6.0,5.365,0.383,3.567,5.397,25.53
AL1-20240624-1142,2024-06-24 11:47:20,60.0,16.0,4.748,0.501,1.069,4.734,7.59
AL1-20240624-1142,2024-06-24 11:48:03,103.0,70.0,1.918,0.354,0.166,1.712,2.39
AL1-20260630-1238,2026-06-30 12:41:18,-142.0,76.0,4.939,0.642,0.263,5.864,2.02
AL1-20260630-1238,2026-06-30 12:42:01,-99.0,10.0,5.562,0.326,3.207,5.769,22.54
AL1-20260630-1238,2026-06-30 12:42:08,-92.0,4.0,5.795,0.401,5.268,6.43,37.89
AL1-20260630-1238,2026-06-30 12:42:12,-88.0,4.0,5.272,0.31,6.344,5.701,45.39
AL1-20260630-1238,2026-06-30 12:42:17,-83.0,6.0,5.89,0.289,6.445,5.656,43.48
AL1-20260630-1238,2026-06-30 12:42:22,-78.0,4.0,5.295,0.239,9.35,5.345,63.14
AL1-20260630-1238,2026-06-30 12:42:26,-74.0,4.0,5.423,0.209,12.556,5.234,85.14
AL1-20260630-1238,2026-06-30 12:42:30,-70.0,4.0,6.563,0.287,11.479,6.824,75.39
AL1-20260630-1238,2026-06-30 12:42:34,-66.0,4.0,5.727,0.232,12.545,6.018,90.39
AL1-20260630-1238,2026-06-30 12:42:38,-62.0,4.0,5.807,0.288,8.383,5.978,58.64
AL1-20260630-1238,2026-06-30 12:42:42,-58.0,4.0,6.047,0.302,8.608,5.97,60.39
AL1-20260630-1238,2026-06-30 12:42:46,-54.0,4.0,6.634,0.32,9.386,7.569,60.64
AL1-20260630-1238,2026-06-30 12:42:50,-50.0,4.0,5.92,0.251,11.149,5.788,73.14
AL1-20260630-1238,2026-06-30 12:42:54,-46.0,4.0,6.097,0.289,9.787,5.917,66.64
AL1-20260630-1238,2026-06-30 12:42:58,-42.0,4.0,5.479,0.232,11.115,5.724,76.39
AL1-20260630-1238,2026-06-30 12:43:02,-38.0,4.0,5.483,0.198,14.768,5.5,100.39
AL1-20260630-1238,2026-06-30 12:43:06,-34.0,4.0,5.637,0.185,17.266,5.849,122.89
AL1-20260630-1238,2026-06-30 12:43:10,-30.0,4.0,6.526,0.273,12.328,6.452,84.14
AL1-20260630-1238,2026-06-30 12:43:14,-26.0,4.0,6.186,0.261,11.968,6.261,78.14
AL1-20260630-1238,2026-06-30 12:43:18,-22.0,4.0,6.235,0.266,11.863,5.888,75.39
AL1-20260630-1238,2026-06-30 12:43:22,-18.0,4.0,7.119,0.384,8.898,7.167,57.39
AL1-20260630-1238,2026-06-30 12:43:26,-14.0,4.0,6.983,0.525,5.139,7.416,35.14
AL1-20260630-1238,2026-06-30 12:43:30,-10.0,4.0,6.85,0.47,5.321,7.16,36.14
AL1-20260630-1238,2026-06-30 12:43:34,-6.0,4.0,6.885,0.35,9.338,7.288,56.89
AL1-20260630-1238,2026-06-30 12:43:38,-2.0,4.0,6.103,0.386,6.48,6.157,40.89
AL1-20260630-1238,2026-06-30 12:43:42,2.0,4.0,5.86,0.246,11.391,6.167,75.39
AL1-20260630-1238,2026-06-30 12:43:46,6.0,4.0,5.641,0.192,15.796,5.598,107.39
AL1-20260630-1238,2026-06-30 12:43:50,10.0,4.0,5.976,0.193,18.095,6.073,123.39
AL1-20260630-1238,2026-06-30 12:43:54,14.0,4.0,5.111,0.145,21.584,5.332,149.39
AL1-20260630-1238,2026-06-30 12:43:58,18.0,4.0,5.206,0.165,17.474,5.419,130.64
AL1-20260630-1238,2026-06-30 12:44:02,22.0,4.0,5.216,0.158,19.563,5.278,139.14
AL1-20260630-1238,2026-06-30 12:44:06,26.0,4.0,5.95,0.194,18.219,5.987,114.89
AL1-20260630-1238,2026-06-30 12:44:10,30.0,4.0,5.594,0.203,15.229,5.867,103.89
AL1-20260630-1238,2026-06-30 12:44:14,34.0,4.0,6.35,0.323,9.208,6.369,63.64
AL1-20260630-1238,2026-06-30 12:44:18,38.0,4.0,6.67,0.424,5.984,7.051,36.14
AL1-20260630-1238,2026-06-30 12:44:23,43.0,6.0,6.425,0.48,3.735,6.207,22.48
AL1-20260630-1238,2026-06-30 12:44:29,49.0,6.0,6.625,0.451,4.048,7.248,25.14
AL1-20260630-1238,2026-06-30 12:44:37,57.0,10.0,8.256,0.613,2.528,8.946,15.14
AL1-20260630-1238,2026-06-30 12:44:49,69.0,14.0,8.558,0.987,1.376,7.288,7.29
AL1-20260630-2034,2026-06-30 20:43:22,-178.0,4.0,4.229,0.239,6.366,4.084,53.93
AL1-20260630-2034,2026-06-30 20:43:26,-174.0,4.0,5.578,0.365,5.995,6.016,40.43
AL1-20260630-2034,2026-06-30 20:43:30,-170.0,4.0,5.485,0.376,5.432,6.771,40.18
AL1-20260630-2034,2026-06-30 20:43:34,-166.0,4.0,4.872,0.317,5.45,5.442,41.68
AL1-20260630-2034,2026-06-30 20:43:38,-162.0,4.0,5.746,0.38,5.805,5.626,40.18
AL1-20260630-2034,2026-06-30 20:43:42,-158.0,4.0,4.568,0.323,4.974,4.107,35.68
AL1-20260630-2034,2026-06-30 20:43:46,-154.0,4.0,4.467,0.259,6.368,4.833,47.43
AL1-20260630-2034,2026-06-30 20:43:50,-150.0,4.0,4.738,0.259,7.003,4.852,54.68
AL1-20260630-2034,2026-06-30 20:43:54,-146.0,4.0,4.323,0.249,6.105,4.254,45.93
AL1-20260630-2034,2026-06-30 20:43:58,-142.0,4.0,4.645,0.304,5.238,5.525,43.18
AL1-20260630-2034,2026-06-30 20:44:02,-138.0,4.0,4.321,0.271,5.362,4.207,40.93
AL1-20260630-2034,2026-06-30 20:44:06,-134.0,4.0,4.335,0.287,5.435,5.3,42.68
AL1-20260630-2034,2026-06-30 20:44:10,-130.0,4.0,4.563,0.28,5.737,4.752,42.68
AL1-20260630-2034,2026-06-30 20:44:14,-126.0,4.0,4.407,0.266,5.652,4.264,43.43
AL1-20260630-2034,2026-06-30 20:44:18,-122.0,4.0,4.382,0.264,5.87,4.709,47.18
AL1-20260630-2034,2026-06-30 20:44:22,-118.0,4.0,4.207,0.254,5.831,4.129,46.43
AL1-20260630-2034,2026-06-30 20:44:26,-114.0,4.0,4.569,0.291,5.435,4.504,40.43
AL1-20260630-2034,2026-06-30 20:44:30,-110.0,4.0,4.214,0.233,6.413,4.642,50.93
AL1-20260630-2034,2026-06-30 20:44:34,-106.0,4.0,4.006,0.171,9.8,4.016,81.18
AL1-20260630-2034,2026-06-30 20:44:38,-102.0,4.0,3.799,0.143,12.216,4.053,105.93
AL1-20260630-2034,2026-06-30 20:44:42,-98.0,4.0,3.761,0.133,13.464,3.881,119.68
AL1-20260630-2034,2026-06-30 20:44:46,-94.0,4.0,4.163,0.133,16.581,4.338,134.68
AL1-20260630-2034,2026-06-30 20:44:50,-90.0,4.0,4.113,0.122,18.959,4.325,161.43
AL1-20260630-2034,2026-06-30 20:44:54,-86.0,4.0,3.843,0.113,18.543,3.854,163.18
AL1-20260630-2034,2026-06-30 20:44:58,-82.0,4.0,3.683,0.107,19.361,3.593,181.18
AL1-20260630-2034,2026-06-30 20:45:02,-78.0,4.0,3.623,0.114,16.844,3.52,154.18
AL1-20260630-2034,2026-06-30 20:45:06,-74.0,4.0,3.689,0.119,16.142,3.891,147.68
AL1-20260630-2034,2026-06-30 20:45:10,-70.0,4.0,3.591,0.124,14.207,3.708,137.93
AL1-20260630-2034,2026-06-30 20:45:14,-66.0,4.0,3.629,0.135,12.348,3.727,119.68
AL1-20260630-2034,2026-06-30 20:45:18,-62.0,4.0,3.951,0.167,10.11,4.203,84.93
AL1-20260630-2034,2026-06-30 20:45:22,-58.0,4.0,3.963,0.214,6.973,3.97,57.68
AL1-20260630-2034,2026-06-30 20:45:26,-54.0,4.0,3.821,0.25,4.915,4.093,41.18
AL1-20260630-2034,2026-06-30 20:45:30,-50.0,4.0,5.496,0.419,4.904,6.083,37.68
AL1-20260630-2034,2026-06-30 20:45:34,-46.0,4.0,4.109,0.308,4.288,3.816,38.68
AL1-20260630-2034,2026-06-30 20:45:38,-42.0,4.0,4.363,0.292,5.121,5.257,39.18
AL1-20260630-2034,2026-06-30 20:45:42,-38.0,4.0,4.056,0.277,4.789,4.262,33.18
AL1-20260630-2034,2026-06-30 20:45:46,-34.0,4.0,3.988,0.236,5.95,4.276,47.43
AL1-20260630-2034,2026-06-30 20:45:50,-30.0,4.0,4.334,0.229,7.609,4.123,66.43
AL1-20260630-2034,2026-06-30 20:45:54,-26.0,4.0,3.999,0.196,7.836,4.334,67.18
AL1-20260630-2034,2026-06-30 20:45:58,-22.0,4.0,3.833,0.18,8.293,4.028,71.93
AL1-20260630-2034,2026-06-30 20:46:02,-18.0,4.0,3.961,0.175,9.494,4.477,85.43
AL1-20260630-2034,2026-06-30 20:46:06,-14.0,4.0,3.868,0.153,10.992,3.962,101.93
AL1-20260630-2034,2026-06-30 20:46:10,-10.0,4.0,3.919,0.147,12.189,3.909,104.43
AL1-20260630-2034,2026-06-30 20:46:14,-6.0,4.0,3.626,0.129,13.436,3.609,120.18
AL1-20260630-2034,2026-06-30 20:46:18,-2.0,4.0,3.9,0.13,15.28,4.124,133.68
AL1-20260630-2034,2026-06-30 20:46:22,2.0,4.0,3.566,0.113,16.524,3.377,152.43
AL1-20260630-2034,2026-06-30 20:46:26,6.0,4.0,3.542,0.113,16.432,3.515,152.18
AL1-20260630-2034,2026-06-30 20:46:30,10.0,4.0,3.315,0.096,19.738,3.296,200.93
AL1-20260630-2034,2026-06-30 20:46:34,14.0,4.0,3.484,0.098,20.74,3.465,189.43
AL1-20260630-2034,2026-06-30 20:46:38,18.0,4.0,3.338,0.098,18.968,3.4,183.18
AL1-20260630-2034,2026-06-30 20:46:42,22.0,4.0,3.315,0.102,17.89,3.215,172.68
AL1-20260630-2034,2026-06-30 20:46:46,26.0,4.0,3.471,0.108,17.21,3.599,162.43
AL1-20260630-2034,2026-06-30 20:46:50,30.0,4.0,3.281,0.119,13.105,3.526,126.68
AL1-20260630-2034,2026-06-30 20:46:54,34.0,4.0,3.216,0.132,10.531,3.412,100.68
AL1-20260630-2034,2026-06-30 20:46:58,38.0,4.0,3.555,0.167,8.17,3.395,73.93
AL1-20260630-2034,2026-06-30 20:47:02,42.0,4.0,3.49,0.194,6.11,3.757,55.93
AL1-20260630-2034,2026-06-30 20:47:06,46.0,4.0,3.429,0.216,5.074,3.624,48.43
AL1-20260630-2034,2026-06-30 20:47:10,50.0,4.0,3.948,0.264,5.15,4.443,40.43
AL1-20260630-2034,2026-06-30 20:47:14,54.0,4.0,3.411,0.233,4.526,3.26,41.43
AL1-20260630-2034,2026-06-30 20:47:18,58.0,4.0,4.056,0.27,4.774,4.195,38.18
AL1-20260630-2034,2026-06-30 20:47:22,62.0,4.0,3.696,0.282,4.073,4.292,38.93
AL1-20260630-2034,2026-06-30 20:47:26,66.0,4.0,3.296,0.236,4.088,3.384,39.43
AL1-20260630-2034,2026-06-30 20:47:30,70.0,4.0,3.892,0.248,5.001,3.983,40.43
AL1-20260630-2034,2026-06-30 20:47:34,74.0,4.0,4.124,0.303,4.469,4.151,34.18
AL1-20260630-2034,2026-06-30 20:47:38,78.0,4.0,3.53,0.216,5.204,3.451,49.68
AL1-20260630-2034,2026-06-30 20:47:42,82.0,4.0,3.721,0.291,4.003,4.118,40.93
AL1-20260630-2034,2026-06-30 20:47:46,86.0,4.0,3.64,0.27,3.918,3.381,40.68
AL1-20260630-2034,2026-06-30 20:47:50,90.0,4.0,3.191,0.249,3.496,3.249,29.43
AL1-20260630-2034,2026-06-30 20:47:55,95.0,6.0,3.559,0.268,2.89,4.017,25.27
AL1-20260630-2034,2026-06-30 20:48:01,101.0,6.0,3.385,0.248,2.92,3.7,28.27
AL1-20260630-2034,2026-06-30 20:48:07,107.0,6.0,4.028,0.336,2.64,4.092,21.27
AL1-20260630-2034,2026-06-30 20:48:13,113.0,6.0,3.615,0.285,2.628,3.691,23.1
AL1-20260630-2034,2026-06-30 20:48:19,119.0,6.0,3.588,0.288,2.527,4.065,25.77
AL1-20260630-2034,2026-06-30 20:48:26,126.0,8.0,3.123,0.27,1.777,3.019,17.93
AL1-20260630-2034,2026-06-30 20:48:35,135.0,10.0,3.898,0.333,1.669,3.526,15.43
AL1-20260630-2034,2026-06-30 20:48:46,146.0,12.0,4.182,0.418,1.253,4.151,9.43
AL1-20260630-2034,2026-06-30 20:49:02,162.0,20.0,3.766,0.415,0.779,3.812,6.78
AL1-20260701-0618,2026-07-01 06:24:53,-27.0,6.0,7.616,0.532,4.172,7.677,27.33
AL1-20260701-0618,2026-07-01 06:24:59,-21.0,6.0,8.298,0.639,3.503,8.069,19.66
AL1-20260701-0618,2026-07-01 06:25:06,-14.0,8.0,8.622,0.653,3.273,8.36,20.29
AL1-20260701-0618,2026-07-01 06:25:12,-8.0,4.0,6.58,0.361,8.265,6.484,50.16
AL1-20260701-0618,2026-07-01 06:25:16,-4.0,4.0,4.991,0.169,15.411,4.838,108.41
AL1-20260701-0618,2026-07-01 06:25:20,0.0,4.0,4.114,0.092,30.942,4.144,263.16
AL1-20260701-0618,2026-07-01 06:25:24,4.0,4.0,4.417,0.119,22.253,4.513,175.66
AL1-20260701-0727,2026-07-01 07:31:55,-105.0,150.0,6.395,0.979,0.168,,
AL1-20260701-0727,2026-07-01 07:33:13,-27.0,6.0,4.711,0.246,5.116,4.973,37.71
AL1-20260701-0727,2026-07-01 07:33:18,-22.0,4.0,4.287,0.12,20.816,4.404,171.96
AL1-20260701-0727,2026-07-01 07:33:22,-18.0,4.0,3.859,0.078,37.494,3.971,321.21
AL1-20260701-0727,2026-07-01 07:33:26,-14.0,4.0,3.383,0.049,75.441,3.502,734.96
AL1-20260701-0727,2026-07-01 07:33:30,-10.0,4.0,3.133,0.033,140.532,3.122,1447.71
AL1-20260701-0727,2026-07-01 07:33:34,-6.0,4.0,3.07,0.032,150.969,3.096,1574.21
AL1-20260701-0727,2026-07-01 07:33:38,-2.0,4.0,3.539,0.055,63.889,3.576,602.21
AL1-20260701-0727,2026-07-01 07:33:42,2.0,4.0,4.29,0.112,23.348,4.457,181.96
AL1-20260701-0727,2026-07-01 07:33:46,6.0,4.0,6.39,0.257,13.696,6.578,95.21
AL1-20260701-0727,2026-07-01 07:33:50,10.0,4.0,8.105,0.58,6.142,7.645,38.71
AL1-20260701-0727,2026-07-01 07:33:54,14.0,4.0,8.953,0.635,6.252,8.987,37.46
AL1-20260701-0727,2026-07-01 07:34:06,26.0,8.0,10.285,0.979,2.249,9.499,11.09
AL1-20260701-0810,2026-07-01 08:13:23,-137.0,86.0,5.339,0.807,0.226,,
AL1-20260701-0810,2026-07-01 08:14:39,-61.0,66.0,4.483,0.48,0.376,5.788,3.48
AL1-20260701-0810,2026-07-01 08:15:14,-26.0,4.0,3.881,0.095,26.176,3.8,239.62
AL1-20260701-0810,2026-07-01 08:15:18,-22.0,4.0,3.944,0.11,20.791,3.931,180.37
AL1-20260701-0810,2026-07-01 08:15:22,-18.0,4.0,3.677,0.083,30.323,3.637,282.37
AL1-20260701-0810,2026-07-01 08:15:26,-14.0,4.0,3.354,0.065,41.906,3.476,397.37
AL1-20260701-0810,2026-07-01 08:15:30,-10.0,4.0,3.462,0.062,47.922,3.503,449.87
AL1-20260701-0810,2026-07-01 08:15:34,-6.0,4.0,3.421,0.054,61.942,3.407,591.87
AL1-20260701-0810,2026-07-01 08:15:38,-2.0,4.0,2.966,0.024,257.536,2.988,2767.37
AL1-20260701-0810,2026-07-01 08:15:42,2.0,4.0,3.497,0.039,120.181,3.57,1137.87
AL1-20260701-0810,2026-07-01 08:15:46,6.0,4.0,3.821,0.058,64.649,3.776,574.62
AL1-20260701-0810,2026-07-01 08:15:50,10.0,4.0,5.743,0.157,24.349,5.855,163.62
AL1-20260701-0810,2026-07-01 08:15:54,14.0,4.0,4.763,0.114,28.581,4.859,218.62
AL1-20260701-0810,2026-07-01 08:15:58,18.0,4.0,5.52,0.156,23.125,5.521,158.62
AL1-20260701-0810,2026-07-01 08:16:02,22.0,4.0,7.646,0.374,11.128,7.935,71.12
AL1-20260701-0810,2026-07-01 08:16:06,26.0,4.0,8.279,0.461,9.846,8.998,55.62
AL1-20260701-0810,2026-07-01 08:17:29,109.0,14.0,10.012,0.85,1.738,9.937,9.08
AL1-20260701-1004,2026-07-01 10:06:17,-43.0,6.0,4.321,0.224,5.211,4.688,40.87
AL1-20260701-1004,2026-07-01 10:06:22,-38.0,4.0,4.227,0.127,18.064,4.221,152.95
AL1-20260701-1004,2026-07-01 10:06:26,-34.0,4.0,4.595,0.146,16.798,4.602,129.7
AL1-20260701-1004,2026-07-01 10:06:30,-30.0,4.0,4.301,0.093,33.781,4.408,261.7
AL1-20260701-1004,2026-07-01 10:06:34,-26.0,4.0,4.01,0.075,43.34,3.931,377.45
AL1-20260701-1004,2026-07-01 10:06:38,-22.0,4.0,4.547,0.103,31.183,4.994,253.2
AL1-20260701-1004,2026-07-01 10:06:42,-18.0,4.0,5.215,0.138,24.539,5.169,178.45
AL1-20260701-1004,2026-07-01 10:06:46,-14.0,4.0,5.81,0.151,26.645,6.1,186.2
AL1-20260701-1004,2026-07-01 10:06:50,-10.0,4.0,5.154,0.128,27.609,5.262,191.45
AL1-20260701-1004,2026-07-01 10:06:54,-6.0,4.0,5.657,0.176,19.042,5.749,127.2
AL1-20260701-1004,2026-07-01 10:06:58,-2.0,4.0,7.203,0.426,7.423,7.609,40.45
AL1-20260701-1419,2026-07-01 14:29:32,-48.0,16.0,5.087,0.374,1.586,5.32,12.14
AL1-20260701-1419,2026-07-01 14:29:43,-37.0,6.0,4.218,0.254,3.948,4.445,32.45
AL1-20260701-1419,2026-07-01 14:29:48,-32.0,4.0,3.28,0.134,10.453,3.317,99.95
AL1-20260701-1419,2026-07-01 14:29:52,-28.0,4.0,3.377,0.137,10.524,3.313,101.2
AL1-20260701-1419,2026-07-01 14:29:56,-24.0,4.0,3.425,0.132,11.49,3.6,108.45
AL1-20260701-1419,2026-07-01 14:30:00,-20.0,4.0,3.635,0.132,12.787,3.384,120.2
AL1-20260701-1419,2026-07-01 14:30:04,-16.0,4.0,3.181,0.085,23.088,3.138,239.2
AL1-20260701-1419,2026-07-01 14:30:08,-12.0,4.0,2.896,0.06,39.908,2.95,415.95
AL1-20260701-1419,2026-07-01 14:30:12,-8.0,4.0,2.838,0.052,51.224,2.872,563.95
AL1-20260701-1419,2026-07-01 14:30:16,-4.0,4.0,2.828,0.056,43.39,2.895,488.95
AL1-20260701-1419,2026-07-01 14:30:20,0.0,4.0,2.752,0.054,44.453,2.695,502.95
AL1-20260701-1419,2026-07-01 14:30:24,4.0,4.0,2.908,0.071,28.786,2.974,310.2
AL1-20260701-1419,2026-07-01 14:30:28,8.0,4.0,2.897,0.093,17.044,2.868,196.45
AL1-20260701-1419,2026-07-01 14:30:32,12.0,4.0,2.906,0.133,8.76,2.886,88.45
AL1-20260701-1419,2026-07-01 14:30:36,16.0,4.0,3.286,0.216,4.713,3.332,47.7
AL1-20260701-1419,2026-07-01 14:30:42,22.0,8.0,3.397,0.286,1.904,3.652,16.33
AL1-20260701-1419,2026-07-01 14:31:05,45.0,38.0,3.45,0.481,0.407,3.154,3.61
AL1-20260701-1905,2026-07-01 19:36:12,-168.0,24.0,5.411,0.566,0.831,5.142,6.21
AL1-20260701-1905,2026-07-01 19:36:32,-148.0,16.0,5.962,0.554,1.3,5.416,8.96
AL1-20260701-1905,2026-07-01 19:36:46,-134.0,12.0,4.87,0.411,1.592,5.456,11.01
AL1-20260701-1905,2026-07-01 19:36:59,-121.0,14.0,4.135,0.473,1.125,4.006,10.27
AL1-20260701-1905,2026-07-01 19:37:19,-101.0,26.0,5.486,0.537,0.833,5.854,5.72
AL1-20260701-1905,2026-07-01 19:37:53,-67.0,42.0,5.45,0.701,0.443,7.134,3.48
AL1-20260701-1905,2026-07-01 19:38:35,-25.0,42.0,7.076,0.986,0.456,6.878,2.79
AL1-20260701-2018,2026-07-01 20:19:51,-69.0,10.0,7.303,0.615,2.114,6.936,14.04
AL1-20260701-2018,2026-07-01 20:20:00,-60.0,8.0,6.963,0.48,3.382,6.793,21.56
AL1-20260701-2018,2026-07-01 20:20:06,-54.0,4.0,5.528,0.403,5.108,6.205,36.69
AL1-20260701-2018,2026-07-01 20:20:10,-50.0,4.0,4.93,0.297,6.74,5.151,48.19
AL1-20260701-2018,2026-07-01 20:20:14,-46.0,4.0,5.289,0.238,9.961,5.555,76.44
AL1-20260701-2018,2026-07-01 20:20:18,-42.0,4.0,4.642,0.16,14.515,4.789,115.44
AL1-20260701-2018,2026-07-01 20:20:22,-38.0,4.0,4.412,0.151,14.529,4.504,116.69
AL1-20260701-2018,2026-07-01 20:20:26,-34.0,4.0,4.534,0.133,18.978,4.669,140.94
AL1-20260701-2018,2026-07-01 20:20:30,-30.0,4.0,4.09,0.115,20.58,4.196,176.69
AL1-20260701-2018,2026-07-01 20:20:34,-26.0,4.0,4.249,0.114,22.523,4.313,185.19
AL1-20260701-2018,2026-07-01 20:20:38,-22.0,4.0,4.16,0.098,28.217,4.099,227.69
AL1-20260701-2018,2026-07-01 20:20:42,-18.0,4.0,3.994,0.088,32.181,4.026,282.19
AL1-20260701-2018,2026-07-01 20:20:46,-14.0,4.0,3.791,0.09,28.129,3.845,246.19
AL1-20260701-2018,2026-07-01 20:20:50,-10.0,4.0,3.759,0.082,32.559,3.981,281.19
AL1-20260701-2018,2026-07-01 20:20:54,-6.0,4.0,3.787,0.095,25.481,3.814,227.69
AL1-20260701-2018,2026-07-01 20:20:58,-2.0,4.0,4.041,0.107,23.181,3.994,196.19
AL1-20260701-2018,2026-07-01 20:21:02,2.0,4.0,4.398,0.122,21.51,4.597,174.69
AL1-20260701-2018,2026-07-01 20:21:06,6.0,4.0,5.036,0.132,25.203,5.293,188.19
AL1-20260701-2018,2026-07-01 20:21:10,10.0,4.0,4.581,0.091,39.782,4.414,307.94
AL1-20260701-2018,2026-07-01 20:21:14,14.0,4.0,4.807,0.114,29.145,4.85,219.94
AL1-20260701-2018,2026-07-01 20:21:18,18.0,4.0,4.737,0.126,23.72,4.961,187.44
AL1-20260701-2018,2026-07-01 20:21:22,22.0,4.0,4.298,0.106,26.148,4.394,211.44
AL1-20260701-2018,2026-07-01 20:21:26,26.0,4.0,4.45,0.116,23.891,4.532,194.69
AL1-20260701-2018,2026-07-01 20:21:30,30.0,4.0,4.502,0.157,14.085,4.753,107.19
AL1-20260701-2018,2026-07-01 20:21:34,34.0,4.0,4.731,0.212,9.473,4.795,70.44
AL1-20260701-2018,2026-07-01 20:21:38,38.0,4.0,3.736,0.145,11.575,3.815,104.44
AL1-20260701-2018,2026-07-01 20:21:42,42.0,4.0,3.635,0.168,8.631,3.839,78.94
AL1-20260701-2018,2026-07-01 20:21:46,46.0,4.0,4.004,0.218,6.457,3.821,55.44
AL1-20260701-2018,2026-07-01 20:21:53,53.0,10.0,5.454,0.483,1.965,5.63,15.24
AL1-20260701-2254,2026-07-01 23:03:05,-115.0,130.0,4.528,0.633,0.181,5.091,1.53
AL1-20260701-2254,2026-07-01 23:04:12,-48.0,4.0,5.661,0.384,5.802,5.486,39.56
AL1-20260701-2254,2026-07-01 23:04:16,-44.0,4.0,5.507,0.288,8.018,5.768,58.56
AL1-20260701-2254,2026-07-01 23:04:20,-40.0,4.0,5.242,0.212,12.026,5.092,90.56
AL1-20260701-2254,2026-07-01 23:04:24,-36.0,4.0,4.344,0.136,16.876,4.159,130.56
AL1-20260701-2254,2026-07-01 23:04:28,-32.0,4.0,3.98,0.108,21.511,4.173,186.31
AL1-20260701-2254,2026-07-01 23:04:32,-28.0,4.0,3.636,0.084,29.197,3.751,266.06
AL1-20260701-2254,2026-07-01 23:04:36,-24.0,4.0,3.428,0.058,54.674,3.534,524.31
AL1-20260701-2254,2026-07-01 23:04:40,-20.0,4.0,2.888,0.037,103.141,2.903,1107.06
AL1-20260701-2254,2026-07-01 23:04:44,-16.0,4.0,2.809,0.03,145.518,2.869,1603.56
AL1-20260701-2254,2026-07-01 23:04:48,-12.0,4.0,2.916,0.034,123.684,2.953,1337.56
AL1-20260701-2254,2026-07-01 23:04:52,-8.0,4.0,3.45,0.044,95.198,3.44,910.31
AL1-20260701-2254,2026-07-01 23:04:56,-4.0,4.0,3.6,0.042,113.12,3.618,1042.06
AL1-20260701-2254,2026-07-01 23:05:00,0.0,4.0,4.027,0.051,91.626,4.079,791.31
AL1-20260701-2254,2026-07-01 23:05:04,4.0,4.0,3.794,0.038,148.529,3.922,1314.81
AL1-20260701-2254,2026-07-01 23:05:08,8.0,4.0,4.33,0.037,195.707,4.331,1574.56
AL1-20260701-2254,2026-07-01 23:05:12,12.0,4.0,4.839,0.053,125.159,4.762,941.31
AL1-20260701-2254,2026-07-01 23:05:16,16.0,4.0,5.477,0.077,80.714,5.649,563.31
AL1-20260701-2254,2026-07-01 23:05:20,20.0,4.0,6.824,0.135,48.255,7.234,305.31
AL1-20260701-2254,2026-07-01 23:05:24,24.0,4.0,6.624,0.153,35.549,7.005,226.06
AL1-20260701-2254,2026-07-01 23:05:28,28.0,4.0,7.627,0.227,25.42,7.951,149.31
AL1-20260701-2254,2026-07-01 23:05:32,32.0,4.0,8.403,0.306,18.58,8.011,108.31
AL1-20260701-2254,2026-07-01 23:05:36,36.0,4.0,7.352,0.297,15.362,7.719,96.06
AL1-20260701-2254,2026-07-01 23:05:40,40.0,4.0,6.526,0.209,20.533,7.199,128.81
AL1-20260701-2254,2026-07-01 23:05:44,44.0,4.0,6.472,0.2,22.913,6.802,147.81
AL1-20260701-2254,2026-07-01 23:05:48,48.0,4.0,5.645,0.146,27.068,5.928,177.06
AL1-20260701-2254,2026-07-01 23:05:52,52.0,4.0,5.076,0.135,25.086,5.092,192.81
AL1-20260701-2254,2026-07-01 23:05:56,56.0,4.0,5.033,0.152,19.673,5.058,148.56
AL1-20260701-2254,2026-07-01 23:06:00,60.0,4.0,5.855,0.241,13.629,6.042,93.56
AL1-20260701-2254,2026-07-01 23:06:04,64.0,4.0,4.992,0.139,22.088,5.045,167.56
AL1-20260701-2254,2026-07-01 23:06:08,68.0,4.0,5.259,0.142,24.268,5.307,165.31
AL1-20260701-2254,2026-07-01 23:06:12,72.0,4.0,6.184,0.193,21.196,6.867,139.56
AL1-20260701-2254,2026-07-01 23:06:16,76.0,4.0,8.924,0.335,18.878,8.923,115.81
AL1-20260701-2254,2026-07-01 23:06:20,80.0,4.0,9.548,0.299,24.246,9.748,141.81
AL1-20260701-2254,2026-07-01 23:06:24,84.0,4.0,10.113,0.361,20.237,10.232,118.56
AL1-20260701-2254,2026-07-01 23:06:28,88.0,4.0,9.858,0.345,21.507,10.499,125.56
AL1-20260701-2254,2026-07-01 23:06:32,92.0,4.0,9.961,0.356,19.889,9.829,111.56
AL1-20260701-2254,2026-07-01 23:06:36,96.0,4.0,11.04,0.451,15.949,10.675,93.81
AL1-20260701-2254,2026-07-01 23:06:40,100.0,4.0,10.508,0.453,15.263,11.67,96.31
AL1-20260701-2254,2026-07-01 23:06:44,104.0,4.0,9.423,0.421,13.037,10.062,76.06
AL1-20260701-2254,2026-07-01 23:06:48,108.0,4.0,9.437,0.42,13.49,9.83,75.56
AL1-20260701-2254,2026-07-01 23:06:52,112.0,4.0,9.097,0.402,13.682,8.756,75.06
AL1-20260701-2254,2026-07-01 23:06:56,116.0,4.0,7.642,0.339,12.634,7.996,70.56
AL1-20260701-2254,2026-07-01 23:07:00,120.0,4.0,8.318,0.388,12.416,8.597,70.56
AL1-20260701-2254,2026-07-01 23:07:04,124.0,4.0,6.739,0.27,14.31,7.33,93.81
AL1-20260701-2254,2026-07-01 23:07:08,128.0,4.0,8.775,0.383,14.031,8.994,81.81
AL1-20260701-2254,2026-07-01 23:07:12,132.0,4.0,8.275,0.363,12.896,9.015,76.06
AL1-20260701-2254,2026-07-01 23:07:16,136.0,4.0,8.85,0.421,12.299,9.539,74.56
AL1-20260701-2254,2026-07-01 23:07:20,140.0,4.0,9.391,0.474,11.374,10.209,58.81
AL1-20260701-2254,2026-07-01 23:07:24,144.0,4.0,9.198,0.443,11.946,9.572,68.31
AL1-20260701-2254,2026-07-01 23:07:28,148.0,4.0,10.291,0.564,10.397,10.265,63.56
AL1-20260701-2254,2026-07-01 23:07:32,152.0,4.0,10.788,0.624,8.583,10.947,52.31
AL1-20260701-2254,2026-07-01 23:07:36,156.0,4.0,9.609,0.497,11.11,9.963,64.06
AL1-20260701-2254,2026-07-01 23:07:40,160.0,4.0,10.533,0.521,11.742,10.479,63.81
AL1-20260701-2254,2026-07-01 23:07:44,164.0,4.0,11.111,0.588,11.408,10.475,68.31
AL1-20260701-2254,2026-07-01 23:07:48,168.0,4.0,11.217,0.552,10.952,11.355,65.06
AL1-20260701-2254,2026-07-01 23:07:52,172.0,4.0,11.689,0.603,10.19,11.137,57.81
AL1-20260701-2254,2026-07-01 23:08:00,180.0,4.0,11.866,0.7,8.475,11.613,50.06
AL1-20260702-0134,2026-07-02 01:49:37,-163.0,34.0,5.966,0.708,0.566,6.446,3.65
AL1-20260702-0134,2026-07-02 01:50:20,-120.0,52.0,6.015,0.814,0.369,6.573,2.52
AL1-20260702-0134,2026-07-02 01:51:11,-69.0,50.0,7.022,0.758,0.453,6.38,1.69
AL1-20260702-0134,2026-07-02 01:51:40,-40.0,8.0,4.57,0.245,4.124,4.525,30.78
AL1-20260702-0134,2026-07-02 01:51:46,-34.0,4.0,3.87,0.114,18.631,3.874,168.15
AL1-20260702-0134,2026-07-02 01:51:50,-30.0,4.0,3.516,0.079,31.578,3.626,307.9
AL1-20260702-0134,2026-07-02 01:51:54,-26.0,4.0,3.527,0.072,37.423,3.579,346.4
AL1-20260702-0134,2026-07-02 01:51:58,-22.0,4.0,3.085,0.05,61.461,3.193,645.15
AL1-20260702-0134,2026-07-02 01:52:02,-18.0,4.0,2.936,0.044,74.347,2.917,791.15
AL1-20260702-0134,2026-07-02 01:52:06,-14.0,4.0,2.784,0.045,65.589,2.843,728.65
AL1-20260702-0134,2026-07-02 01:52:10,-10.0,4.0,2.772,0.048,56.837,2.763,630.65
AL1-20260702-0134,2026-07-02 01:52:14,-6.0,4.0,2.768,0.045,65.295,2.815,736.15
AL1-20260702-0134,2026-07-02 01:52:18,-2.0,4.0,2.932,0.053,51.562,2.959,539.9
AL1-20260702-0134,2026-07-02 01:52:22,2.0,4.0,3.37,0.075,32.507,3.278,319.9
AL1-20260702-0134,2026-07-02 01:52:26,6.0,4.0,3.32,0.11,15.613,3.371,148.4
AL1-20260702-0134,2026-07-02 01:52:30,10.0,4.0,3.607,0.172,7.876,3.638,71.9
AL1-20260702-0134,2026-07-02 01:52:34,14.0,4.0,3.383,0.203,5.421,3.391,50.65
AL1-20260702-0134,2026-07-02 01:52:40,20.0,8.0,3.668,0.291,2.002,3.764,16.78
AL1-20260702-0134,2026-07-02 01:52:53,33.0,18.0,2.907,0.275,0.842,2.489,9.26
AL1-20260702-0134,2026-07-02 01:53:14,54.0,24.0,6.546,0.673,0.879,7.666,5.45
AL1-20260702-0134,2026-07-02 01:53:28,68.0,4.0,7.474,0.575,5.255,6.87,31.15
AL1-20260702-0134,2026-07-02 01:53:32,72.0,4.0,6.895,0.403,7.621,8.167,49.4
AL1-20260702-0134,2026-07-02 01:53:36,76.0,4.0,6.782,0.251,15.776,7.15,104.4
AL1-20260702-0134,2026-07-02 01:53:40,80.0,4.0,6.0,0.221,14.274,6.087,90.15
AL1-20260702-0134,2026-07-02 01:53:44,84.0,4.0,7.212,0.385,9.522,8.19,60.65
AL1-20260702-0134,2026-07-02 01:53:49,89.0,6.0,8.35,0.593,4.59,8.09,27.65
AL1-20260702-0134,2026-07-02 01:53:55,95.0,6.0,9.452,0.77,3.606,9.768,20.15
AL1-20260702-0134,2026-07-02 01:54:01,101.0,6.0,8.18,0.65,3.454,7.778,18.82
AL1-20260702-0134,2026-07-02 01:54:23,123.0,14.0,9.21,0.836,1.593,8.778,9.58
AL1-20260702-1024,2026-07-02 10:23:45,-115.0,130.0,5.435,0.89,0.185,5.025,1.04
AL1-20260702-1024,2026-07-02 10:24:52,-48.0,4.0,3.861,0.227,5.614,4.037,52.74
AL1-20260702-1024,2026-07-02 10:24:56,-44.0,4.0,4.164,0.234,6.483,4.218,52.74
AL1-20260702-1024,2026-07-02 10:25:01,-39.0,6.0,4.509,0.323,3.057,5.195,24.91
AL1-20260702-1024,2026-07-02 10:25:08,-32.0,8.0,4.552,0.365,2.29,5.019,15.74
AL1-20260702-1024,2026-07-02 10:25:14,-26.0,4.0,3.549,0.119,14.836,3.463,136.75
AL1-20260702-1024,2026-07-02 10:25:18,-22.0,4.0,4.703,0.188,11.68,5.071,91.99
AL1-20260702-1024,2026-07-02 10:25:22,-18.0,4.0,4.635,0.215,8.844,4.939,65.74
AL1-20260702-1024,2026-07-02 10:25:26,-14.0,4.0,4.97,0.235,9.051,5.366,67.74
AL1-20260702-1024,2026-07-02 10:25:30,-10.0,4.0,5.03,0.245,8.496,5.006,61.24
AL1-20260702-1024,2026-07-02 10:25:34,-6.0,4.0,4.323,0.181,9.978,4.441,73.99
AL1-20260702-1024,2026-07-02 10:25:38,-2.0,4.0,5.127,0.169,16.463,5.053,118.5
AL1-20260702-1024,2026-07-02 10:25:42,2.0,4.0,6.526,0.247,14.76,6.659,87.5
AL1-20260702-1024,2026-07-02 10:25:46,6.0,4.0,7.058,0.378,8.782,7.622,55.24
AL1-20260702-1024,2026-07-02 10:25:50,10.0,4.0,7.451,0.441,7.561,7.208,46.75
AL1-20260702-1024,2026-07-02 10:25:54,14.0,4.0,8.407,0.71,4.91,9.626,30.75
AL1-20260702-1024,2026-07-02 10:26:00,20.0,8.0,10.779,0.943,2.736,9.968,14.99
AL1-20260702-1024,2026-07-02 10:26:09,29.0,10.0,10.095,0.95,1.869,11.306,10.54
AL1-20260703-1747,2026-07-03 18:03:51,-169.0,22.0,6.317,0.716,0.884,5.045,5.49
AL1-20260703-1747,2026-07-03 18:04:11,-149.0,18.0,6.286,0.632,1.122,6.078,7.0
AL1-20260703-1747,2026-07-03 18:04:26,-134.0,12.0,6.061,0.454,2.062,6.022,11.69
AL1-20260703-1747,2026-07-03 18:04:39,-121.0,14.0,6.518,0.535,1.651,6.875,9.8
AL1-20260703-1747,2026-07-03 18:04:52,-108.0,12.0,4.984,0.409,1.605,5.151,10.94
AL1-20260703-1747,2026-07-03 18:05:03,-97.0,10.0,5.865,0.432,2.381,5.299,15.54
AL1-20260703-1747,2026-07-03 18:05:14,-86.0,12.0,5.964,0.508,1.925,7.142,13.19
AL1-20260703-1747,2026-07-03 18:05:27,-73.0,14.0,5.745,0.487,1.538,5.388,10.44
AL1-20260703-1747,2026-07-03 18:05:44,-56.0,20.0,6.698,0.715,1.004,5.788,6.09
AL1-20260703-1747,2026-07-03 18:06:03,-37.0,18.0,5.107,0.528,1.049,5.468,8.5
AL1-20260703-1747,2026-07-03 18:06:17,-23.0,10.0,4.618,0.396,1.856,4.947,14.24
AL1-20260703-1747,2026-07-03 18:06:26,-14.0,8.0,5.026,0.35,2.742,5.673,21.57
AL1-20260703-1747,2026-07-03 18:06:34,-6.0,8.0,4.612,0.291,3.197,4.524,22.57
AL1-20260703-1747,2026-07-03 18:06:40,0.0,4.0,4.151,0.284,4.641,3.969,39.69
AL1-20260703-1747,2026-07-03 18:06:44,4.0,4.0,4.019,0.263,5.12,4.127,44.44
AL1-20260703-1747,2026-07-03 18:06:48,8.0,4.0,4.202,0.283,5.027,4.246,41.69
AL1-20260703-1747,2026-07-03 18:06:52,12.0,4.0,4.153,0.293,4.387,4.247,32.19
AL1-20260703-1747,2026-07-03 18:06:56,16.0,4.0,4.29,0.285,4.597,4.422,41.94
AL1-20260703-1747,2026-07-03 18:07:00,20.0,4.0,4.296,0.287,4.983,4.209,40.94
AL1-20260703-1747,2026-07-03 18:07:05,25.0,6.0,4.584,0.286,4.081,5.328,34.28
AL1-20260703-1747,2026-07-03 18:07:11,31.0,6.0,3.758,0.23,3.724,3.515,33.11
AL1-20260703-1747,2026-07-03 18:07:17,37.0,6.0,4.284,0.326,3.098,4.235,24.78
AL1-20260703-1747,2026-07-03 18:07:24,44.0,8.0,3.95,0.32,2.258,3.464,18.94
AL1-20260703-1747,2026-07-03 18:07:32,52.0,8.0,4.841,0.435,2.207,5.271,17.32
AL1-20260703-1747,2026-07-03 18:07:41,61.0,10.0,4.183,0.342,1.922,5.633,16.54
AL1-20260703-1747,2026-07-03 18:07:51,71.0,10.0,4.995,0.449,1.997,5.53,15.44
AL1-20260703-1747,2026-07-03 18:08:02,82.0,12.0,5.331,0.511,1.66,5.867,12.61
AL1-20260703-1747,2026-07-03 18:08:15,95.0,14.0,4.958,0.507,1.279,5.077,8.44
AL1-20260703-1747,2026-07-03 18:08:29,109.0,14.0,5.079,0.49,1.302,6.473,10.44
AL1-20260703-1747,2026-07-03 18:08:49,129.0,26.0,5.095,0.676,0.676,4.748,4.79
AL1-20260703-1747,2026-07-03 18:09:20,160.0,36.0,5.771,0.838,0.499,5.542,3.28
AL1-20260703-1855,2026-07-03 18:54:59,-141.0,78.0,2.041,0.335,0.162,2.068,2.7
AL1-20260703-1855,2026-07-03 18:55:45,-95.0,14.0,4.521,0.369,1.414,5.684,13.48
AL1-20260703-1855,2026-07-03 18:55:56,-84.0,8.0,4.629,0.322,2.567,4.299,18.14
AL1-20260703-1855,2026-07-03 18:56:02,-78.0,4.0,4.061,0.217,6.385,4.106,54.76
AL1-20260703-1855,2026-07-03 18:56:06,-74.0,4.0,4.143,0.179,9.366,4.486,78.26
AL1-20260703-1855,2026-07-03 18:56:10,-70.0,4.0,3.894,0.145,11.863,3.986,108.01
AL1-20260703-1855,2026-07-03 18:56:14,-66.0,4.0,3.755,0.103,21.012,3.935,184.76
AL1-20260703-1855,2026-07-03 18:56:18,-62.0,4.0,4.2,0.104,25.67,4.225,217.26
AL1-20260703-1855,2026-07-03 18:56:22,-58.0,4.0,3.756,0.078,35.58,3.848,318.76
AL1-20260703-1855,2026-07-03 18:56:26,-54.0,4.0,3.546,0.054,65.03,3.592,592.76
AL1-20260703-1855,2026-07-03 18:56:30,-50.0,4.0,3.434,0.048,78.027,3.45,725.51
AL1-20260703-1855,2026-07-03 18:56:34,-46.0,4.0,3.412,0.043,94.704,3.419,902.01
AL1-20260703-1855,2026-07-03 18:56:38,-42.0,4.0,3.311,0.043,93.606,3.317,918.76
AL1-20260703-1855,2026-07-03 18:56:42,-38.0,4.0,3.763,0.052,77.837,3.849,705.01
AL1-20260703-1855,2026-07-03 18:56:46,-34.0,4.0,4.033,0.061,66.025,4.197,564.76
AL1-20260703-1855,2026-07-03 18:56:50,-30.0,4.0,3.567,0.041,115.295,3.639,1073.26
AL1-20260703-1855,2026-07-03 18:56:54,-26.0,4.0,3.565,0.038,130.483,3.598,1216.26
AL1-20260703-1855,2026-07-03 18:56:58,-22.0,4.0,3.418,0.036,137.053,3.478,1316.26
AL1-20260703-1855,2026-07-03 18:57:02,-18.0,4.0,3.051,0.032,147.197,3.051,1550.51
AL1-20260703-1855,2026-07-03 18:57:06,-14.0,4.0,3.259,0.031,169.367,3.288,1720.76
AL1-20260703-1855,2026-07-03 18:57:10,-10.0,4.0,2.965,0.023,279.081,3.02,2985.01
AL1-20260703-1855,2026-07-03 18:57:14,-6.0,4.0,3.076,0.023,282.547,3.042,2954.51
AL1-20260703-1855,2026-07-03 18:57:18,-2.0,4.0,3.061,0.026,230.74,3.094,2408.01
AL1-20260703-1855,2026-07-03 18:57:22,2.0,4.0,3.006,0.025,239.934,3.022,2562.01
AL1-20260703-1855,2026-07-03 18:57:26,6.0,4.0,3.175,0.025,257.623,3.216,2587.01
AL1-20260703-1855,2026-07-03 18:57:30,10.0,4.0,3.424,0.031,181.79,3.46,1731.26
AL1-20260703-1855,2026-07-03 18:57:34,14.0,4.0,3.27,0.026,239.095,3.298,2391.76
AL1-20260703-1855,2026-07-03 18:57:38,18.0,4.0,3.389,0.027,232.835,3.401,2252.01
AL1-20260703-1855,2026-07-03 18:57:42,22.0,4.0,3.878,0.039,150.312,3.885,1327.01
AL1-20260703-1855,2026-07-03 18:57:46,26.0,4.0,3.872,0.039,145.966,3.945,1242.26
AL1-20260703-1855,2026-07-03 18:57:50,30.0,4.0,3.725,0.036,156.059,3.818,1421.01
AL1-20260703-1855,2026-07-03 18:57:54,34.0,4.0,3.734,0.035,168.877,3.744,1490.26
AL1-20260703-1855,2026-07-03 18:57:58,38.0,4.0,3.54,0.032,183.137,3.606,1693.51
AL1-20260703-1855,2026-07-03 18:58:02,42.0,4.0,3.881,0.039,146.055,3.921,1253.51
AL1-20260703-1855,2026-07-03 18:58:06,46.0,4.0,3.629,0.038,133.871,3.68,1239.01
AL1-20260703-1855,2026-07-03 18:58:10,50.0,4.0,3.768,0.046,99.555,3.856,885.51
AL1-20260703-1855,2026-07-03 18:58:14,54.0,4.0,4.093,0.065,60.592,4.073,511.01
AL1-20260703-1855,2026-07-03 18:58:18,58.0,4.0,4.786,0.099,38.228,4.72,293.76
AL1-20260703-1855,2026-07-03 18:58:22,62.0,4.0,4.801,0.116,28.588,5.037,217.26
AL1-20260703-1855,2026-07-03 18:58:26,66.0,4.0,4.804,0.134,21.987,4.851,163.51
AL1-20260703-1855,2026-07-03 18:58:30,70.0,4.0,5.1,0.152,20.106,5.472,142.26
AL1-20260703-1855,2026-07-03 18:58:34,74.0,4.0,5.021,0.19,13.916,5.397,105.51
AL1-20260703-1855,2026-07-03 18:58:38,78.0,4.0,4.551,0.201,9.552,4.663,72.51
AL1-20260703-1855,2026-07-03 18:58:42,82.0,4.0,4.199,0.245,5.783,4.362,44.76
AL1-20260703-1855,2026-07-03 18:58:46,86.0,4.0,4.105,0.285,4.791,4.664,38.51
AL1-20260703-1855,2026-07-03 18:58:50,90.0,4.0,4.426,0.33,4.596,6.539,40.76
AL1-20260703-1855,2026-07-03 18:58:54,94.0,4.0,4.255,0.293,4.555,4.726,36.76
AL1-20260703-1855,2026-07-03 18:58:59,99.0,6.0,4.174,0.338,2.919,3.933,23.43
AL1-20260703-1855,2026-07-03 18:59:06,106.0,8.0,4.392,0.363,2.38,4.709,17.51
AL1-20260703-1855,2026-07-03 18:59:14,114.0,8.0,3.892,0.354,1.965,3.93,18.39
AL1-20260703-1855,2026-07-03 18:59:23,123.0,10.0,3.777,0.361,1.434,4.04,12.36
AL1-20260703-1855,2026-07-03 18:59:34,134.0,12.0,4.227,0.374,1.484,3.981,12.35
AL1-20260703-1855,2026-07-03 18:59:45,145.0,10.0,5.041,0.484,1.681,4.591,11.46
AL1-20260703-1855,2026-07-03 18:59:57,157.0,14.0,5.702,0.621,1.408,6.343,10.48
AL1-20260704-0321,2026-07-04 03:27:39,-121.0,26.0,8.447,0.952,0.838,8.461,4.04
AL1-20260704-0321,2026-07-04 03:27:59,-101.0,14.0,7.921,0.719,1.558,7.24,8.2
AL1-20260704-0321,2026-07-04 03:31:58,138.0,84.0,7.439,0.984,0.267,8.535,1.44
AL1-20260704-1102,2026-07-04 11:06:39,-41.0,6.0,6.653,0.461,3.905,6.015,21.94
AL1-20260704-1102,2026-07-04 11:06:44,-36.0,4.0,6.631,0.505,5.455,5.914,30.36
AL1-20260704-1102,2026-07-04 11:06:49,-31.0,6.0,6.567,0.472,4.057,5.97,24.28
AL1-20260704-1102,2026-07-04 11:06:56,-24.0,8.0,7.814,0.66,2.585,8.948,14.61
AL1-20260704-1102,2026-07-04 11:07:05,-15.0,10.0,7.708,0.713,2.352,7.955,14.91
AL1-20260704-1102,2026-07-04 11:07:15,-5.0,10.0,7.493,0.658,2.162,7.641,12.31
AL1-20260704-2032,2026-07-04 20:37:43,-157.0,46.0,4.676,0.482,0.454,4.8,2.99
AL1-20260704-2032,2026-07-04 20:38:09,-131.0,6.0,3.758,0.165,6.555,4.129,57.45
AL1-20260704-2032,2026-07-04 20:38:14,-126.0,4.0,3.553,0.173,7.777,3.528,76.62
AL1-20260704-2032,2026-07-04 20:38:18,-122.0,4.0,3.415,0.172,7.284,3.249,67.87
AL1-20260704-2032,2026-07-04 20:38:23,-117.0,6.0,3.885,0.199,5.057,3.844,45.28
AL1-20260704-2032,2026-07-04 20:38:28,-112.0,4.0,3.782,0.26,4.583,3.386,40.12
AL1-20260704-2032,2026-07-04 20:38:32,-108.0,4.0,2.906,0.127,9.602,2.83,100.87
AL1-20260704-2032,2026-07-04 20:38:36,-104.0,4.0,2.642,0.116,9.966,2.767,123.87
AL1-20260704-2032,2026-07-04 20:38:40,-100.0,4.0,3.123,0.153,7.61,3.174,72.62
AL1-20260704-2032,2026-07-04 20:38:45,-95.0,6.0,3.253,0.235,2.813,3.266,29.78
AL1-20260704-2032,2026-07-04 20:38:51,-89.0,6.0,3.812,0.303,2.658,3.728,20.45
AL1-20260704-2032,2026-07-04 20:38:56,-84.0,4.0,5.043,0.372,4.724,5.057,33.87
AL1-20260704-2032,2026-07-04 20:39:03,-77.0,10.0,6.121,0.515,2.015,6.249,11.92
AL1-20260704-2032,2026-07-04 20:39:13,-67.0,10.0,7.769,0.545,2.535,7.879,14.02
AL1-20260704-2032,2026-07-04 20:39:20,-60.0,4.0,6.469,0.391,6.46,6.801,38.37
AL1-20260704-2032,2026-07-04 20:39:24,-56.0,4.0,6.149,0.331,8.457,6.354,55.12
AL1-20260704-2032,2026-07-04 20:39:28,-52.0,4.0,5.129,0.188,13.964,5.148,102.37
AL1-20260704-2032,2026-07-04 20:39:32,-48.0,4.0,4.97,0.213,10.249,4.765,76.62
AL1-20260704-2032,2026-07-04 20:39:36,-44.0,4.0,4.088,0.151,12.847,4.3,106.12
AL1-20260704-2032,2026-07-04 20:39:40,-40.0,4.0,3.597,0.096,22.71,3.621,204.62
AL1-20260704-2032,2026-07-04 20:39:44,-36.0,4.0,3.905,0.089,30.058,3.953,280.12
AL1-20260704-2032,2026-07-04 20:39:48,-32.0,4.0,3.922,0.084,33.706,3.916,285.12
AL1-20260704-2032,2026-07-04 20:39:52,-28.0,4.0,4.086,0.084,36.869,4.087,308.37
AL1-20260704-2032,2026-07-04 20:39:56,-24.0,4.0,3.77,0.064,52.87,3.781,474.87
AL1-20260704-2032,2026-07-04 20:40:00,-20.0,4.0,3.789,0.061,58.224,3.807,524.37
AL1-20260704-2032,2026-07-04 20:40:04,-16.0,4.0,3.678,0.052,77.423,3.67,720.87
AL1-20260704-2032,2026-07-04 20:40:08,-12.0,4.0,3.325,0.043,94.438,3.349,901.62
AL1-20260704-2032,2026-07-04 20:40:12,-8.0,4.0,3.219,0.043,87.012,3.255,861.12
AL1-20260704-2032,2026-07-04 20:40:16,-4.0,4.0,3.073,0.04,97.54,3.188,1014.37
AL1-20260704-2032,2026-07-04 20:40:20,0.0,4.0,3.134,0.044,81.679,3.163,841.37
AL1-20260704-2032,2026-07-04 20:40:24,4.0,4.0,3.476,0.054,65.364,3.635,623.12
AL1-20260704-2032,2026-07-04 20:40:28,8.0,4.0,3.203,0.049,67.481,3.191,690.37
AL1-20260704-2032,2026-07-04 20:40:32,12.0,4.0,3.396,0.056,57.687,3.585,561.62
AL1-20260704-2032,2026-07-04 20:40:36,16.0,4.0,3.385,0.06,50.715,3.427,493.62
AL1-20260704-2032,2026-07-04 20:40:40,20.0,4.0,3.362,0.06,48.868,3.505,483.62
AL1-20260704-2032,2026-07-04 20:40:44,24.0,4.0,3.752,0.076,37.89,3.847,337.87
AL1-20260704-2032,2026-07-04 20:40:48,28.0,4.0,4.023,0.095,29.162,4.302,250.87
AL1-20260704-2032,2026-07-04 20:40:52,32.0,4.0,4.195,0.12,20.885,4.443,178.62
AL1-20260704-2032,2026-07-04 20:40:56,36.0,4.0,4.452,0.142,17.509,4.672,135.87
AL1-20260704-2032,2026-07-04 20:41:00,40.0,4.0,4.507,0.159,14.642,4.742,112.62
AL1-20260704-2032,2026-07-04 20:41:04,44.0,4.0,4.717,0.185,12.384,5.134,89.62
AL1-20260704-2032,2026-07-04 20:41:08,48.0,4.0,4.957,0.263,8.892,5.147,68.87
AL1-20260704-2032,2026-07-04 20:41:12,52.0,4.0,5.557,0.307,8.206,6.04,55.37
AL1-20260704-2032,2026-07-04 20:41:16,56.0,4.0,5.222,0.28,7.922,5.308,57.12
AL1-20260704-2032,2026-07-04 20:41:20,60.0,4.0,5.352,0.38,5.549,5.191,35.12
AL1-20260704-2032,2026-07-04 20:41:25,65.0,6.0,6.416,0.642,3.771,8.359,26.28
AL1-20260704-2032,2026-07-04 20:41:31,71.0,6.0,7.386,0.716,3.474,9.529,21.45
AL1-20260704-2032,2026-07-04 20:41:38,78.0,8.0,9.158,0.932,2.579,8.798,11.74
AL1-20260705-1751,2026-07-05 17:53:29,-131.0,98.0,5.206,0.775,0.21,5.518,1.12
AL1-20260705-1751,2026-07-05 17:54:23,-77.0,10.0,4.139,0.312,1.943,3.897,15.39
AL1-20260705-1751,2026-07-05 17:54:33,-67.0,10.0,4.345,0.303,2.2,4.447,16.89
AL1-20260705-1751,2026-07-05 17:54:42,-58.0,8.0,4.481,0.307,2.804,4.424,21.19
AL1-20260705-1751,2026-07-05 17:54:49,-51.0,6.0,4.719,0.334,3.623,4.755,27.69
AL1-20260705-1751,2026-07-05 17:54:55,-45.0,6.0,5.224,0.394,3.381,5.031,23.53
AL1-20260705-1751,2026-07-05 17:55:02,-38.0,8.0,5.135,0.391,2.553,4.968,16.44
AL1-20260705-1751,2026-07-05 17:55:11,-29.0,10.0,6.455,0.53,2.229,7.256,13.69
AL1-20260705-1751,2026-07-05 17:55:19,-21.0,6.0,7.905,0.584,3.623,8.36,16.86
AL1-20260705-1751,2026-07-05 17:55:24,-16.0,4.0,7.369,0.562,5.295,7.038,31.94
AL1-20260705-1751,2026-07-05 17:55:28,-12.0,4.0,7.99,0.615,5.125,7.904,31.19
AL1-20260705-1751,2026-07-05 17:55:32,-8.0,4.0,6.681,0.465,6.396,6.937,43.94
AL1-20260705-1751,2026-07-05 17:55:36,-4.0,4.0,8.947,0.623,6.396,9.599,38.94
AL1-20260705-1751,2026-07-05 17:55:40,0.0,4.0,10.872,0.917,5.263,10.851,34.44
AL1-20260705-1751,2026-07-05 17:55:45,5.0,6.0,9.208,0.632,4.374,10.637,28.69
AL1-20260705-1751,2026-07-05 17:55:51,11.0,6.0,11.224,0.792,4.232,11.776,23.86
AL1-20260705-1751,2026-07-05 17:55:57,17.0,6.0,11.026,0.842,4.04,10.235,23.86
AL1-20260705-2114,2026-07-05 21:16:39,-121.0,118.0,6.431,0.963,0.195,,
AL1-20260705-2114,2026-07-05 21:17:51,-49.0,26.0,6.678,0.662,0.942,7.499,6.05
AL1-20260705-2114,2026-07-05 21:18:08,-32.0,8.0,5.873,0.352,4.011,5.888,27.72
AL1-20260705-2114,2026-07-05 21:18:14,-26.0,4.0,5.57,0.364,5.244,5.523,29.22
AL1-20260705-2114,2026-07-05 21:18:18,-22.0,4.0,5.057,0.285,6.737,5.351,49.97
AL1-20260705-2114,2026-07-05 21:18:22,-18.0,4.0,5.603,0.264,9.725,5.693,67.22
AL1-20260705-2114,2026-07-05 21:18:26,-14.0,4.0,5.224,0.228,10.668,5.463,81.97
AL1-20260705-2114,2026-07-05 21:18:30,-10.0,4.0,5.253,0.222,10.623,4.981,76.72
AL1-20260705-2114,2026-07-05 21:18:34,-6.0,4.0,5.415,0.246,9.867,5.452,66.47
AL1-20260705-2114,2026-07-05 21:18:38,-2.0,4.0,5.091,0.203,11.873,5.011,86.22
AL1-20260705-2114,2026-07-05 21:18:42,2.0,4.0,5.034,0.201,12.029,5.207,87.97
AL1-20260705-2114,2026-07-05 21:18:46,6.0,4.0,5.043,0.196,12.749,5.245,94.97
AL1-20260705-2114,2026-07-05 21:18:50,10.0,4.0,4.885,0.176,13.704,4.942,103.47
AL1-20260705-2114,2026-07-05 21:18:54,14.0,4.0,5.619,0.247,10.678,5.495,68.97
AL1-20260705-2114,2026-07-05 21:18:58,18.0,4.0,5.374,0.225,11.545,5.166,80.72
AL1-20260705-2114,2026-07-05 21:19:02,22.0,4.0,4.92,0.173,14.418,4.933,108.22
AL1-20260705-2114,2026-07-05 21:19:06,26.0,4.0,4.858,0.204,10.456,4.561,76.97
AL1-20260705-2114,2026-07-05 21:19:10,30.0,4.0,5.224,0.26,9.125,5.647,64.47
AL1-20260705-2114,2026-07-05 21:19:14,34.0,4.0,4.899,0.197,11.597,4.687,90.22
AL1-20260705-2114,2026-07-05 21:19:18,38.0,4.0,5.028,0.185,13.782,4.894,96.72
AL1-20260705-2114,2026-07-05 21:19:22,42.0,4.0,5.456,0.242,9.794,5.391,69.72
AL1-20260705-2114,2026-07-05 21:19:26,46.0,4.0,4.851,0.187,12.52,4.92,93.97
AL1-20260705-2114,2026-07-05 21:19:30,50.0,4.0,4.835,0.208,9.806,5.003,71.97
AL1-20260705-2114,2026-07-05 21:19:34,54.0,4.0,4.994,0.254,7.68,5.378,56.22
AL1-20260705-2114,2026-07-05 21:19:38,58.0,4.0,5.354,0.347,5.572,5.377,38.47
AL1-20260705-2114,2026-07-05 21:19:42,62.0,4.0,4.956,0.306,5.709,4.675,42.47
AL1-20260705-2114,2026-07-05 21:19:48,68.0,8.0,5.435,0.397,2.843,5.481,18.6
AL1-20260705-2114,2026-07-05 21:19:59,79.0,14.0,6.347,0.712,1.443,6.003,9.04
AL1-20260705-2114,2026-07-05 21:20:29,109.0,46.0,3.901,0.473,0.358,3.705,4.08
AL1-20260707-1414,2026-07-07 14:16:00,-160.0,40.0,6.945,0.728,0.622,5.736,3.18
AL1-20260707-1414,2026-07-07 14:16:25,-135.0,10.0,5.158,0.372,2.137,5.02,15.4
AL1-20260707-1414,2026-07-07 14:16:34,-126.0,8.0,5.576,0.444,2.761,6.734,22.98
AL1-20260707-1414,2026-07-07 14:16:42,-118.0,8.0,6.209,0.369,4.117,6.396,26.73
AL1-20260707-1414,2026-07-07 14:16:48,-112.0,4.0,4.905,0.326,5.332,5.326,42.6
AL1-20260707-1414,2026-07-07 14:16:52,-108.0,4.0,5.036,0.292,6.1,5.28,50.85
AL1-20260707-1414,2026-07-07 14:16:56,-104.0,4.0,5.222,0.34,5.367,5.292,39.85
AL1-20260707-1414,2026-07-07 14:17:01,-99.0,6.0,5.904,0.446,3.346,5.572,20.1
AL1-20260707-1414,2026-07-07 14:17:06,-94.0,4.0,5.295,0.401,4.669,5.476,33.85
AL1-20260707-1414,2026-07-07 14:17:11,-89.0,6.0,5.356,0.337,4.423,5.812,31.1
AL1-20260707-1414,2026-07-07 14:17:16,-84.0,4.0,4.926,0.334,4.819,5.088,34.85
AL1-20260707-1414,2026-07-07 14:17:21,-79.0,6.0,5.311,0.366,3.974,5.147,25.77
AL1-20260707-1414,2026-07-07 14:17:28,-72.0,8.0,5.601,0.412,3.175,5.211,20.35
AL1-20260707-1414,2026-07-07 14:17:35,-65.0,6.0,6.112,0.454,3.402,7.599,25.6
AL1-20260707-1414,2026-07-07 14:17:43,-57.0,10.0,5.425,0.446,2.051,5.461,14.9
AL1-20260707-1414,2026-07-07 14:17:54,-46.0,12.0,6.873,0.553,2.015,7.064,13.02
AL1-20260707-1414,2026-07-07 14:18:04,-36.0,8.0,5.499,0.291,4.549,5.759,31.98
AL1-20260707-1414,2026-07-07 14:18:10,-30.0,4.0,4.453,0.183,10.66,4.427,81.85
AL1-20260707-1414,2026-07-07 14:18:14,-26.0,4.0,4.319,0.219,7.552,4.216,58.35
AL1-20260707-1414,2026-07-07 14:18:18,-22.0,4.0,5.216,0.282,7.496,5.373,54.6
AL1-20260707-1414,2026-07-07 14:18:22,-18.0,4.0,4.723,0.314,5.342,5.249,40.35
AL1-20260707-1414,2026-07-07 14:18:27,-13.0,6.0,5.445,0.344,4.438,5.228,28.27
AL1-20260707-1414,2026-07-07 14:18:32,-8.0,4.0,5.742,0.41,5.111,6.064,36.6
AL1-20260707-1414,2026-07-07 14:18:36,-4.0,4.0,5.111,0.31,6.228,5.178,44.1
AL1-20260707-1414,2026-07-07 14:18:41,1.0,6.0,5.688,0.366,4.69,6.159,33.77
AL1-20260707-1414,2026-07-07 14:18:46,6.0,4.0,5.49,0.435,4.748,6.468,35.6
AL1-20260707-1414,2026-07-07 14:18:50,10.0,4.0,5.079,0.432,4.407,5.487,35.1
AL1-20260707-1414,2026-07-07 14:18:54,14.0,4.0,4.865,0.299,5.367,4.983,34.35
AL1-20260707-1414,2026-07-07 14:18:58,18.0,4.0,4.387,0.293,4.621,4.887,30.35
AL1-20260707-1414,2026-07-07 14:19:02,22.0,4.0,4.648,0.337,4.647,4.38,31.6
AL1-20260707-1414,2026-07-07 14:19:10,30.0,12.0,6.013,0.502,1.969,6.556,13.44
AL1-20260707-1414,2026-07-07 14:19:22,42.0,12.0,5.073,0.442,1.624,5.172,11.85
AL1-20260707-1414,2026-07-07 14:19:34,54.0,12.0,4.73,0.375,1.789,5.044,13.85
AL1-20260707-1414,2026-07-07 14:19:46,66.0,12.0,4.291,0.356,1.537,4.369,12.52
AL1-20260722-0627,2026-07-22 06:32:35,-65.0,6.0,4.808,0.279,4.427,5.11,33.97
AL1-20260722-0627,2026-07-22 06:32:40,-60.0,4.0,4.368,0.178,10.564,4.388,81.31
AL1-20260722-0627,2026-07-22 06:32:44,-56.0,4.0,4.362,0.144,15.387,4.542,120.06
AL1-20260722-0627,2026-07-22 06:32:48,-52.0,4.0,4.047,0.124,17.503,3.939,144.81
AL1-20260722-0627,2026-07-22 06:32:52,-48.0,4.0,4.267,0.108,24.941,4.396,202.56
AL1-20260722-0627,2026-07-22 06:32:56,-44.0,4.0,3.955,0.087,32.085,3.852,288.31
AL1-20260722-0627,2026-07-22 06:33:00,-40.0,4.0,3.969,0.097,26.441,3.9,236.81
AL1-20260722-0627,2026-07-22 06:33:04,-36.0,4.0,4.5,0.157,13.963,4.69,112.81
AL1-20260722-0627,2026-07-22 06:33:08,-32.0,4.0,4.045,0.12,18.898,4.002,160.56
AL1-20260722-0627,2026-07-22 06:33:12,-28.0,4.0,3.914,0.086,32.452,3.841,287.81
AL1-20260722-0627,2026-07-22 06:33:16,-24.0,4.0,4.484,0.166,13.769,4.721,115.81
AL1-20260722-0627,2026-07-22 06:33:20,-20.0,4.0,4.957,0.293,6.375,5.515,42.8
AL1-20260722-0627,2026-07-22 06:33:24,-16.0,4.0,5.94,0.32,8.116,6.081,57.8
AL1-20260722-0627,2026-07-22 06:33:28,-12.0,4.0,5.707,0.313,8.178,5.267,54.55
AL1-20260722-0627,2026-07-22 06:33:32,-8.0,4.0,5.418,0.372,5.402,5.079,38.05
AL1-20260722-0627,2026-07-22 06:33:36,-4.0,4.0,5.432,0.353,5.874,5.192,40.8
AL1-20260722-0627,2026-07-22 06:33:40,0.0,4.0,4.642,0.218,8.863,4.9,66.06
AL1-20260722-0627,2026-07-22 06:33:44,4.0,4.0,4.542,0.168,12.874,4.739,97.56
AL1-20260722-0627,2026-07-22 06:33:48,8.0,4.0,3.91,0.098,25.138,4.046,220.06
AL1-20260722-0627,2026-07-22 06:33:52,12.0,4.0,3.467,0.068,41.148,3.499,395.31
AL1-20260722-0627,2026-07-22 06:33:56,16.0,4.0,3.131,0.073,30.237,3.129,305.81
AL1-20260722-0627,2026-07-22 06:34:00,20.0,4.0,3.73,0.145,11.974,4.092,109.06
AL1-20260722-0627,2026-07-22 06:34:04,24.0,4.0,3.399,0.122,13.374,3.16,120.56
AL1-20260722-0627,2026-07-22 06:34:08,28.0,4.0,3.818,0.205,6.85,4.315,63.8
AL1-20260722-0627,2026-07-22 06:34:13,33.0,6.0,3.916,0.303,2.959,3.558,25.14
AL1-20260722-0627,2026-07-22 06:34:18,38.0,4.0,5.731,0.408,5.55,6.207,40.8
AL1-20260722-0627,2026-07-22 06:34:26,46.0,12.0,6.432,0.651,1.681,6.546,10.97
AL1-20260722-0627,2026-07-22 06:34:46,66.0,28.0,5.527,0.643,0.661,5.714,4.52
AL1-20260722-0627,2026-07-22 06:35:07,87.0,14.0,4.595,0.331,1.71,4.922,13.73
AL1-20260722-0627,2026-07-22 06:35:19,99.0,10.0,5.812,0.506,2.124,6.765,15.11
AL1-20260726-1519,2026-07-26 15:23:36,-164.0,32.0,4.317,0.419,0.641,4.632,5.1
AL1-20260726-1519,2026-07-26 15:23:58,-142.0,12.0,3.833,0.272,1.757,4.697,17.07
AL1-20260726-1519,2026-07-26 15:24:10,-130.0,12.0,4.188,0.348,1.412,4.621,10.9
AL1-20260726-1519,2026-07-26 15:24:21,-119.0,10.0,4.089,0.302,2.016,4.514,17.42
AL1-20260726-1519,2026-07-26 15:24:31,-109.0,10.0,3.854,0.278,1.951,4.385,17.62
AL1-20260726-1519,2026-07-26 15:24:40,-100.0,8.0,4.101,0.292,2.69,4.056,21.7
AL1-20260726-1519,2026-07-26 15:24:48,-92.0,8.0,3.911,0.267,2.599,4.121,20.45
AL1-20260726-1519,2026-07-26 15:24:56,-84.0,8.0,3.735,0.262,2.442,3.579,22.82
AL1-20260726-1519,2026-07-26 15:25:04,-76.0,8.0,3.847,0.296,2.079,3.614,16.95
AL1-20260726-1519,2026-07-26 15:25:13,-67.0,10.0,5.225,0.409,2.124,4.964,13.72
AL1-20260726-1519,2026-07-26 15:25:21,-59.0,6.0,4.818,0.312,3.965,4.799,29.82
AL1-20260726-1519,2026-07-26 15:25:26,-54.0,4.0,4.429,0.212,8.029,4.449,59.82
AL1-20260726-1519,2026-07-26 15:25:30,-50.0,4.0,4.177,0.152,13.048,4.31,109.57
AL1-20260726-1519,2026-07-26 15:25:34,-46.0,4.0,4.143,0.141,14.567,4.138,121.82
AL1-20260726-1519,2026-07-26 15:25:38,-42.0,4.0,3.948,0.139,13.667,4.111,108.57
AL1-20260726-1519,2026-07-26 15:25:42,-38.0,4.0,3.539,0.091,24.122,3.387,222.07
AL1-20260726-1519,2026-07-26 15:25:46,-34.0,4.0,3.204,0.07,34.27,3.166,347.07
AL1-20260726-1519,2026-07-26 15:25:50,-30.0,4.0,3.212,0.067,36.93,3.35,382.32
AL1-20260726-1519,2026-07-26 15:25:54,-26.0,4.0,3.085,0.067,35.273,3.18,371.32
AL1-20260726-1519,2026-07-26 15:25:58,-22.0,4.0,3.016,0.078,25.441,3.096,273.57
AL1-20260726-1519,2026-07-26 15:26:02,-18.0,4.0,3.158,0.091,20.292,3.097,199.32
AL1-20260726-1519,2026-07-26 15:26:06,-14.0,4.0,3.192,0.102,16.577,3.426,166.32
AL1-20260726-1519,2026-07-26 15:26:10,-10.0,4.0,3.219,0.132,10.555,3.113,105.57
AL1-20260726-1519,2026-07-26 15:26:14,-6.0,4.0,2.817,0.221,3.597,2.942,39.07
AL1-20260726-1519,2026-07-26 15:26:18,-2.0,4.0,3.752,0.264,4.315,4.218,41.82
AL1-20260726-1519,2026-07-26 15:26:22,2.0,4.0,3.859,0.147,11.97,3.757,103.82
AL1-20260726-1519,2026-07-26 15:26:26,6.0,4.0,3.503,0.112,16.127,3.538,150.57
AL1-20260726-1519,2026-07-26 15:26:30,10.0,4.0,3.464,0.133,11.602,3.656,116.82
AL1-20260726-1519,2026-07-26 15:26:34,14.0,4.0,3.579,0.173,7.913,3.669,76.82
AL1-20260726-1519,2026-07-26 15:26:38,18.0,4.0,3.494,0.226,4.904,4.034,51.32
AL1-20260726-1519,2026-07-26 15:26:42,22.0,4.0,3.838,0.167,9.567,3.957,82.32
AL1-20260726-1519,2026-07-26 15:26:46,26.0,4.0,3.538,0.129,12.77,3.511,123.57
AL1-20260726-1519,2026-07-26 15:26:50,30.0,4.0,3.106,0.138,9.234,3.163,90.82
AL1-20260726-1519,2026-07-26 15:26:54,34.0,4.0,3.602,0.185,7.036,3.086,67.82
AL1-20260726-1519,2026-07-26 15:26:58,38.0,4.0,3.581,0.26,4.055,4.022,42.07
AL1-20260726-1519,2026-07-26 15:27:04,44.0,8.0,3.491,0.259,2.154,3.621,17.57
AL1-20260726-1519,2026-07-26 15:27:16,56.0,16.0,3.355,0.343,0.89,3.384,7.32
AL1-20260726-1519,2026-07-26 15:27:31,71.0,14.0,3.928,0.394,1.145,3.967,10.25
AL1-20260726-1519,2026-07-26 15:28:00,100.0,44.0,3.848,0.58,0.348,4.52,3.48
AL1-20260726-1519,2026-07-26 15:28:42,142.0,40.0,3.347,0.44,0.381,3.54,3.97
AL1-20260820-1132,2026-08-20 11:32:13,-147.0,66.0,3.494,0.55,0.286,3.083,2.3
AL1-20260820-1132,2026-08-20 11:32:54,-106.0,16.0,3.503,0.387,1.024,2.954,9.22
AL1-20260820-1132,2026-08-20 11:33:10,-90.0,16.0,3.943,0.453,1.081,4.671,9.35
AL1-20260820-1132,2026-08-20 11:33:24,-76.0,12.0,4.451,0.318,2.195,4.613,15.93
AL1-20260820-1132,2026-08-20 11:33:33,-67.0,6.0,4.488,0.358,3.314,4.386,26.51
AL1-20260820-1132,2026-08-20 11:33:38,-62.0,4.0,4.927,0.259,8.001,5.276,57.35
AL1-20260820-1132,2026-08-20 11:33:42,-58.0,4.0,4.293,0.253,6.684,3.972,56.1
AL1-20260820-1132,2026-08-20 11:33:46,-54.0,4.0,4.76,0.27,7.569,5.276,61.85
AL1-20260820-1132,2026-08-20 11:33:50,-50.0,4.0,4.219,0.232,7.157,4.46,58.85
AL1-20260820-1132,2026-08-20 11:33:54,-46.0,4.0,3.89,0.197,7.796,3.901,65.85
AL1-20260820-1132,2026-08-20 11:33:58,-42.0,4.0,3.744,0.215,6.58,3.878,62.85
AL1-20260820-1132,2026-08-20 11:34:03,-37.0,6.0,5.29,0.343,4.41,5.973,32.68
AL1-20260820-1132,2026-08-20 11:34:08,-32.0,4.0,4.778,0.315,6.141,4.585,46.6
AL1-20260820-1132,2026-08-20 11:34:12,-28.0,4.0,5.01,0.401,4.628,4.601,33.35
AL1-20260820-1132,2026-08-20 11:34:17,-23.0,6.0,5.549,0.367,4.875,5.622,32.18
AL1-20260820-1132,2026-08-20 11:34:22,-18.0,4.0,5.477,0.41,5.139,5.269,32.85
AL1-20260820-1132,2026-08-20 11:34:26,-14.0,4.0,5.547,0.427,5.512,5.411,37.85
AL1-20260820-1132,2026-08-20 11:34:30,-10.0,4.0,5.083,0.282,7.443,5.158,51.6
AL1-20260820-1132,2026-08-20 11:34:34,-6.0,4.0,5.064,0.196,13.252,5.205,98.85
AL1-20260820-1132,2026-08-20 11:34:38,-2.0,4.0,4.827,0.191,13.185,5.012,99.1
AL1-20260820-1132,2026-08-20 11:34:42,2.0,4.0,4.885,0.187,13.638,4.797,102.85
AL1-20260820-1132,2026-08-20 11:34:46,6.0,4.0,5.199,0.207,13.601,5.426,95.6
AL1-20260820-1132,2026-08-20 11:34:50,10.0,4.0,5.37,0.215,13.354,5.42,94.35
AL1-20260820-1132,2026-08-20 11:34:54,14.0,4.0,5.171,0.216,12.121,5.193,86.6
AL1-20260820-1132,2026-08-20 11:34:58,18.0,4.0,5.373,0.253,10.82,5.04,70.1
AL1-20260820-1132,2026-08-20 11:35:02,22.0,4.0,5.689,0.303,8.791,5.237,62.85
AL1-20260820-1132,2026-08-20 11:35:06,26.0,4.0,5.312,0.285,8.211,5.568,53.35
AL1-20260820-1132,2026-08-20 11:35:10,30.0,4.0,5.898,0.354,8.113,5.677,56.35
AL1-20260820-1132,2026-08-20 11:35:14,34.0,4.0,4.732,0.282,6.909,4.757,51.85
AL1-20260820-1132,2026-08-20 11:35:18,38.0,4.0,5.71,0.372,6.949,6.124,49.1
AL1-20260820-1132,2026-08-20 11:35:22,42.0,4.0,5.209,0.29,7.69,5.023,51.85
AL1-20260820-1132,2026-08-20 11:35:26,46.0,4.0,5.351,0.31,7.994,4.937,62.1
AL1-20260820-1132,2026-08-20 11:35:30,50.0,4.0,5.381,0.293,8.522,6.052,62.85
AL1-20260820-1132,2026-08-20 11:35:34,54.0,4.0,5.012,0.276,7.84,4.969,62.1
AL1-20260820-1132,2026-08-20 11:35:38,58.0,4.0,5.097,0.283,7.677,5.181,56.6
AL1-20260820-1132,2026-08-20 11:35:42,62.0,4.0,4.943,0.313,6.671,5.3,51.35
AL1-20260820-1132,2026-08-20 11:35:46,66.0,4.0,4.549,0.282,6.023,4.071,43.85
AL1-20260820-1132,2026-08-20 11:35:50,70.0,4.0,4.718,0.385,4.655,5.232,36.1
AL1-20260820-1132,2026-08-20 11:35:55,75.0,6.0,4.999,0.415,3.6,4.894,26.85
AL1-20260820-1132,2026-08-20 11:36:00,80.0,4.0,4.782,0.287,6.092,4.676,44.35
AL1-20260820-1132,2026-08-20 11:36:04,84.0,4.0,4.545,0.256,7.524,4.719,60.35
AL1-20260820-1132,2026-08-20 11:36:08,88.0,4.0,4.453,0.28,6.198,5.172,52.6
AL1-20260820-1132,2026-08-20 11:36:12,92.0,4.0,4.258,0.265,6.009,4.3,51.6
AL1-20260820-1132,2026-08-20 11:36:16,96.0,4.0,4.21,0.232,7.377,4.266,54.35
AL1-20260820-1132,2026-08-20 11:36:20,100.0,4.0,4.505,0.22,9.13,4.695,74.6
AL1-20260820-1132,2026-08-20 11:36:24,104.0,4.0,4.34,0.252,6.713,4.01,52.35
AL1-20260820-1132,2026-08-20 11:36:28,108.0,4.0,3.744,0.256,5.1,4.163,46.35
AL1-20260820-1132,2026-08-20 11:36:32,112.0,4.0,3.948,0.28,4.87,4.635,37.6
AL1-20260820-1132,2026-08-20 11:36:36,116.0,4.0,4.239,0.28,5.172,4.88,43.35
AL1-20260820-1132,2026-08-20 11:36:40,120.0,4.0,4.534,0.268,6.336,4.315,45.6
AL1-20260820-1132,2026-08-20 11:36:44,124.0,4.0,5.045,0.347,5.584,5.489,43.6
AL1-20260820-1132,2026-08-20 11:36:48,128.0,4.0,3.684,0.227,5.629,3.647,49.6
AL1-20260820-1132,2026-08-20 11:36:52,132.0,4.0,4.303,0.265,6.057,4.301,50.1
AL1-20260820-1132,2026-08-20 11:36:56,136.0,4.0,3.995,0.253,5.9,4.407,52.85
AL1-20260820-1132,2026-08-20 11:37:00,140.0,4.0,3.86,0.248,5.535,4.077,48.85
AL1-20260820-1132,2026-08-20 11:37:04,144.0,4.0,4.289,0.324,4.625,4.576,34.35
AL1-20260820-1132,2026-08-20 11:37:09,149.0,6.0,4.122,0.346,3.022,4.125,26.18
AL1-20260820-1132,2026-08-20 11:37:16,156.0,8.0,4.176,0.404,2.099,4.753,17.85
AL1-20260820-1132,2026-08-20 11:37:26,166.0,12.0,5.248,0.655,1.524,5.822,11.51
AL1-20260825-0946,2026-08-25 09:53:30,-170.0,20.0,6.222,0.721,1.07,7.765,7.37
AL1-20260825-0946,2026-08-25 09:53:45,-155.0,10.0,6.379,0.502,2.157,5.765,10.92
AL1-20260825-0946,2026-08-25 09:53:54,-146.0,8.0,6.181,0.458,2.997,6.929,18.17
AL1-20260825-0946,2026-08-25 09:54:03,-137.0,10.0,7.765,0.71,2.19,6.895,14.42
AL1-20260825-0946,2026-08-25 09:54:12,-128.0,8.0,5.719,0.539,2.443,6.214,16.42
AL1-20260825-0946,2026-08-25 09:54:21,-119.0,10.0,5.88,0.528,2.093,5.712,11.52
AL1-20260825-0946,2026-08-25 09:54:31,-109.0,10.0,5.343,0.451,2.265,4.829,15.22
AL1-20260825-0946,2026-08-25 09:54:39,-101.0,6.0,5.652,0.44,3.405,6.051,21.92
AL1-20260825-0946,2026-08-25 09:54:45,-95.0,6.0,5.495,0.438,3.276,5.536,23.92
AL1-20260825-0946,2026-08-25 09:54:51,-89.0,6.0,5.071,0.317,4.311,4.801,30.25
AL1-20260825-0946,2026-08-25 09:54:56,-84.0,4.0,5.499,0.318,7.052,5.545,51.42
AL1-20260825-0946,2026-08-25 09:55:00,-80.0,4.0,5.577,0.352,6.136,5.938,38.92
AL1-20260825-0946,2026-08-25 09:55:04,-76.0,4.0,5.297,0.349,5.678,5.48,38.92
AL1-20260825-0946,2026-08-25 09:55:08,-72.0,4.0,4.283,0.311,4.514,4.398,35.67
AL1-20260825-0946,2026-08-25 09:55:12,-68.0,4.0,4.849,0.295,6.13,4.868,48.42
AL1-20260825-0946,2026-08-25 09:55:16,-64.0,4.0,4.299,0.276,5.278,4.51,40.42
AL1-20260825-0946,2026-08-25 09:55:20,-60.0,4.0,4.804,0.286,6.059,5.074,44.42
AL1-20260825-0946,2026-08-25 09:55:24,-56.0,4.0,4.578,0.244,7.172,4.49,51.67
AL1-20260825-0946,2026-08-25 09:55:28,-52.0,4.0,5.198,0.267,8.302,5.137,59.17
AL1-20260825-0946,2026-08-25 09:55:32,-48.0,4.0,4.917,0.22,10.019,5.04,79.42
AL1-20260825-0946,2026-08-25 09:55:36,-44.0,4.0,4.734,0.189,11.812,4.736,85.42
AL1-20260825-0946,2026-08-25 09:55:40,-40.0,4.0,4.286,0.158,13.263,4.473,107.42
AL1-20260825-0946,2026-08-25 09:55:44,-36.0,4.0,4.442,0.14,16.97,4.873,133.42
AL1-20260825-0946,2026-08-25 09:55:48,-32.0,4.0,4.425,0.122,21.737,4.378,173.17
AL1-20260825-0946,2026-08-25 09:55:52,-28.0,4.0,4.011,0.102,24.85,4.068,219.42
AL1-20260825-0946,2026-08-25 09:55:56,-24.0,4.0,3.901,0.093,28.292,3.848,239.42
AL1-20260825-0946,2026-08-25 09:56:00,-20.0,4.0,3.972,0.101,24.869,3.944,204.42
AL1-20260825-0946,2026-08-25 09:56:04,-16.0,4.0,4.041,0.108,22.913,4.174,199.42
AL1-20260825-0946,2026-08-25 09:56:08,-12.0,4.0,4.279,0.12,21.173,4.353,172.42
AL1-20260825-0946,2026-08-25 09:56:12,-8.0,4.0,4.188,0.113,22.48,4.029,184.67
AL1-20260825-0946,2026-08-25 09:56:16,-4.0,4.0,4.189,0.111,23.397,4.2,190.67
AL1-20260825-0946,2026-08-25 09:56:20,0.0,4.0,4.05,0.11,22.281,4.182,192.17
AL1-20260825-0946,2026-08-25 09:56:24,4.0,4.0,4.329,0.121,21.183,4.591,171.92
AL1-20260825-0946,2026-08-25 09:56:28,8.0,4.0,4.336,0.124,20.761,4.386,169.92
AL1-20260825-0946,2026-08-25 09:56:32,12.0,4.0,4.348,0.126,20.389,4.525,160.42
AL1-20260825-0946,2026-08-25 09:56:36,16.0,4.0,3.99,0.124,17.586,4.408,157.17
AL1-20260825-0946,2026-08-25 09:56:40,20.0,4.0,4.048,0.128,17.1,4.092,147.42
AL1-20260825-0946,2026-08-25 09:56:44,24.0,4.0,4.484,0.142,17.379,4.353,139.17
AL1-20260825-0946,2026-08-25 09:56:48,28.0,4.0,4.166,0.153,13.475,4.416,109.67
AL1-20260825-0946,2026-08-25 09:56:52,32.0,4.0,4.808,0.184,13.171,5.389,102.92
AL1-20260825-0946,2026-08-25 09:56:56,36.0,4.0,4.402,0.191,10.536,4.669,85.17
AL1-20260825-0946,2026-08-25 09:57:00,40.0,4.0,4.49,0.211,9.776,4.516,77.42
AL1-20260825-0946,2026-08-25 09:57:04,44.0,4.0,4.73,0.223,9.324,4.889,63.67
AL1-20260825-0946,2026-08-25 09:57:08,48.0,4.0,4.646,0.229,8.849,4.859,69.17
AL1-20260825-0946,2026-08-25 09:57:12,52.0,4.0,4.57,0.209,9.478,4.621,74.92
AL1-20260825-0946,2026-08-25 09:57:16,56.0,4.0,4.741,0.239,8.871,4.724,66.92
AL1-20260825-0946,2026-08-25 09:57:20,60.0,4.0,4.687,0.243,8.113,4.756,54.92
AL1-20260825-0946,2026-08-25 09:57:24,64.0,4.0,5.02,0.338,5.949,5.852,45.92
AL1-20260825-0946,2026-08-25 09:57:28,68.0,4.0,4.41,0.352,4.058,4.848,32.17
AL1-20260825-0946,2026-08-25 09:57:33,73.0,6.0,4.611,0.326,3.666,5.249,32.09
AL1-20260825-0946,2026-08-25 09:57:40,80.0,8.0,6.204,0.468,3.254,6.43,22.54
AL1-20260825-0946,2026-08-25 09:57:48,88.0,8.0,5.388,0.462,2.525,5.148,16.54
AL1-20260825-0946,2026-08-25 09:57:56,96.0,8.0,5.156,0.422,2.612,5.806,19.29
AL1-20260825-0946,2026-08-25 09:58:04,104.0,8.0,5.637,0.577,2.379,5.732,16.92
AL1-20260825-0946,2026-08-25 09:58:12,112.0,8.0,5.906,0.591,2.346,7.012,18.79
AL1-20260825-0946,2026-08-25 09:58:20,120.0,8.0,4.257,0.331,2.324,5.09,19.54
AL1-20260825-0946,2026-08-25 09:58:28,128.0,8.0,4.713,0.4,2.259,4.827,17.54
AL1-20260825-0946,2026-08-25 09:58:37,137.0,10.0,4.635,0.376,2.205,6.416,19.82
AL1-20260825-0946,2026-08-25 09:58:48,148.0,12.0,4.66,0.429,1.449,4.543,11.25
AL1-20260825-0946,2026-08-25 09:59:01,161.0,14.0,5.0,0.498,1.376,4.735,8.63
AL1-20260825-1025,2026-08-25 10:24:59,-121.0,118.0,5.146,0.972,0.183,4.184,1.47
AL1-20260825-1025,2026-08-25 10:26:07,-53.0,18.0,4.228,0.394,1.011,3.87,7.31
AL1-20260825-1025,2026-08-25 10:26:23,-37.0,14.0,4.507,0.406,1.375,4.278,12.7
AL1-20260825-1025,2026-08-25 10:26:37,-23.0,14.0,4.561,0.376,1.508,3.551,11.13
AL1-20260825-1025,2026-08-25 10:26:49,-11.0,10.0,4.271,0.335,1.929,4.636,16.7
AL1-20260825-1025,2026-08-25 10:26:59,-1.0,10.0,4.638,0.349,2.143,5.059,17.9
AL1-20260825-1025,2026-08-25 10:27:07,7.0,6.0,4.703,0.325,3.659,4.48,28.7
AL1-20260825-1025,2026-08-25 10:27:13,13.0,6.0,4.13,0.271,3.36,4.441,25.37
AL1-20260825-1025,2026-08-25 10:27:19,19.0,6.0,4.062,0.257,3.555,4.206,29.37
AL1-20260825-1025,2026-08-25 10:27:25,25.0,6.0,4.152,0.262,3.707,3.761,28.37
AL1-20260825-1025,2026-08-25 10:27:31,31.0,6.0,3.949,0.276,3.245,3.926,28.37
AL1-20260825-1025,2026-08-25 10:27:37,37.0,6.0,3.704,0.272,2.89,3.697,24.54
AL1-20260825-1025,2026-08-25 10:27:45,45.0,10.0,3.824,0.274,2.109,3.309,20.5
AL1-20260825-1025,2026-08-25 10:27:55,55.0,10.0,3.881,0.308,1.718,3.971,16.9
AL1-20260825-1025,2026-08-25 10:28:06,66.0,12.0,3.675,0.276,1.633,3.225,15.29
AL1-20260825-1025,2026-08-25 10:28:20,80.0,16.0,3.055,0.291,0.96,3.619,12.08
AL1-20260825-1025,2026-08-25 10:28:43,103.0,30.0,3.236,0.352,0.512,4.332,4.9
AL1-20260826-0628,2026-08-26 06:29:46,-114.0,132.0,4.627,0.613,0.175,5.153,1.56
AL1-20260826-0628,2026-08-26 06:30:57,-43.0,10.0,4.15,0.248,2.582,4.092,19.78
AL1-20260826-0628,2026-08-26 06:31:04,-36.0,4.0,3.671,0.177,7.784,3.768,65.08
AL1-20260826-0628,2026-08-26 06:31:08,-32.0,4.0,3.613,0.12,15.294,3.627,145.08
AL1-20260826-0628,2026-08-26 06:31:12,-28.0,4.0,3.457,0.097,20.658,3.51,200.08
AL1-20260826-0628,2026-08-26 06:31:16,-24.0,4.0,3.375,0.073,33.956,3.4,329.08
AL1-20260826-0628,2026-08-26 06:31:20,-20.0,4.0,3.25,0.079,27.385,3.181,263.33
AL1-20260826-0628,2026-08-26 06:31:24,-16.0,4.0,3.304,0.098,18.924,3.202,183.33
AL1-20260826-0628,2026-08-26 06:31:28,-12.0,4.0,3.769,0.112,18.673,3.827,162.83
AL1-20260826-0628,2026-08-26 06:31:32,-8.0,4.0,3.304,0.071,34.642,3.352,352.83
AL1-20260826-0628,2026-08-26 06:31:36,-4.0,4.0,3.371,0.083,26.896,3.435,261.33
AL1-20260826-0628,2026-08-26 06:31:40,0.0,4.0,3.184,0.073,31.374,3.12,322.33
AL1-20260826-0628,2026-08-26 06:31:44,4.0,4.0,2.816,0.058,40.282,2.851,449.33
AL1-20260826-0628,2026-08-26 06:31:48,8.0,4.0,2.941,0.071,28.84,2.815,297.58
AL1-20260826-0628,2026-08-26 06:31:52,12.0,4.0,3.003,0.081,23.213,2.9,243.08
AL1-20260826-0628,2026-08-26 06:31:56,16.0,4.0,3.039,0.091,19.276,2.995,200.08
AL1-20260826-0628,2026-08-26 06:32:00,20.0,4.0,3.063,0.081,24.018,3.084,244.33
AL1-20260826-0628,2026-08-26 06:32:04,24.0,4.0,2.909,0.071,28.936,2.892,314.58
AL1-20260826-0628,2026-08-26 06:32:08,28.0,4.0,3.015,0.082,22.676,2.935,233.08
AL1-20260826-0628,2026-08-26 06:32:12,32.0,4.0,2.992,0.081,23.195,3.039,241.33
AL1-20260826-0628,2026-08-26 06:32:16,36.0,4.0,3.23,0.078,27.798,3.37,286.83
AL1-20260826-0628,2026-08-26 06:32:20,40.0,4.0,3.24,0.103,16.846,3.352,171.58
AL1-20260826-0628,2026-08-26 06:32:24,44.0,4.0,3.388,0.105,17.5,3.445,170.33
AL1-20260826-0628,2026-08-26 06:32:28,48.0,4.0,3.345,0.11,15.635,3.21,154.58
AL1-20260826-0628,2026-08-26 06:32:32,52.0,4.0,3.655,0.156,9.991,3.698,86.83
AL1-20260826-0628,2026-08-26 06:32:36,56.0,4.0,3.657,0.199,6.826,3.966,59.83
AL1-20260826-0628,2026-08-26 06:32:40,60.0,4.0,3.664,0.218,5.749,3.426,51.33
AL1-20260826-0628,2026-08-26 06:32:44,64.0,4.0,3.564,0.213,5.515,3.732,51.33
AL1-20260826-0628,2026-08-26 06:32:48,68.0,4.0,3.227,0.236,4.102,3.555,39.08
AL1-20260826-0628,2026-08-26 06:32:53,73.0,6.0,3.531,0.269,2.707,3.316,25.25
AL1-20260826-0628,2026-08-26 06:33:03,83.0,14.0,3.099,0.307,1.058,3.564,11.51
AL1-20260826-0628,2026-08-26 06:33:22,102.0,24.0,2.713,0.34,0.521,2.711,5.79
AL1-20260902-1900,2026-09-02 19:10:04,-176.0,8.0,5.455,0.442,2.57,5.167,20.63
AL1-20260902-1900,2026-09-02 19:10:11,-169.0,6.0,4.839,0.25,5.786,4.765,43.8
AL1-20260902-1900,2026-09-02 19:10:16,-164.0,4.0,4.827,0.261,6.91,4.696,49.63
AL1-20260902-1900,2026-09-02 19:10:20,-160.0,4.0,4.609,0.188,10.976,4.577,86.39
AL1-20260902-1900,2026-09-02 19:10:24,-156.0,4.0,4.587,0.22,8.302,4.525,64.88
AL1-20260902-1900,2026-09-02 19:10:28,-152.0,4.0,3.902,0.173,9.265,4.028,75.88
AL1-20260902-1900,2026-09-02 19:10:32,-148.0,4.0,3.948,0.199,7.39,4.11,58.13
AL1-20260902-1900,2026-09-02 19:10:36,-144.0,4.0,4.299,0.231,7.043,4.387,57.13
AL1-20260902-1900,2026-09-02 19:10:40,-140.0,4.0,4.133,0.26,5.243,4.008,43.89
AL1-20260902-1900,2026-09-02 19:10:45,-135.0,6.0,4.263,0.221,5.323,4.672,46.47
AL1-20260902-1900,2026-09-02 19:10:50,-130.0,4.0,4.363,0.33,4.418,4.645,37.63
AL1-20260902-1900,2026-09-02 19:10:54,-126.0,4.0,4.665,0.306,5.228,3.849,38.88
AL1-20260902-1900,2026-09-02 19:10:58,-122.0,4.0,4.054,0.245,5.829,3.994,48.63
AL1-20260902-1900,2026-09-02 19:11:02,-118.0,4.0,4.27,0.244,6.306,4.518,49.63
AL1-20260902-1900,2026-09-02 19:11:06,-114.0,4.0,3.868,0.235,5.396,4.072,45.64
AL1-20260902-1900,2026-09-02 19:11:10,-110.0,4.0,4.155,0.248,5.495,3.976,44.63
AL1-20260902-1900,2026-09-02 19:11:14,-106.0,4.0,4.177,0.241,6.06,4.397,49.63
AL1-20260902-1900,2026-09-02 19:11:18,-102.0,4.0,3.904,0.269,4.399,3.725,40.88
AL1-20260902-1900,2026-09-02 19:11:22,-98.0,4.0,3.617,0.234,5.031,4.403,49.14
AL1-20260902-1900,2026-09-02 19:11:27,-93.0,6.0,3.486,0.222,3.494,3.59,30.64
AL1-20260902-1900,2026-09-02 19:11:33,-87.0,6.0,4.064,0.278,3.284,3.837,27.3
AL1-20260902-1900,2026-09-02 19:11:40,-80.0,8.0,4.386,0.317,2.521,4.485,19.88
AL1-20260902-1900,2026-09-02 19:11:47,-73.0,6.0,4.409,0.345,2.963,4.155,20.8
AL1-20260902-1900,2026-09-02 19:11:54,-66.0,8.0,4.401,0.354,2.215,4.73,16.63
AL1-20260902-1900,2026-09-02 19:12:02,-58.0,8.0,4.38,0.308,2.703,4.513,21.13
AL1-20260902-1900,2026-09-02 19:12:09,-51.0,6.0,3.989,0.318,2.772,3.895,21.97
AL1-20260902-1900,2026-09-02 19:12:15,-45.0,6.0,3.796,0.279,2.941,3.433,23.97
AL1-20260902-1900,2026-09-02 19:12:22,-38.0,8.0,3.788,0.282,2.41,3.878,21.63
AL1-20260902-1900,2026-09-02 19:12:30,-30.0,8.0,3.934,0.312,2.203,3.657,19.64
AL1-20260902-1900,2026-09-02 19:12:37,-23.0,6.0,3.921,0.286,2.841,3.989,27.64
AL1-20260902-1900,2026-09-02 19:12:43,-17.0,6.0,3.62,0.246,3.134,3.807,28.64
AL1-20260902-1900,2026-09-02 19:12:49,-11.0,6.0,3.306,0.224,3.166,3.017,28.14
AL1-20260902-1900,2026-09-02 19:12:55,-5.0,6.0,3.305,0.222,3.199,3.472,30.8
AL1-20260902-1900,2026-09-02 19:13:00,0.0,4.0,3.593,0.218,5.343,4.011,54.63
AL1-20260902-1900,2026-09-02 19:13:04,4.0,4.0,3.592,0.201,6.049,3.484,58.38
AL1-20260902-1900,2026-09-02 19:13:08,8.0,4.0,3.615,0.161,8.816,3.664,88.13
AL1-20260902-1900,2026-09-02 19:13:12,12.0,4.0,3.379,0.152,8.893,3.506,96.13
AL1-20260902-1900,2026-09-02 19:13:16,16.0,4.0,3.23,0.129,11.078,3.446,110.88
AL1-20260902-1900,2026-09-02 19:13:20,20.0,4.0,3.123,0.145,8.513,3.391,89.13
AL1-20260902-1900,2026-09-02 19:13:24,24.0,4.0,2.952,0.133,9.102,3.224,99.13
AL1-20260902-1900,2026-09-02 19:13:28,28.0,4.0,3.247,0.153,8.055,3.354,84.63
AL1-20260902-1900,2026-09-02 19:13:32,32.0,4.0,3.282,0.166,7.318,3.406,74.13
AL1-20260902-1900,2026-09-02 19:13:36,36.0,4.0,3.345,0.164,7.64,3.689,75.13
AL1-20260902-1900,2026-09-02 19:13:40,40.0,4.0,2.952,0.184,5.163,2.818,58.39
AL1-20260902-1900,2026-09-02 19:13:44,44.0,4.0,2.796,0.18,4.927,2.563,55.64
AL1-20260902-1900,2026-09-02 19:13:48,48.0,4.0,3.286,0.229,4.318,3.211,41.88
AL1-20260902-1900,2026-09-02 19:13:52,52.0,4.0,3.082,0.216,4.358,3.228,44.14
AL1-20260902-1900,2026-09-02 19:13:56,56.0,4.0,3.109,0.242,3.675,3.103,40.14
AL1-20260902-1900,2026-09-02 19:14:01,61.0,6.0,3.113,0.239,2.704,3.242,30.64
AL1-20260902-1900,2026-09-02 19:14:07,67.0,6.0,3.096,0.264,2.328,3.08,24.64
AL1-20260902-1900,2026-09-02 19:14:14,74.0,8.0,2.99,0.261,1.82,2.764,22.13
AL1-20260902-1900,2026-09-02 19:14:28,88.0,20.0,3.275,0.406,0.728,2.318,6.69
AL1-20260902-1900,2026-09-02 19:14:44,104.0,12.0,3.872,0.291,1.751,3.929,13.55
AL1-20260902-1900,2026-09-02 19:14:53,113.0,6.0,3.527,0.223,3.562,3.927,35.47
AL1-20260902-1900,2026-09-02 19:14:58,118.0,4.0,3.781,0.226,5.668,3.337,51.88
AL1-20260902-1900,2026-09-02 19:15:02,122.0,4.0,3.203,0.18,5.958,3.258,56.38
AL1-20260902-1900,2026-09-02 19:15:06,126.0,4.0,3.321,0.182,6.318,3.309,66.13
AL1-20260902-1900,2026-09-02 19:15:10,130.0,4.0,3.17,0.155,7.739,3.054,83.88
AL1-20260902-1900,2026-09-02 19:15:14,134.0,4.0,3.253,0.158,7.7,3.092,73.38
AL1-20260902-1900,2026-09-02 19:15:18,138.0,4.0,3.201,0.163,7.139,3.215,72.63
AL1-20260902-1900,2026-09-02 19:15:22,142.0,4.0,3.266,0.165,7.263,3.505,73.13
AL1-20260902-1900,2026-09-02 19:15:26,146.0,4.0,3.303,0.158,7.999,3.293,76.13
AL1-20260902-1900,2026-09-02 19:15:30,150.0,4.0,3.427,0.165,7.751,3.383,71.38
AL1-20260902-1900,2026-09-02 19:15:34,154.0,4.0,3.316,0.164,7.529,3.042,74.38
AL1-20260902-1900,2026-09-02 19:15:38,158.0,4.0,3.086,0.154,7.319,3.185,75.38
AL1-20260902-1900,2026-09-02 19:15:42,162.0,4.0,3.348,0.159,8.036,3.419,78.88
AL1-20260902-1900,2026-09-02 19:15:46,166.0,4.0,3.187,0.157,7.761,3.444,79.63
AL1-20260902-1900,2026-09-02 19:15:50,170.0,4.0,3.358,0.157,8.262,3.301,82.13
AL1-20260902-1900,2026-09-02 19:15:54,174.0,4.0,3.417,0.164,7.764,3.448,72.38
AL1-20260902-1900,2026-09-02 19:15:58,178.0,4.0,3.355,0.157,8.218,3.373,84.88
