id,class_solexs,goes_class,peak_utc,test_period,status,bins,T_peak_MK,T_peak_err_MK,T_max_MK,T_max_before_peak_s,fe_ew_peak_keV,peak_rate_cps,goes_ratio_peak,T_peak_slope1_MK,T_peak_slope1.6_MK,within_flare_spearman_T_goes_ratio,T_cdte_peak_MK,T_cdte_peak_err_MK,T_solexs_same_minute_MK
AL1-20240202-0253,M1.3,M1.1,2024-02-02 03:01:00,0,ok,14,17.84,0.97,21.68,70.0,2.091,1127.5,0.14684,17.87,20.81,,,,
AL1-20240202-1048,C6.7,C5.6,2024-02-02 10:57:00,0,ok,7,16.71,1.82,19.91,30.0,1.982,587.0,0.10731,15.22,17.4,,,,
AL1-20240202-1111,C8.0,C6.4,2024-02-02 11:35:00,0,ok,49,17.36,1.63,21.42,610.0,0.984,747.3,0.12349,16.15,18.57,0.828,,,
AL1-20240203-0136,C5.7,,2024-02-03 02:04:00,0,no fittable bins,,,,,,,,,,,,,,
AL1-20240203-0534,C8.5,C7.6,2024-02-03 05:53:00,0,ok,51,10.71,1.12,21.99,690.0,1.302,828.6,0.09781,9.75,10.75,0.809,,,
AL1-20240203-1036,C7.3,C5.8,2024-02-03 10:47:00,0,ok,26,14.88,1.46,20.97,370.0,0.79,664.9,0.1231,11.81,13.21,0.017,,,
AL1-20240203-1243,C5.7,C4.3,2024-02-03 12:48:00,0,ok,7,15.4,1.59,19.95,-70.0,2.794,522.5,0.14411,16.61,19.17,,,,
AL1-20240203-2104,C7.5,C6.3,2024-02-03 21:40:00,0,ok,49,9.87,1.1,20.77,1550.0,1.469,732.5,0.09564,9.98,11.02,0.605,,,
AL1-20240204-0722,C5.4,C4.8,2024-02-04 07:33:00,0,no fittable bins,,,,,,,,,,,,,,
AL1-20240204-1142,M1.6,M1.4,2024-02-04 11:52:00,0,ok,54,16.62,0.74,25.16,270.0,1.742,1485.5,0.17908,15.52,17.79,0.975,,,
AL1-20240204-1339,C9.4,C8.3,2024-02-04 13:46:00,0,ok,15,18.28,1.47,21.98,70.0,1.038,928.8,0.11173,15.24,17.42,,,,
AL1-20240204-1504,C5.2,C4.3,2024-02-04 15:16:00,0,no fittable bins,,,,,,,,,,,,,,
AL1-20240204-1552,C7.0,C6.0,2024-02-04 15:57:00,0,ok,3,15.51,1.76,17.27,70.0,1.402,719.1,0.0932,16.95,19.57,,,,
AL1-20240204-1622,M1.7,M1.5,2024-02-04 16:38:00,0,ok,51,17.27,0.89,20.45,70.0,1.819,1612.3,0.15548,16.58,19.12,0.681,,,
AL1-20240204-1704,M1.5,M1.3,2024-02-04 17:12:00,0,ok,28,18.63,0.91,22.27,90.0,1.848,1386.2,0.16119,17.07,19.76,0.933,,,
AL1-20240204-1816,M1.2,M1.1,2024-02-04 18:28:00,0,ok,44,15.16,0.92,23.37,190.0,2.326,1141.1,0.14815,15.52,17.79,0.939,,,
AL1-20240204-2008,C5.0,C4.4,2024-02-04 20:19:00,0,no fittable bins,,,,,,,,,,,,,,
AL1-20240204-2052,M1.3,M1.2,2024-02-04 20:57:00,0,ok,14,18.41,1.0,18.77,-10.0,2.45,1276.2,0.15046,17.13,19.84,,,,
AL1-20240204-2221,M2.8,M2.7,2024-02-04 22:37:00,0,ok,78,19.81,0.66,20.9,650.0,1.979,2815.6,0.157,17.51,20.35,0.761,,,
AL1-20240205-0323,C9.5,C8.7,2024-02-05 03:29:00,0,ok,14,18.39,1.48,19.1,90.0,1.587,926.6,0.12273,15.16,17.33,,,,
AL1-20240205-0413,M2.4,M2.1,2024-02-05 04:28:00,0,ok,45,19.38,0.64,23.71,150.0,1.474,2180.6,0.19609,17.26,20.02,0.643,,,
AL1-20240205-0609,M1.5,M1.4,2024-02-05 06:22:00,0,ok,13,20.3,0.96,20.53,30.0,2.392,1496.7,0.16772,18.24,21.31,,,,
AL1-20240205-0728,C5.4,C4.6,2024-02-05 07:44:00,0,no fittable bins,,,,,,,,,,,,,,
AL1-20240205-0749,C8.4,C6.8,2024-02-05 08:03:00,0,ok,22,14.44,1.58,21.79,150.0,1.328,813.3,0.13544,11.36,12.65,0.429,,,
AL1-20240205-1053,C7.2,,2024-02-05 11:00:00,0,ok,11,14.27,1.51,18.63,50.0,1.585,742.9,0.10263,13.2,14.89,,,,
AL1-20240205-1102,M1.1,C9.5,2024-02-05 11:08:00,0,ok,14,16.32,1.46,25.06,110.0,1.466,1037.1,0.14275,15.37,17.55,,,,
AL1-20240205-1258,C7.4,C6.2,2024-02-05 13:18:00,0,ok,25,13.53,1.36,17.3,230.0,1.254,736.5,0.10348,11.87,13.27,0.619,,,
AL1-20240205-2302,C6.4,C6.0,2024-02-05 23:16:00,0,no fittable bins,,,,,,,,,,,,,,
AL1-20240206-0142,C8.5,,2024-02-06 02:08:00,0,ok,32,13.08,1.64,17.23,-150.0,2.625,862.7,0.09189,8.76,9.59,0.3,,,
AL1-20240206-0213,M2.3,M2.2,2024-02-06 02:28:00,0,ok,56,18.03,0.76,22.2,490.0,1.674,2264.4,0.16279,16.52,19.04,0.11,,,
AL1-20240206-0237,M4.6,M4.2,2024-02-06 03:11:00,0,ok,145,18.21,0.6,27.54,1710.0,0.823,4407.0,0.18667,16.33,18.79,0.211,,,
AL1-20240206-1137,C5.1,C4.4,2024-02-06 11:45:00,0,no fittable bins,,,,,,,,,,,,,,
AL1-20240206-1248,M1.0,C9.3,2024-02-06 12:57:00,0,ok,32,15.58,1.15,23.04,330.0,2.512,1051.0,0.12054,15.37,17.59,0.818,,,
AL1-20240206-1600,C5.7,C5.1,2024-02-06 16:14:00,0,no fittable bins,,,,,,,,,,,,,,
AL1-20240206-1819,C7.4,C6.2,2024-02-06 18:34:00,0,ok,26,16.8,1.87,22.43,370.0,1.067,691.5,0.11959,15.73,18.03,0.833,,,
AL1-20240206-1838,M1.5,M1.3,2024-02-06 18:48:00,0,ok,64,18.46,1.23,22.6,250.0,1.454,1424.5,0.16362,16.39,18.88,0.599,,,
AL1-20240207-0218,C8.9,C8.1,2024-02-07 02:31:00,0,ok,26,15.79,1.28,24.51,310.0,2.079,893.8,0.11507,16.82,19.44,0.571,,,
AL1-20240207-0305,M5.5,M5.1,2024-02-07 03:31:00,0,ok,122,17.75,0.37,22.74,1210.0,1.196,5141.6,0.21641,16.48,19.01,0.827,,,
AL1-20240207-1317,C5.8,C4.9,2024-02-07 13:41:00,0,no fittable bins,,,,,,,,,,,,,,
AL1-20240207-1740,M1.5,M1.3,2024-02-07 18:04:00,0,ok,96,15.84,0.83,24.51,670.0,1.872,1427.6,0.15616,15.17,17.34,0.874,,,
AL1-20240208-0839,C5.1,C4.3,2024-02-08 08:48:00,0,no fittable bins,,,,,,,,,,,,,,
AL1-20240208-1125,M1.0,,2024-02-08 11:46:00,0,ok,6,12.92,1.15,16.38,30.0,2.139,1094.2,0.08919,13.46,15.2,,,,
AL1-20240208-1239,M1.1,,2024-02-08 12:51:00,0,ok,14,14.14,1.23,22.58,210.0,2.311,1051.5,0.11932,13.36,15.07,,,,
AL1-20240208-1252,M3.6,M3.4,2024-02-08 13:11:00,0,ok,99,15.41,0.51,21.51,610.0,1.552,3509.8,0.1777,14.41,16.39,0.895,,,
AL1-20240208-1414,M1.2,M1.1,2024-02-08 14:18:00,0,ok,18,18.13,1.46,18.13,10.0,2.027,1295.6,0.10123,16.09,18.48,0.029,,,
AL1-20240208-1518,M2.0,M1.7,2024-02-08 15:22:00,0,ok,11,23.38,1.32,25.67,-10.0,1.996,1069.3,0.21849,23.28,28.25,,,,
AL1-20240208-1613,C7.5,C6.0,2024-02-08 16:21:00,0,ok,15,15.22,1.5,15.9,150.0,0.54,779.4,0.10009,12.97,14.62,,,,
AL1-20240208-1657,C8.7,C6.9,2024-02-08 17:06:00,0,ok,10,19.78,1.43,21.56,30.0,1.914,733.4,0.1664,18.37,21.47,,,,
AL1-20240208-1856,M1.5,M1.3,2024-02-08 19:02:00,0,ok,10,22.05,0.9,24.61,70.0,2.294,1361.8,0.17337,19.65,23.2,,,,
AL1-20240208-2316,M4.2,M3.9,2024-02-08 23:55:00,0,ok,94,15.65,0.4,24.52,1590.0,1.116,4039.6,0.1939,14.29,16.24,0.714,,,
AL1-20240209-0212,C7.3,C6.5,2024-02-09 02:23:00,0,no fittable bins,,,,,,,,,,,,,,
AL1-20240209-0306,C5.2,,2024-02-09 03:30:00,0,no fittable bins,,,,,,,,,,,,,,
AL1-20240209-0724,M1.1,C9.3,2024-02-09 07:31:00,0,ok,12,20.6,1.15,22.6,30.0,2.438,883.0,0.17645,17.09,19.8,,,,
AL1-20240209-0810,C6.7,C5.6,2024-02-09 08:16:00,0,ok,3,18.41,1.98,18.41,-10.0,1.092,646.4,0.1137,13.45,15.19,,,,
AL1-20240209-1015,C8.0,C6.2,2024-02-09 10:21:00,0,ok,16,21.38,1.56,23.82,70.0,1.666,664.9,0.17324,19.28,22.69,,,,
AL1-20240209-1252,X3.2,X3.2,2024-02-09 13:13:00,0,ok,90,21.92,0.16,28.83,490.0,0.703,22688.3,0.29603,19.9,23.54,0.991,,,
AL1-20240210-0042,M1.5,M1.5,2024-02-10 00:50:00,0,ok,34,17.63,0.82,23.52,130.0,1.762,1345.7,0.1723,16.11,18.54,0.836,,,
AL1-20240210-0302,M3.2,M3.4,2024-02-10 03:52:00,0,ok,130,12.26,0.46,18.0,1190.0,1.713,3146.7,0.1165,12.6,14.17,0.769,,,
AL1-20240210-0648,C6.7,C7.3,2024-02-10 06:52:00,0,no fittable bins,,,,,,,,,,,,,,
AL1-20240210-0930,C7.5,,2024-02-10 09:47:00,0,no fittable bins,,,,,,,,,,,,,,
AL1-20240210-1809,C6.3,C6.1,2024-02-10 18:20:00,0,ok,7,17.78,1.9,21.33,30.0,1.781,591.6,0.10311,16.98,19.65,,,,
AL1-20240210-2256,M7.5,M8.9,2024-02-10 23:07:00,0,ok,32,18.65,0.32,22.49,110.0,1.831,7070.3,0.1935,17.14,19.87,0.903,,,
AL1-20240210-2355,C8.1,C8.6,2024-02-11 00:03:00,0,no fittable bins,,,,,,,,,,,,,,
AL1-20240211-0033,C6.8,C7.2,2024-02-11 00:38:00,0,no fittable bins,,,,,,,,,,,,,,
AL1-20240211-2235,M1.1,M1.0,2024-02-11 22:44:00,0,ok,16,14.11,1.04,17.47,110.0,1.823,1075.4,0.1019,13.74,15.57,0.943,,,
AL1-20240212-0135,C5.6,C5.9,2024-02-12 01:39:00,0,ok,1,19.12,2.09,19.12,-30.0,0.927,604.6,0.08732,,,,,,
AL1-20240212-0145,C6.5,C6.2,2024-02-12 01:49:00,0,no fittable bins,,,,,,,,,,,,,,
AL1-20240212-0324,M6.3,M6.4,2024-02-12 03:47:00,0,ok,24,20.24,0.4,21.17,150.0,2.177,5601.1,0.20454,18.28,21.36,0.905,,,
AL1-20240212-0546,C7.8,C6.9,2024-02-12 05:54:00,0,ok,17,14.81,1.18,21.24,150.0,1.456,765.6,0.11255,13.79,15.62,0.829,,,
AL1-20240212-1252,C9.8,M1.1,2024-02-12 13:07:00,0,ok,33,14.65,1.08,20.53,230.0,1.688,934.6,0.12809,14.82,16.88,0.764,,,
AL1-20240212-1531,M1.2,M1.4,2024-02-12 15:47:00,0,ok,51,14.61,0.93,19.82,350.0,1.897,1214.2,0.12078,14.23,16.17,0.809,,,
AL1-20240212-1828,C6.3,,2024-02-12 18:57:00,0,no fittable bins,,,,,,,,,,,,,,
AL1-20240212-2029,M2.5,M2.6,2024-02-12 21:17:00,0,ok,105,12.26,0.67,18.96,1850.0,1.521,2534.2,0.10638,11.08,12.33,0.188,,,
AL1-20240214-1639,C5.3,,2024-02-14 17:06:00,0,no fittable bins,,,,,,,,,,,,,,
AL1-20240214-2235,C6.2,C5.3,2024-02-14 22:39:00,0,ok,4,18.6,1.95,18.6,10.0,1.919,401.4,0.09337,17.49,20.3,,,,
AL1-20240215-0536,C5.2,C4.0,2024-02-15 05:40:00,0,no fittable bins,,,,,,,,,,,,,,
AL1-20240215-0741,C5.7,C5.0,2024-02-15 08:11:00,0,no fittable bins,,,,,,,,,,,,,,
AL1-20240215-1006,C5.5,C4.5,2024-02-15 10:22:00,0,no fittable bins,,,,,,,,,,,,,,
AL1-20240215-1652,M1.9,M1.8,2024-02-15 17:06:00,0,no pre-flare background,,,,,,,,,,,,,,
AL1-20240215-1807,C8.5,C8.0,2024-02-15 18:12:00,0,ok,3,19.22,2.16,19.22,-10.0,0.901,669.1,0.07775,,,,,,
AL1-20240216-0238,M1.6,M1.5,2024-02-16 02:51:00,0,ok,26,17.1,0.78,20.78,70.0,2.25,1300.3,0.15051,16.09,18.51,0.952,,,
AL1-20240216-0642,X2.2,X2.5,2024-02-16 06:53:00,0,ok,22,22.92,0.2,25.17,50.0,1.415,18316.7,0.24216,20.26,24.03,0.964,,,
AL1-20240216-1823,C9.9,C8.9,2024-02-16 18:30:00,0,ok,56,15.89,1.18,19.74,150.0,1.837,979.0,0.11758,14.88,16.98,0.456,,,
AL1-20240216-2201,M3.2,M3.0,2024-02-16 22:09:00,0,ok,28,17.58,0.52,23.46,190.0,2.363,3021.1,0.17129,16.35,18.85,0.883,,,
AL1-20240217-0534,C5.6,C5.1,2024-02-17 05:56:00,0,no fittable bins,,,,,,,,,,,,,,
AL1-20240217-0931,C5.6,,2024-02-17 10:32:00,0,no fittable bins,,,,,,,,,,,,,,
AL1-20240217-1740,C8.1,C7.9,2024-02-17 18:33:00,0,ok,47,11.16,1.32,16.67,1210.0,1.251,817.8,0.06074,,,0.125,,,
AL1-20240218-0332,C5.4,C5.0,2024-02-18 04:04:00,0,no fittable bins,,,,,,,,,,,,,,
AL1-20240219-0934,C7.8,C6.7,2024-02-19 09:40:00,0,ok,32,19.9,1.47,20.52,70.0,1.884,722.2,0.15824,15.87,18.23,0.918,,,
AL1-20240219-1242,C7.1,C5.7,2024-02-19 12:46:00,0,ok,15,23.42,2.21,23.42,10.0,1.527,561.6,0.16203,22.67,27.38,0.6,,,
AL1-20240221-0156,C5.1,C4.3,2024-02-21 02:14:00,0,no fittable bins,,,,,,,,,,,,,,
AL1-20240221-2252,X1.7,X1.8,2024-02-21 23:06:00,0,ok,38,25.66,0.24,27.02,90.0,1.796,14785.6,0.31293,23.3,28.29,0.972,,,
AL1-20240221-2358,M1.5,M1.5,2024-02-22 00:13:00,0,no fittable bins,,,,,,,,,,,,,,
AL1-20240222-0616,X1.6,X1.6,2024-02-22 06:32:00,0,ok,33,25.49,0.25,26.73,130.0,1.774,14098.2,0.31033,23.03,27.9,0.873,,,
AL1-20240222-1621,M1.1,C9.3,2024-02-22 16:29:00,0,ok,23,18.45,1.28,18.45,10.0,1.333,1047.8,0.12057,17.91,20.87,0.464,,,
AL1-20240222-1706,C5.7,C4.6,2024-02-22 17:16:00,0,ok,2,16.13,1.72,16.13,-10.0,1.352,534.5,0.09386,13.1,14.78,,,,
AL1-20240222-1746,C5.3,C4.7,2024-02-22 18:25:00,0,ok,3,15.89,1.76,18.0,1770.0,2.524,529.0,0.08237,,,,,,
AL1-20240222-1832,C6.4,,2024-02-22 18:43:00,0,no fittable bins,,,,,,,,,,,,,,
AL1-20240222-2028,M5.1,M4.7,2024-02-22 20:46:00,0,ok,68,21.57,0.42,25.73,270.0,1.877,4781.4,0.25083,19.14,22.5,0.896,,,
AL1-20240222-2203,X4.5,X6.3,2024-02-22 22:32:00,0,ok,74,36.69,0.23,38.93,90.0,1.307,27765.2,0.48291,31.91,41.67,0.963,,,
AL1-20240223-0614,C9.3,C8.6,2024-02-23 06:33:00,0,ok,32,17.31,1.79,19.19,70.0,1.14,917.6,0.10309,14.77,16.83,0.925,,,
AL1-20240223-1310,M1.0,M1.0,2024-02-23 13:28:00,0,ok,77,15.43,1.11,20.73,410.0,1.653,1051.8,0.11539,15.69,18.0,0.82,,,
AL1-20240223-1726,M2.6,M2.6,2024-02-23 17:47:00,0,ok,86,16.88,0.56,23.32,390.0,1.844,2409.9,0.18924,14.63,16.66,0.937,,,
AL1-20240223-2029,C5.9,C5.4,2024-02-23 20:38:00,0,ok,10,17.25,2.0,20.47,70.0,1.863,592.7,0.12485,16.66,19.21,,,,
AL1-20240223-2108,C6.4,C6.0,2024-02-23 21:15:00,0,ok,9,20.86,2.27,24.38,70.0,1.056,630.4,0.12475,18.26,21.29,,,,
AL1-20240224-0332,C6.7,C5.9,2024-02-24 03:52:00,0,no fittable bins,,,,,,,,,,,,,,
AL1-20240224-0621,M5.1,M4.4,2024-02-24 06:34:00,0,ok,42,21.02,0.39,29.48,310.0,1.53,4464.1,0.28188,19.68,23.24,0.859,,,
AL1-20240224-0800,C5.3,C4.4,2024-02-24 08:10:00,0,ok,3,17.79,1.96,17.79,-10.0,2.199,511.5,0.11594,19.8,23.39,,,,
AL1-20240224-0907,C6.2,C5.2,2024-02-24 09:13:00,0,ok,12,16.17,1.6,20.88,110.0,1.69,590.1,0.11441,14.64,16.67,,,,
AL1-20240224-1037,M2.4,,2024-02-24 11:10:00,0,ok,83,14.79,0.62,21.58,1510.0,1.063,2371.0,0.13494,13.89,15.74,0.876,,,
AL1-20240224-1112,M3.9,M3.6,2024-02-24 11:18:00,0,ok,27,24.17,0.84,57.18,230.0,1.543,3677.7,0.21255,21.15,25.19,0.4,,,
AL1-20240224-1154,M1.0,C9.9,2024-02-24 11:58:00,0,ok,17,18.44,1.61,18.81,30.0,2.53,969.4,0.10413,17.04,19.72,0.257,,,
AL1-20240224-1434,C5.0,C3.8,2024-02-24 14:44:00,0,no fittable bins,,,,,,,,,,,,,,
AL1-20240224-1713,C7.0,C5.7,2024-02-24 17:25:00,0,ok,25,14.35,1.62,20.04,390.0,1.197,677.0,0.10842,12.14,13.6,0.619,,,
AL1-20240224-1738,C8.5,C7.8,2024-02-24 17:54:00,0,no fittable bins,,,,,,,,,,,,,,
AL1-20240224-2016,C5.1,C4.3,2024-02-24 20:25:00,0,no fittable bins,,,,,,,,,,,,,,
AL1-20240225-1647,M2.3,M2.0,2024-02-25 17:21:00,0,ok,122,15.31,0.57,22.96,770.0,1.254,2137.4,0.18584,14.24,16.19,0.867,,,
AL1-20240228-0856,C5.4,,2024-02-28 09:08:00,0,no fittable bins,,,,,,,,,,,,,,
AL1-20240228-1117,C6.4,,2024-02-28 12:02:00,0,ok,21,17.23,2.01,20.66,1270.0,0.29,612.5,0.08554,,,0.107,,,
AL1-20240228-1715,M1.6,,2024-02-28 18:35:00,0,ok,229,12.58,0.84,20.04,3090.0,1.426,1571.6,0.1191,12.13,13.59,0.776,,,
AL1-20240228-2352,C7.5,C6.5,2024-02-28 23:59:00,0,ok,7,14.53,1.41,21.3,70.0,3.519,723.8,0.10722,14.45,16.43,,,,
AL1-20240302-1248,C7.4,C6.5,2024-03-02 12:58:00,0,ok,24,14.04,1.42,19.15,210.0,2.677,749.9,0.10629,14.28,16.22,0.5,,,
AL1-20240307-0612,C9.6,,2024-03-07 06:18:00,0,ok,14,19.9,1.2,20.45,50.0,1.312,867.4,0.16029,18.06,21.07,,,,
AL1-20240307-1018,C5.3,C4.0,2024-03-07 10:28:00,0,ok,6,17.41,1.76,19.33,50.0,1.329,522.2,0.13311,14.97,17.09,,,,
AL1-20240308-2118,M1.4,M1.3,2024-03-08 21:26:00,0,ok,16,21.38,0.95,25.46,50.0,2.886,1189.8,0.19569,17.91,20.87,,,,
AL1-20240309-0110,C7.5,C6.3,2024-03-09 01:18:00,0,ok,24,18.28,1.37,21.54,50.0,1.828,599.8,0.16875,16.62,19.2,0.929,,,
AL1-20240310-1203,M8.0,M7.3,2024-03-10 12:13:00,0,ok,28,23.03,0.33,25.16,230.0,1.781,7045.1,0.28568,20.54,24.41,0.617,,,
AL1-20240310-1524,C7.7,C6.8,2024-03-10 15:37:00,0,ok,28,13.25,1.29,19.18,210.0,2.976,757.6,0.11018,12.22,13.7,0.6,,,
AL1-20240311-0838,C7.2,,2024-03-11 08:50:00,0,ok,26,16.79,1.29,21.34,150.0,1.9,621.9,nan,14.9,17.01,,,,
AL1-20240313-2317,C7.0,C6.1,2024-03-13 23:47:00,0,ok,19,13.79,1.52,16.85,290.0,0.517,674.5,0.0926,14.11,16.02,0.786,,,
AL1-20240314-0554,M1.1,C9.9,2024-03-14 06:04:00,0,ok,21,15.12,0.97,19.71,170.0,2.071,1036.3,0.13374,14.1,16.01,0.786,,,
AL1-20240315-0256,C5.0,,2024-03-15 03:53:00,0,no fittable bins,,,,,,,,,,,,,,
AL1-20240316-1622,M3.7,M3.4,2024-03-16 16:34:00,0,ok,47,18.7,0.46,27.77,310.0,2.503,3452.3,0.22045,17.29,20.06,0.979,,,
AL1-20240316-1906,C8.7,C8.1,2024-03-16 19:16:00,0,ok,16,13.46,1.26,18.54,150.0,1.735,918.1,0.08563,11.89,13.3,0.657,,,
AL1-20240316-2129,M1.3,M1.1,2024-03-16 21:55:00,0,ok,85,13.03,0.84,19.86,1050.0,1.335,1249.8,0.11829,12.92,14.56,0.881,,,
AL1-20240317-0353,C7.4,C6.6,2024-03-17 03:59:00,0,ok,20,16.53,1.52,21.17,30.0,1.718,714.6,0.116,16.39,18.88,0.964,,,
AL1-20240317-1205,C6.2,C5.5,2024-03-17 12:12:00,0,ok,2,14.59,1.64,17.22,-50.0,1.662,604.1,0.09223,,,,,,
AL1-20240317-1530,C5.7,C4.9,2024-03-17 15:43:00,0,ok,1,21.81,2.38,21.81,50.0,0.638,618.4,0.08886,,,,,,
AL1-20240317-2052,C5.5,C4.9,2024-03-17 21:11:00,0,no fittable bins,,,,,,,,,,,,,,
AL1-20240318-0321,M3.1,M2.7,2024-03-18 03:32:00,0,ok,55,17.29,0.5,26.92,350.0,1.383,2833.8,0.21061,15.85,18.21,0.976,,,
AL1-20240318-0406,M1.1,M1.0,2024-03-18 04:14:00,0,ok,29,16.8,1.05,23.57,210.0,2.171,1084.0,0.13468,15.62,17.9,0.933,,,
AL1-20240318-0441,C5.0,C4.9,2024-03-18 04:45:00,0,no fittable bins,,,,,,,,,,,,,,
AL1-20240318-1345,C5.8,C5.0,2024-03-18 14:06:00,0,no fittable bins,,,,,,,,,,,,,,
AL1-20240319-0509,C5.9,C5.3,2024-03-19 05:16:00,0,ok,7,15.19,1.74,20.2,70.0,1.588,602.1,0.09452,13.51,15.28,,,,
AL1-20240319-1244,C6.5,,2024-03-19 12:53:00,0,ok,7,13.5,1.57,19.0,90.0,1.33,679.9,nan,,,,,,
AL1-20240319-1719,C8.0,,2024-03-19 17:26:00,0,ok,5,18.04,1.37,18.76,30.0,1.438,785.7,nan,15.32,17.53,,,,
AL1-20240319-1950,C6.5,,2024-03-19 19:58:00,0,ok,13,16.35,1.62,18.15,50.0,2.216,627.8,nan,15.1,17.26,,,,
AL1-20240320-0049,C6.2,,2024-03-20 01:12:00,0,no fittable bins,,,,,,,,,,,,,,
AL1-20240320-0723,M7.6,,2024-03-20 07:36:00,0,ok,49,19.43,0.32,24.23,150.0,1.991,7045.5,0.20072,17.96,20.94,,,,
AL1-20240320-2247,M2.0,,2024-03-20 22:55:00,0,ok,18,18.53,0.79,20.47,-10.0,2.516,1665.8,0.1305,18.54,21.7,,,,
AL1-20240321-1120,C9.4,,2024-03-21 11:32:00,0,ok,13,16.41,1.13,19.75,90.0,2.225,907.0,nan,16.02,18.42,,,,
AL1-20240321-1752,C5.8,,2024-03-21 18:17:00,0,no fittable bins,,,,,,,,,,,,,,
AL1-20240322-0504,C6.5,C5.7,2024-03-22 05:14:00,0,ok,17,13.74,1.42,18.75,110.0,1.599,655.9,0.10047,16.12,18.55,,,,
AL1-20240322-1319,C6.1,,2024-03-22 13:35:00,0,no fittable bins,,,,,,,,,,,,,,
AL1-20240322-1345,C8.2,,2024-03-22 13:58:00,0,ok,31,13.66,1.62,21.7,350.0,1.7,838.5,0.09566,13.48,15.21,,,,
AL1-20240322-1428,C6.5,,2024-03-22 14:41:00,0,no fittable bins,,,,,,,,,,,,,,
AL1-20240322-2018,M4.4,M4.2,2024-03-22 20:32:00,0,ok,53,16.92,0.42,25.38,350.0,1.577,4239.1,0.18897,15.66,17.97,0.889,,,
AL1-20240322-2353,C8.5,C8.2,2024-03-22 23:58:00,0,ok,4,15.54,1.62,18.77,30.0,1.611,938.1,0.07009,15.18,17.33,,,,
AL1-20240323-0056,M9.8,X1.0,2024-03-23 01:33:00,0,ok,139,15.22,0.25,22.53,1530.0,1.014,9568.2,0.16243,14.7,16.75,0.627,,,
AL1-20240323-0447,M1.4,,2024-03-23 04:54:00,0,ok,19,11.98,1.03,18.48,90.0,1.291,1482.2,0.07065,12.89,14.48,0.071,,,
AL1-20240323-0700,M2.6,M2.4,2024-03-23 07:09:00,0,ok,73,19.37,0.62,26.0,370.0,1.417,2453.1,0.19532,18.3,21.38,0.771,,,
AL1-20240323-0727,M3.1,M3.0,2024-03-23 07:38:00,0,ok,40,16.08,0.95,21.95,290.0,1.272,3020.3,0.14608,15.1,17.17,0.495,,,
AL1-20240323-0851,C8.3,,2024-03-23 09:06:00,0,ok,10,14.39,1.48,19.33,30.0,2.538,811.5,nan,14.71,16.74,,,,
AL1-20240323-1122,M1.1,M1.0,2024-03-23 11:29:00,0,ok,13,14.43,1.28,18.73,30.0,1.681,1090.6,0.09795,13.67,15.45,,,,
AL1-20240323-1236,M1.4,M1.3,2024-03-23 12:46:00,0,ok,35,17.3,0.93,20.19,150.0,1.343,1306.0,0.13648,14.11,16.02,0.741,,,
AL1-20240323-1304,M1.1,M1.1,2024-03-23 13:11:00,0,ok,16,15.84,1.46,19.16,50.0,1.014,1166.9,0.09474,16.1,18.47,,,,
AL1-20240323-1331,M2.0,M1.9,2024-03-23 13:37:00,0,ok,24,18.66,0.73,24.24,130.0,1.809,1901.8,0.17082,17.38,20.18,0.69,,,
AL1-20240323-1449,M1.5,M1.5,2024-03-23 14:53:00,0,ok,14,18.48,1.17,22.26,70.0,2.136,1326.7,0.11591,17.39,20.17,,,,
AL1-20240323-1501,M3.7,M3.7,2024-03-23 15:21:00,0,ok,68,15.41,0.46,21.95,990.0,1.347,3412.8,0.17591,14.85,16.94,0.259,,,
AL1-20240323-1622,M2.5,M2.7,2024-03-23 16:52:00,0,ok,119,13.63,0.56,23.35,1510.0,1.293,2423.8,0.138,13.07,14.75,0.665,,,
AL1-20240323-1852,C9.6,C9.7,2024-03-23 18:57:00,0,ok,30,17.43,1.21,18.43,-110.0,2.066,947.5,0.11532,16.77,19.39,0.903,,,
AL1-20240323-1935,C8.3,C8.9,2024-03-23 19:43:00,0,ok,9,15.7,1.84,19.27,130.0,0.928,812.1,0.07992,,,,,,
AL1-20240323-2002,C8.9,,2024-03-23 20:21:00,0,ok,1,19.48,2.25,19.48,10.0,0.675,908.0,0.07451,15.73,18.03,,,,
AL1-20240323-2332,M2.3,M2.4,2024-03-23 23:49:00,0,ok,65,16.87,0.66,22.42,610.0,1.877,2140.4,0.1605,15.29,17.49,0.929,,,
AL1-20240324-0050,C9.7,C9.8,2024-03-24 01:04:00,0,ok,47,14.56,1.06,25.69,430.0,1.399,890.4,0.13426,14.11,16.05,0.843,,,
AL1-20240324-0112,M1.3,M1.4,2024-03-24 01:25:00,0,ok,13,13.98,1.78,20.33,-50.0,1.931,1260.2,0.10655,15.91,18.18,,,,
AL1-20240324-0145,M2.5,M2.6,2024-03-24 02:17:00,0,ok,108,13.34,0.62,19.92,1610.0,1.096,2389.3,0.13383,12.31,13.81,0.745,,,
AL1-20240324-0358,M1.0,,2024-03-24 04:03:00,0,ok,5,24.71,1.73,24.71,10.0,1.406,887.0,0.10439,20.04,23.71,,,,
AL1-20240324-0709,C8.1,C8.2,2024-03-24 07:25:00,0,ok,19,16.78,1.63,19.26,550.0,1.328,733.2,0.09888,14.96,17.07,0.679,,,
AL1-20240324-0736,M1.3,M1.3,2024-03-24 07:50:00,0,ok,65,16.27,1.09,25.72,590.0,0.899,1229.3,0.13071,14.67,16.72,0.682,,,
AL1-20240324-0919,C7.7,,2024-03-24 09:25:00,0,ok,4,20.43,2.25,20.43,10.0,1.081,731.9,nan,18.25,21.29,,,,
AL1-20240324-0948,C9.4,,2024-03-24 09:52:00,0,ok,7,22.61,2.56,22.61,10.0,1.138,757.6,nan,16.86,19.49,,,,
AL1-20240324-1107,C9.1,C9.6,2024-03-24 11:18:00,0,ok,20,11.49,1.07,20.71,90.0,2.532,885.6,0.09677,13.51,15.27,0.536,,,
AL1-20240324-1209,M1.1,M1.1,2024-03-24 12:18:00,0,ok,8,21.04,1.46,21.87,30.0,1.232,1094.5,0.10805,16.83,19.47,,,,
AL1-20240324-1303,M1.2,M1.2,2024-03-24 13:13:00,0,ok,43,17.48,1.11,20.47,190.0,1.663,1178.9,0.12566,15.99,18.4,0.793,,,
AL1-20240324-1436,C5.1,C5.3,2024-03-24 14:45:00,0,no fittable bins,,,,,,,,,,,,,,
AL1-20240324-1510,C5.1,C5.2,2024-03-24 15:21:00,0,no fittable bins,,,,,,,,,,,,,,
AL1-20240324-1737,C5.7,C5.5,2024-03-24 17:45:00,0,no fittable bins,,,,,,,,,,,,,,
AL1-20240325-0054,C5.8,,2024-03-25 01:04:00,0,no fittable bins,,,,,,,,,,,,,,
AL1-20240325-1202,C5.7,C5.0,2024-03-25 12:09:00,0,no pre-flare background,,,,,,,,,,,,,,
AL1-20240325-1412,C6.1,C5.8,2024-03-25 14:51:00,0,no fittable bins,,,,,,,,,,,,,,
AL1-20240325-1456,C8.1,C7.7,2024-03-25 15:01:00,0,ok,6,13.58,1.75,21.9,70.0,3.595,860.9,0.08428,17.33,20.07,,,,
AL1-20240325-1515,C8.1,,2024-03-25 15:29:00,0,no fittable bins,,,,,,,,,,,,,,
AL1-20240326-0032,M1.9,M1.8,2024-03-26 00:36:00,0,ok,5,25.77,0.93,25.77,10.0,1.993,1753.3,0.1525,21.58,25.85,,,,
AL1-20240326-0106,C5.7,C5.3,2024-03-26 01:15:00,0,ok,5,15.05,1.74,20.65,110.0,2.352,578.6,0.09057,,,,,,
AL1-20240326-0222,C6.2,C5.2,2024-03-26 02:26:00,0,ok,3,17.6,1.57,17.6,-30.0,2.433,650.2,0.1115,,,,,,
AL1-20240326-1011,M1.1,M1.0,2024-03-26 10:16:00,0,ok,20,18.44,1.2,23.79,30.0,2.036,899.0,0.15063,18.14,21.17,0.771,,,
AL1-20240326-1036,M1.4,M1.3,2024-03-26 10:43:00,0,ok,31,17.77,0.85,27.13,170.0,2.636,1393.8,0.1705,16.48,19.0,0.903,,,
AL1-20240326-1206,C5.2,C4.3,2024-03-26 12:28:00,0,no fittable bins,,,,,,,,,,,,,,
AL1-20240326-1245,C7.2,C6.4,2024-03-26 12:49:00,0,ok,2,18.21,2.15,20.97,50.0,0.714,743.4,0.09847,,,,,,
AL1-20240326-1255,M2.0,M1.9,2024-03-26 13:30:00,0,ok,89,16.44,0.86,19.74,530.0,1.216,1967.7,0.13329,14.33,16.29,0.825,,,
AL1-20240326-1945,C7.6,C6.8,2024-03-26 19:52:00,0,ok,15,16.62,1.51,22.77,90.0,2.376,730.0,0.1311,14.74,16.81,,,,
AL1-20240326-2004,C6.0,,2024-03-26 20:14:00,0,no fittable bins,,,,,,,,,,,,,,
AL1-20240326-2143,M1.7,M1.6,2024-03-26 21:58:00,0,ok,41,15.29,0.72,28.35,390.0,1.84,1673.8,0.14182,14.77,16.84,0.978,,,
AL1-20240326-2343,C9.0,C8.5,2024-03-26 23:59:00,0,ok,16,15.34,1.29,19.55,190.0,1.351,845.8,0.12401,15.16,17.32,,,,
AL1-20240329-1541,C9.8,,2024-03-29 16:27:00,0,ok,155,14.46,1.38,20.51,2190.0,0.939,1010.0,0.0912,12.48,14.02,,,,
AL1-20240329-1719,C8.2,,2024-03-29 17:24:00,0,ok,2,20.85,2.15,20.85,-30.0,0.805,877.0,nan,,,,,,
AL1-20240329-1817,M1.0,,2024-03-29 18:43:00,0,ok,45,14.18,1.76,21.86,890.0,0.337,1087.5,nan,13.48,15.2,,,,
AL1-20240329-1919,M1.2,,2024-03-29 19:34:00,0,ok,52,12.78,1.07,19.07,410.0,1.817,1235.6,nan,13.57,15.34,,,,
AL1-20240331-1325,C5.5,,2024-03-31 14:10:00,0,no fittable bins,,,,,,,,,,,,,,
AL1-20240401-0112,M4.4,,2024-04-01 01:31:00,0,ok,66,20.38,0.43,26.26,290.0,1.627,3952.1,nan,18.59,21.77,,,,
AL1-20240410-1145,C5.0,,2024-04-10 11:50:00,0,no fittable bins,,,,,,,,,,,,,,
AL1-20240411-1351,C6.6,C5.8,2024-04-11 14:10:00,0,ok,5,13.3,1.44,17.51,30.0,1.726,669.0,0.0879,12.93,14.57,,,,
AL1-20240411-1646,M5.8,M5.3,2024-04-11 17:06:00,0,ok,27,22.25,0.35,28.79,170.0,1.904,4957.1,0.33261,20.48,24.32,0.617,,,
AL1-20240411-1902,C5.2,,2024-04-11 20:22:00,0,no fittable bins,,,,,,,,,,,,,,
AL1-20240412-0312,C5.2,C5.5,2024-04-12 03:26:00,0,no fittable bins,,,,,,,,,,,,,,
AL1-20240413-0456,M2.4,M2.3,2024-04-13 05:02:00,0,ok,7,18.06,0.65,22.14,70.0,3.21,2031.8,0.15008,16.76,19.37,,,,
AL1-20240413-1449,C5.8,C5.5,2024-04-13 15:00:00,0,no fittable bins,,,,,,,,,,,,,,
AL1-20240414-0226,M4.6,M4.2,2024-04-14 02:32:00,0,ok,12,24.0,0.57,24.0,10.0,1.964,3098.9,0.24706,21.2,25.33,,44.32,0.25,22.28
AL1-20240414-1030,C5.3,,2024-04-14 11:01:00,0,no fittable bins,,,,,,,,,,,,,,
AL1-20240414-1459,C5.8,C5.3,2024-04-14 15:09:00,0,ok,5,16.63,1.84,18.88,50.0,1.56,606.8,0.09275,13.88,15.73,,28.7,1.17,16.53
AL1-20240414-1622,C9.0,C7.9,2024-04-14 16:29:00,0,ok,18,16.59,1.19,21.79,150.0,1.219,844.4,0.14365,13.02,14.67,0.886,29.67,0.67,16.17
AL1-20240414-1819,C7.9,C7.1,2024-04-14 18:29:00,0,ok,12,20.78,1.87,20.78,10.0,1.705,732.9,0.11655,19.4,22.84,,32.28,0.83,18.48
AL1-20240415-0106,M1.8,M1.7,2024-04-15 01:17:00,0,ok,30,17.78,0.75,27.18,150.0,2.154,1639.7,0.18141,16.4,18.92,0.867,,,
AL1-20240415-0323,C6.4,C6.2,2024-04-15 03:33:00,0,no fittable bins,,,,,,,,,,,,,,
AL1-20240415-0411,C5.4,C5.2,2024-04-15 04:17:00,0,no fittable bins,,,,,,,,,,,,,,
AL1-20240415-0440,C5.9,C5.5,2024-04-15 04:46:00,0,no fittable bins,,,,,,,,,,,,,,
AL1-20240415-0530,C8.7,C7.8,2024-04-15 05:37:00,0,ok,19,16.76,1.41,21.27,30.0,2.161,835.1,0.11611,16.58,19.13,0.543,,,
AL1-20240415-0659,C8.0,C7.8,2024-04-15 07:11:00,0,ok,45,15.85,1.65,18.83,-490.0,2.542,821.5,0.08698,14.61,16.64,0.439,,,
AL1-20240415-0721,M1.1,M1.0,2024-04-15 07:32:00,0,no fittable bins,,,,,,,,,,,,,,
AL1-20240415-0810,C5.1,,2024-04-15 08:24:00,0,no fittable bins,,,,,,,,,,,,,,
AL1-20240415-0838,M2.5,M2.3,2024-04-15 08:42:00,0,ok,17,21.46,0.71,21.89,50.0,1.998,2191.2,0.19411,18.89,22.17,,,,
AL1-20240415-0922,M1.3,M1.2,2024-04-15 09:32:00,0,ok,35,15.64,0.91,20.9,150.0,1.842,1223.5,0.13219,15.0,17.13,0.825,,,
AL1-20240415-1345,M1.4,M1.1,2024-04-15 14:03:00,0,ok,41,14.68,0.98,20.93,490.0,1.262,1352.5,0.11564,13.99,15.86,0.901,,,
AL1-20240415-1407,M2.3,M2.2,2024-04-15 14:16:00,0,ok,37,19.77,0.95,23.59,210.0,1.725,2205.3,0.18077,17.38,20.11,0.769,,,
AL1-20240415-1648,C5.6,C5.0,2024-04-15 17:05:00,0,no fittable bins,,,,,,,,,,,,,,
AL1-20240415-1924,M4.1,M3.5,2024-04-15 19:32:00,0,ok,28,21.95,0.48,27.49,130.0,2.423,3941.7,0.23138,19.78,23.38,0.976,,,
AL1-20240415-2138,C5.7,C5.2,2024-04-15 21:43:00,0,no fittable bins,,,,,,,,,,,,,,
AL1-20240416-1514,C5.7,C4.8,2024-04-16 15:34:00,0,ok,2,16.09,1.76,16.3,-30.0,1.937,607.2,0.09097,,,,,,
AL1-20240416-1722,C5.7,C5.2,2024-04-16 17:29:00,0,ok,1,16.64,1.92,16.64,50.0,2.145,600.0,0.09467,,,,,,
AL1-20240416-1749,M1.1,M1.1,2024-04-16 18:02:00,0,ok,45,16.07,1.44,20.43,450.0,1.439,1157.5,0.09333,15.2,17.36,0.625,,,
AL1-20240417-0313,C8.5,C8.0,2024-04-17 03:27:00,0,ok,37,16.49,1.38,23.78,230.0,2.284,844.8,0.11902,14.35,16.31,0.797,,,
AL1-20240417-1544,C6.7,C6.6,2024-04-17 15:48:00,0,ok,4,17.23,1.78,17.73,30.0,2.275,736.1,0.0838,14.73,16.78,,,,
AL1-20240417-1642,C5.8,C5.2,2024-04-17 16:47:00,0,ok,4,22.1,2.37,22.36,-30.0,1.778,602.0,0.1063,16.31,18.79,,,,
AL1-20240417-2000,C9.6,C8.9,2024-04-17 20:04:00,0,ok,5,18.85,1.57,21.54,-10.0,1.558,775.4,0.11609,18.08,21.09,,,,
AL1-20240417-2156,M1.6,M1.6,2024-04-17 22:08:00,0,ok,36,17.0,0.83,20.49,170.0,1.644,1625.2,0.1313,15.94,18.32,0.909,,,
AL1-20240417-2320,C8.2,C7.7,2024-04-17 23:25:00,0,ok,8,19.66,1.6,24.21,30.0,1.371,835.6,0.10067,17.8,20.71,,,,
AL1-20240418-0101,C6.4,,2024-04-18 01:19:00,0,no fittable bins,,,,,,,,,,,,,,
AL1-20240418-0230,M2.2,M2.2,2024-04-18 02:48:00,0,ok,30,15.35,0.66,19.96,90.0,1.642,2120.4,0.13652,15.07,17.22,0.721,,,
AL1-20240418-0409,C5.5,,2024-04-18 04:20:00,0,no fittable bins,,,,,,,,,,,,,,
AL1-20240418-0454,C5.1,,2024-04-18 05:02:00,0,no fittable bins,,,,,,,,,,,,,,
AL1-20240418-0541,C7.7,C7.2,2024-04-18 06:08:00,0,ok,19,13.75,1.49,18.68,210.0,1.545,780.0,0.09187,15.48,17.73,0.6,,,
AL1-20240418-0716,M1.3,M1.2,2024-04-18 07:36:00,0,ok,90,15.16,0.96,20.1,470.0,1.77,1358.0,0.11761,14.09,15.99,0.861,,,
AL1-20240418-1119,C5.5,C8.8,2024-04-18 11:46:00,0,no fittable bins,,,,,,,,,,,,,,
AL1-20240418-1147,C9.0,C8.8,2024-04-18 11:51:00,0,ok,4,16.19,1.77,17.55,-30.0,1.629,915.0,0.09159,,,,,,
AL1-20240418-1623,C9.9,C9.7,2024-04-18 16:46:00,0,ok,63,17.94,1.62,22.25,1030.0,1.388,1041.2,0.09502,15.45,17.69,0.423,,,
AL1-20240418-1922,M1.6,M1.5,2024-04-18 19:58:00,0,ok,119,13.71,0.86,20.07,1050.0,1.813,1610.7,0.11132,12.93,14.56,0.698,,,
AL1-20240419-0443,M2.2,M2.1,2024-04-19 04:53:00,0,ok,40,18.99,0.7,23.58,270.0,2.182,2072.4,0.17709,17.3,20.07,0.857,,,
AL1-20240419-1255,C9.5,M1.0,2024-04-19 13:05:00,0,ok,51,16.01,1.31,18.28,130.0,1.93,972.5,0.09888,14.09,15.99,0.191,,,
AL1-20240420-1651,C7.1,C7.5,2024-04-20 17:05:00,0,ok,23,15.15,1.54,18.89,250.0,1.427,721.8,0.09922,13.37,15.1,0.85,,,
AL1-20240421-0054,C5.5,C5.7,2024-04-21 01:13:00,0,no fittable bins,,,,,,,,,,,,,,
AL1-20240421-0159,C5.1,,2024-04-21 02:26:00,0,no fittable bins,,,,,,,,,,,,,,
AL1-20240421-1235,C9.9,M1.0,2024-04-21 12:58:00,0,ok,81,19.6,1.34,22.82,310.0,1.309,952.9,0.13834,17.25,20.0,0.844,,,
AL1-20240421-1507,M2.2,M2.2,2024-04-21 15:14:00,0,ok,21,19.92,0.7,21.5,110.0,2.217,2021.3,0.19166,18.08,21.09,0.964,,,
AL1-20240422-0028,C6.0,C6.5,2024-04-22 00:38:00,0,no fittable bins,,,,,,,,,,,,,,
AL1-20240422-0531,C8.9,C8.9,2024-04-22 05:36:00,0,ok,14,18.06,1.42,18.06,10.0,2.03,849.0,0.1177,16.43,18.94,,,,
AL1-20240422-0758,M1.1,M1.0,2024-04-22 08:12:00,0,ok,51,16.3,1.22,21.82,290.0,1.948,1104.5,0.11092,16.27,18.73,0.676,,,
AL1-20240422-1207,C5.7,C5.8,2024-04-22 12:12:00,0,no fittable bins,,,,,,,,,,,,,,
AL1-20240422-1307,M1.5,M1.6,2024-04-22 13:34:00,0,ok,101,14.37,0.81,19.44,770.0,1.329,1592.9,0.10678,13.99,15.87,0.739,,,
AL1-20240422-1444,M1.0,M1.1,2024-04-22 14:54:00,0,ok,19,15.98,1.58,21.7,110.0,2.443,1111.0,0.08012,17.74,20.6,0.657,,,
AL1-20240422-1509,M1.5,M1.6,2024-04-22 15:18:00,0,ok,38,15.61,1.13,19.02,130.0,1.686,1601.0,0.09984,15.23,17.37,0.879,,,
AL1-20240422-1541,M2.7,M2.7,2024-04-22 15:49:00,0,ok,35,14.78,0.72,17.64,190.0,1.839,2776.5,0.10071,14.09,15.98,0.909,,,
AL1-20240422-1626,C9.2,M1.0,2024-04-22 16:30:00,0,no fittable bins,,,,,,,,,,,,,,
AL1-20240422-2103,M1.5,M1.5,2024-04-22 21:15:00,0,ok,30,15.6,0.88,19.74,110.0,2.615,1477.5,0.11252,14.44,16.42,0.442,,,
AL1-20240423-0309,M3.8,M3.6,2024-04-23 03:19:00,0,ok,59,19.75,0.48,25.57,330.0,1.374,3572.8,0.21527,17.72,20.63,0.97,,,
AL1-20240423-0728,C5.5,C5.4,2024-04-23 07:40:00,0,no fittable bins,,,,,,,,,,,,,,
AL1-20240423-0806,M3.2,M3.0,2024-04-23 08:20:00,0,ok,43,18.78,0.5,23.62,150.0,1.799,2890.7,0.21369,17.13,19.85,0.732,,,
AL1-20240423-1330,C8.0,C7.7,2024-04-23 13:43:00,0,ok,11,15.5,1.56,17.34,90.0,1.488,834.5,0.08433,15.01,17.14,,,,
AL1-20240423-1515,C6.9,,2024-04-23 15:51:00,0,no fittable bins,,,,,,,,,,,,,,
AL1-20240423-1634,C9.4,,2024-04-23 16:51:00,0,ok,4,13.52,1.72,15.48,90.0,1.188,1037.1,0.07134,13.45,15.16,,,,
AL1-20240423-1732,M2.8,M2.9,2024-04-23 17:43:00,0,ok,45,17.94,0.68,22.41,350.0,2.12,2784.4,0.14302,16.75,19.35,0.407,,,
AL1-20240423-1825,C8.3,,2024-04-23 18:41:00,0,no fittable bins,,,,,,,,,,,,,,
AL1-20240423-2102,C7.4,C7.4,2024-04-23 21:10:00,0,ok,6,17.12,1.91,18.92,50.0,1.27,772.6,0.0849,,,,,,
AL1-20240423-2250,C6.1,C6.2,2024-04-23 22:54:00,0,no fittable bins,,,,,,,,,,,,,,
AL1-20240424-0010,M1.7,M1.7,2024-04-24 00:29:00,0,ok,68,16.0,0.78,23.71,390.0,1.922,1731.2,0.13616,15.0,17.13,0.68,,,
AL1-20240424-0232,M1.8,M1.7,2024-04-24 02:39:00,0,ok,20,17.54,0.73,23.45,150.0,2.166,1824.8,0.14081,15.76,18.09,0.886,,,
AL1-20240424-0354,C5.9,C6.2,2024-04-24 04:13:00,0,no fittable bins,,,,,,,,,,,,,,
AL1-20240424-0433,C7.4,C7.3,2024-04-24 04:40:00,0,ok,5,14.94,1.7,18.44,-10.0,2.15,763.4,0.08486,14.86,16.93,,,,
AL1-20240424-0735,C7.0,C6.9,2024-04-24 07:41:00,0,ok,6,17.5,1.76,20.62,70.0,1.975,753.2,0.08234,16.18,18.61,,,,
AL1-20240424-1018,C5.7,,2024-04-24 10:35:00,0,no fittable bins,,,,,,,,,,,,,,
AL1-20240424-1207,M1.5,M1.4,2024-04-24 12:14:00,0,ok,68,20.38,0.95,25.1,150.0,2.535,1502.3,0.17561,18.87,22.14,0.98,,,
AL1-20240424-1402,C9.3,C9.3,2024-04-24 14:10:00,0,ok,20,14.4,1.29,17.81,-270.0,2.551,955.6,0.09591,12.87,14.49,0.543,,,
AL1-20240424-1948,C7.6,C7.8,2024-04-24 20:06:00,0,ok,16,12.51,1.46,15.12,130.0,1.874,832.9,0.07409,11.73,13.1,,,,
AL1-20240424-2214,C7.4,C7.3,2024-04-24 22:20:00,0,ok,4,14.54,1.6,16.87,-10.0,1.299,764.9,0.07444,15.25,17.44,,,,
AL1-20240424-2227,M1.1,M1.1,2024-04-24 22:48:00,0,ok,53,13.18,1.21,19.66,670.0,0.681,1186.0,0.08463,13.9,15.73,0.752,,,
AL1-20240424-2254,M2.0,M2.0,2024-04-24 22:59:00,0,ok,25,16.51,1.01,25.28,170.0,2.46,2027.5,0.1286,16.08,18.46,0.381,,,
AL1-20240425-1311,M1.0,C9.8,2024-04-25 13:21:00,0,ok,16,18.15,1.59,21.65,130.0,1.87,1023.0,0.10927,17.68,20.54,0.257,,,
AL1-20240425-1704,M1.5,M1.3,2024-04-25 17:12:00,0,ok,10,22.44,1.32,22.44,10.0,2.925,878.6,0.18317,21.75,26.09,,,,
AL1-20240425-1802,M1.1,C9.4,2024-04-25 18:07:00,0,ok,11,19.87,1.27,19.87,10.0,1.825,823.6,0.15581,18.76,22.0,,,,
AL1-20240426-0001,C5.2,C5.1,2024-04-26 00:09:00,0,no pre-flare background,,,,,,,,,,,,,,
AL1-20240426-1929,C5.2,C4.9,2024-04-26 19:34:00,0,ok,1,13.99,1.6,13.99,-30.0,1.763,574.8,0.09449,,,,,,
AL1-20240426-1959,C6.0,,2024-04-26 20:20:00,0,no fittable bins,,,,,,,,,,,,,,
AL1-20240427-1224,M2.3,M2.1,2024-04-27 12:34:00,0,ok,45,15.98,0.57,23.3,290.0,1.987,2067.7,0.19014,16.18,18.62,0.893,,,
AL1-20240427-2128,M3.2,M3.0,2024-04-27 21:39:00,0,ok,47,18.55,0.51,23.2,430.0,1.718,2942.2,0.21265,17.14,19.86,0.821,,,
AL1-20240428-1215,C9.0,C7.7,2024-04-28 12:35:00,0,ok,54,15.33,1.2,20.22,390.0,1.137,808.8,0.14736,14.18,16.1,0.902,,,
AL1-20240428-1544,C7.1,C6.3,2024-04-28 16:01:00,0,ok,22,12.51,1.29,18.3,250.0,1.593,683.9,0.10898,12.56,14.11,0.214,,,
AL1-20240428-2006,C9.4,C8.3,2024-04-28 20:20:00,0,ok,42,15.19,1.1,20.37,430.0,1.567,887.7,0.14562,13.88,15.74,0.842,,,
AL1-20240428-2253,C8.5,C7.7,2024-04-28 23:06:00,0,ok,16,15.37,1.22,20.17,70.0,2.025,815.2,0.1187,15.97,18.35,,,,
AL1-20240429-0032,M2.6,M2.5,2024-04-29 00:48:00,0,ok,32,18.91,0.58,22.38,270.0,2.15,2466.2,0.20045,17.62,20.49,0.661,,,
AL1-20240429-0053,M3.8,M3.6,2024-04-29 01:11:00,0,ok,64,21.02,0.72,33.56,810.0,1.756,3592.9,0.21965,18.94,22.18,0.227,,,
AL1-20240429-1915,C9.4,C8.4,2024-04-29 19:25:00,0,ok,23,18.4,1.16,24.66,150.0,1.854,856.6,0.16405,17.16,19.9,0.964,,,
AL1-20240430-0046,M1.6,M1.6,2024-04-30 01:14:00,0,ok,99,15.25,0.68,22.69,1070.0,2.346,1618.1,0.16246,14.75,16.82,0.874,,,
AL1-20240430-1446,M1.3,M1.2,2024-04-30 15:10:00,0,ok,58,13.96,0.81,22.52,510.0,2.098,1204.7,0.14096,13.13,14.81,0.848,,,
AL1-20240430-1611,M1.4,M1.3,2024-04-30 16:33:00,0,ok,76,14.93,0.85,20.26,390.0,1.8,1370.2,0.13917,13.98,15.86,0.779,,,
AL1-20240430-2326,M9.3,M9.4,2024-04-30 23:46:00,0,ok,52,22.0,0.3,24.32,370.0,1.911,8663.5,0.26136,19.81,23.42,0.714,,,
AL1-20240501-1421,M1.9,M1.9,2024-05-01 14:43:00,0,ok,64,15.33,0.69,23.63,1070.0,1.588,1892.9,0.13919,14.24,16.18,0.774,,,
AL1-20240501-2226,M1.6,M1.8,2024-05-01 22:32:00,0,no pre-flare background,,,,,,,,,,,,,,
AL1-20240502-0207,M1.1,M1.0,2024-05-02 02:17:00,0,ok,26,17.24,1.0,22.87,210.0,1.894,999.4,0.16838,15.37,17.6,0.976,,,
AL1-20240502-1655,C7.3,C6.2,2024-05-02 17:00:00,0,ok,5,20.01,2.0,20.01,10.0,2.37,522.7,0.11319,15.91,18.27,,,,
AL1-20240502-1724,C9.6,C8.6,2024-05-02 17:32:00,0,ok,10,19.81,1.26,23.64,70.0,1.849,827.2,0.13382,15.79,18.13,,,,
AL1-20240502-2313,C5.3,C5.1,2024-05-02 23:19:00,0,ok,2,14.34,1.6,19.4,30.0,2.766,538.6,0.08742,,,,,,
AL1-20240503-0009,M2.7,M2.7,2024-05-03 00:15:00,0,ok,7,20.81,0.58,22.47,50.0,2.333,2893.4,0.1722,18.49,21.64,,,,
AL1-20240503-0211,X1.4,X1.6,2024-05-03 02:22:00,0,ok,25,24.34,0.26,28.45,110.0,1.69,11789.0,0.29735,21.73,26.06,0.738,,,
AL1-20240503-0317,C7.2,C7.3,2024-05-03 03:26:00,0,no fittable bins,,,,,,,,,,,,,,
AL1-20240503-0508,C6.3,C6.6,2024-05-03 05:27:00,0,ok,4,12.01,1.35,16.48,90.0,1.368,648.5,0.0852,,,,,,
AL1-20240503-0630,C5.5,C5.2,2024-05-03 06:35:00,0,no fittable bins,,,,,,,,,,,,,,
AL1-20240503-1601,C8.4,C8.0,2024-05-03 16:12:00,0,ok,23,16.8,1.31,19.54,70.0,2.555,763.8,0.13097,15.16,17.33,0.393,,,
AL1-20240503-1842,C7.8,C7.5,2024-05-03 18:55:00,0,ok,15,16.15,1.52,19.98,170.0,0.572,722.0,0.10441,16.92,19.58,,,,
AL1-20240503-2227,M1.3,,2024-05-03 22:41:00,0,ok,83,15.63,0.86,22.55,410.0,1.781,1203.4,0.15742,14.69,16.74,0.909,,,
AL1-20240503-2324,M2.4,M2.4,2024-05-03 23:29:00,0,ok,29,18.35,0.67,26.09,190.0,1.332,2165.6,0.18142,17.12,19.82,0.9,,,
AL1-20240504-0025,M1.5,M1.6,2024-05-04 00:36:00,0,ok,34,17.69,0.9,24.13,250.0,1.781,1488.3,0.13913,15.01,17.14,0.8,,,
AL1-20240504-0215,C6.2,C5.8,2024-05-04 02:32:00,0,no fittable bins,,,,,,,,,,,,,,
AL1-20240504-0349,C6.1,C5.5,2024-05-04 03:54:00,0,ok,6,18.33,1.78,20.15,30.0,2.029,560.6,0.11888,17.62,20.47,,,,
AL1-20240504-0609,M9.0,M9.0,2024-05-04 06:20:00,0,ok,46,22.84,0.3,27.62,390.0,1.362,8224.4,0.31262,21.29,25.44,0.832,,,
AL1-20240504-0650,M1.4,M1.5,2024-05-04 07:07:00,0,ok,30,18.87,1.03,20.7,30.0,2.061,1489.0,0.12479,15.82,18.15,0.45,,,
AL1-20240504-1557,C7.0,,2024-05-04 16:14:00,0,ok,14,12.35,1.32,19.36,430.0,2.665,685.1,0.10405,11.36,12.66,,,,
AL1-20240504-1710,M1.0,C9.1,2024-05-04 17:19:00,0,ok,23,18.29,1.18,20.9,30.0,1.833,919.5,0.15677,17.71,20.6,0.738,,,
AL1-20240504-1806,M1.4,M1.3,2024-05-04 18:20:00,0,ok,21,18.98,0.87,24.71,130.0,2.002,1295.0,0.18077,18.22,21.28,0.786,,,
AL1-20240504-1908,C6.4,C5.6,2024-05-04 19:23:00,0,ok,15,13.4,1.51,17.65,110.0,0.881,618.1,0.10125,10.82,12.02,,,,
AL1-20240504-1935,C6.6,C6.0,2024-05-04 19:43:00,0,no fittable bins,,,,,,,,,,,,,,
AL1-20240504-2146,C5.2,C4.8,2024-05-04 21:57:00,0,no fittable bins,,,,,,,,,,,,,,
AL1-20240504-2227,M3.4,M3.2,2024-05-04 22:37:00,0,ok,60,18.73,0.49,24.21,310.0,1.714,3220.2,0.20983,17.37,20.17,0.852,,,
AL1-20240504-2333,M9.0,M8.9,2024-05-04 23:48:00,0,ok,43,21.5,0.31,25.09,570.0,1.653,8361.9,0.2572,19.58,23.09,0.723,,,
AL1-20240505-0115,M8.6,M8.3,2024-05-05 01:26:00,0,ok,65,24.18,0.33,27.22,130.0,1.997,7548.6,0.30818,21.72,26.04,0.61,,,
AL1-20240505-0255,C9.2,C8.7,2024-05-05 03:16:00,0,ok,40,15.33,1.34,20.27,430.0,1.524,896.2,0.11317,15.55,17.8,0.621,,,
AL1-20240505-0421,C9.4,C8.3,2024-05-05 04:25:00,0,ok,15,21.47,1.43,21.47,10.0,1.474,830.7,0.14502,19.81,23.4,1.0,,,
AL1-20240505-0526,C5.9,C5.5,2024-05-05 05:38:00,0,no fittable bins,,,,,,,,,,,,,,
AL1-20240505-0547,X1.2,X1.2,2024-05-05 06:01:00,0,ok,35,21.62,0.25,25.46,130.0,1.704,11496.5,0.26082,19.97,23.63,0.809,,,
AL1-20240505-0812,M1.3,M1.2,2024-05-05 08:19:00,0,ok,24,18.01,1.02,30.52,270.0,1.481,1330.8,0.13266,16.09,18.49,0.857,,,
AL1-20240505-0906,C8.7,C8.3,2024-05-05 09:12:00,0,ok,20,16.08,1.46,19.42,110.0,1.786,863.0,0.10338,12.49,14.02,0.714,,,
AL1-20240505-0923,M2.5,M2.3,2024-05-05 09:37:00,0,ok,81,17.68,0.65,24.77,570.0,1.222,2315.2,0.18565,16.69,19.28,0.658,,,
AL1-20240505-0953,M7.8,M7.3,2024-05-05 10:00:00,0,ok,62,23.84,0.38,35.01,270.0,1.496,7054.9,0.26976,21.72,26.03,0.979,,,
AL1-20240505-1141,X1.3,X1.2,2024-05-05 11:54:00,0,ok,92,24.18,0.27,35.74,610.0,1.344,11377.2,0.31694,22.12,26.61,0.538,,,
AL1-20240506-0047,C9.3,,2024-05-06 00:59:00,0,ok,21,13.16,1.2,20.35,350.0,2.477,928.8,0.10945,13.69,15.48,-0.036,,,
AL1-20240506-0100,M1.6,M1.6,2024-05-06 01:06:00,0,ok,16,18.73,1.54,24.56,110.0,1.291,1617.9,0.13571,18.24,21.24,0.486,,,
AL1-20240506-0340,C6.4,C5.8,2024-05-06 03:51:00,0,ok,4,13.34,1.5,15.81,-10.0,1.342,646.6,0.09471,14.06,15.94,,,,
AL1-20240506-0409,C9.3,C8.7,2024-05-06 04:22:00,0,ok,18,17.43,1.68,20.65,-10.0,0.978,860.7,0.11405,20.19,23.9,0.75,,,
AL1-20240506-0510,M1.3,M1.3,2024-05-06 05:28:00,0,ok,66,14.92,0.92,22.65,610.0,1.581,1329.0,0.12303,13.76,15.59,0.811,,,
AL1-20240506-0538,M7.0,,2024-05-06 06:16:00,0,ok,95,18.2,0.34,22.59,630.0,1.417,6649.4,0.20765,17.15,19.87,0.341,,,
AL1-20240506-0617,X3.3,X4.4,2024-05-06 06:34:00,0,ok,72,26.01,0.2,26.81,650.0,0.713,23196.1,0.30888,23.45,28.48,0.862,,,
AL1-20240506-0953,M1.6,M1.5,2024-05-06 09:59:00,0,ok,21,20.3,1.03,23.66,170.0,1.874,1474.0,0.15178,18.03,21.01,0.5,,,
AL1-20240506-1053,C6.3,C6.5,2024-05-06 11:00:00,0,no fittable bins,,,,,,,,,,,,,,
AL1-20240506-1251,C9.9,C9.2,2024-05-06 12:56:00,0,ok,7,23.2,2.06,25.69,30.0,1.953,930.9,0.11465,20.47,24.26,,,,
AL1-20240506-1522,C7.2,C6.2,2024-05-06 15:34:00,0,ok,26,15.22,1.33,22.15,310.0,0.836,671.8,0.1264,15.57,17.85,0.733,,,
AL1-20240506-1910,M1.0,C9.4,2024-05-06 19:18:00,0,ok,41,18.03,1.15,21.19,50.0,2.014,907.8,0.16701,17.58,20.44,0.951,,,
AL1-20240506-2136,M1.4,M1.2,2024-05-06 21:48:00,0,ok,43,18.33,1.04,20.01,150.0,1.747,1263.0,0.15316,18.1,21.12,0.833,,,
AL1-20240506-2158,M4.4,M4.2,2024-05-06 22:25:00,0,ok,117,19.34,0.49,24.86,1150.0,1.425,4218.1,0.21247,17.81,20.73,0.509,,,
AL1-20240507-0036,M2.5,M2.6,2024-05-07 00:57:00,0,ok,103,13.76,0.74,20.55,830.0,0.966,2571.2,0.11044,12.3,13.79,0.666,,,
AL1-20240507-0258,C9.4,,2024-05-07 03:11:00,0,ok,5,20.05,2.48,20.05,10.0,1.43,963.1,0.08972,14.36,16.3,,,,
AL1-20240507-0537,C6.0,C5.7,2024-05-07 05:46:00,0,no fittable bins,,,,,,,,,,,,,,
AL1-20240507-0558,M5.1,M5.1,2024-05-07 06:15:00,0,ok,65,16.87,0.38,25.31,670.0,1.674,4856.2,0.17727,15.1,17.25,0.657,,,
AL1-20240507-0817,M1.5,,2024-05-07 08:31:00,0,ok,51,17.8,0.93,27.19,590.0,1.791,1514.5,0.14226,16.79,19.4,0.877,,,
AL1-20240507-0909,C5.6,,2024-05-07 09:17:00,0,no fittable bins,,,,,,,,,,,,,,
AL1-20240507-0946,C5.6,,2024-05-07 09:54:00,0,no fittable bins,,,,,,,,,,,,,,
AL1-20240507-1032,M1.0,C9.5,2024-05-07 10:42:00,0,ok,21,20.59,1.31,20.59,10.0,1.572,1006.9,0.14153,17.69,20.58,0.607,,,
AL1-20240507-1138,M2.5,M2.4,2024-05-07 11:47:00,0,ok,51,17.92,0.58,26.84,230.0,1.601,2388.2,0.19157,16.38,18.89,0.831,,,
AL1-20240507-1247,M1.6,M1.5,2024-05-07 12:54:00,0,ok,24,18.68,0.83,25.36,230.0,1.865,1627.2,0.15774,16.68,19.27,0.69,,,
AL1-20240507-1315,M1.1,M1.0,2024-05-07 13:24:00,0,ok,31,16.12,1.45,24.6,150.0,1.054,1096.2,0.11411,14.88,16.93,0.564,,,
AL1-20240507-1621,M8.6,M8.1,2024-05-07 16:30:00,0,ok,22,27.01,0.37,29.79,70.0,1.958,7336.6,0.31283,23.96,29.24,0.893,,,
AL1-20240507-1734,C7.5,C7.1,2024-05-07 17:38:00,0,ok,7,19.97,2.08,23.81,70.0,1.759,766.8,0.09381,17.17,19.88,,,,
AL1-20240507-1847,C8.8,C8.4,2024-05-07 18:55:00,0,ok,25,17.53,1.55,20.01,110.0,1.294,878.2,0.1028,15.29,17.48,0.571,,,
AL1-20240507-1957,C8.7,,2024-05-07 20:10:00,0,ok,9,13.11,1.56,14.54,190.0,0.551,905.8,0.07672,12.55,14.07,,,,
AL1-20240507-2011,M2.1,M2.1,2024-05-07 20:22:00,0,ok,40,18.11,0.84,20.04,270.0,1.744,2119.7,0.13495,15.29,17.48,0.371,,,
AL1-20240507-2113,M3.3,M3.3,2024-05-07 21:26:00,0,ok,88,15.49,0.58,21.33,490.0,1.393,3228.5,0.14723,14.48,16.47,0.627,,,
AL1-20240508-0032,C9.7,C9.3,2024-05-08 00:51:00,0,ok,48,15.89,1.31,21.43,730.0,1.137,995.6,0.09731,15.12,17.27,0.632,,,
AL1-20240508-0134,X1.0,X1.0,2024-05-08 01:41:00,0,ok,24,23.17,0.29,27.56,130.0,1.898,9594.0,0.27985,21.37,25.55,0.595,,,
AL1-20240508-0215,M3.6,M3.3,2024-05-08 02:27:00,0,ok,48,20.94,0.54,25.53,470.0,2.208,3399.8,0.23718,19.18,22.55,0.432,,,
AL1-20240508-0318,M1.9,M1.9,2024-05-08 03:42:00,0,ok,62,15.19,0.92,28.49,1050.0,0.943,1971.5,0.12625,15.9,18.25,0.831,,,
AL1-20240508-0421,M3.7,M3.5,2024-05-08 04:30:00,0,ok,38,18.77,0.56,23.09,330.0,1.56,3529.7,0.19651,17.55,20.38,0.385,,,
AL1-20240508-0437,M9.9,X1.0,2024-05-08 05:09:00,0,ok,151,17.3,0.31,40.52,1750.0,1.093,9483.5,0.20462,16.19,18.63,0.748,,,
AL1-20240508-0643,M7.5,M7.0,2024-05-08 06:53:00,0,ok,42,19.99,0.34,26.7,310.0,1.297,6931.6,0.21546,18.63,21.81,0.266,,,
AL1-20240508-0729,M4.2,M4.4,2024-05-08 07:41:00,0,ok,61,18.2,0.54,23.84,390.0,1.787,4284.1,0.15021,17.73,20.61,0.414,,,
AL1-20240508-0931,M1.7,M1.8,2024-05-08 09:36:00,0,ok,19,20.1,1.44,24.8,50.0,2.261,1779.2,0.11217,17.7,20.52,0.25,,,
AL1-20240508-0943,M2.1,,2024-05-08 10:01:00,0,ok,45,17.95,1.29,24.42,910.0,1.577,2187.3,0.10011,12.95,14.55,0.486,,,
AL1-20240508-1109,M3.9,M4.0,2024-05-08 11:22:00,0,ok,75,16.81,0.53,22.0,490.0,1.673,4011.7,0.14459,15.64,17.92,0.193,,,
AL1-20240508-1138,M8.5,M8.5,2024-05-08 12:03:00,0,ok,101,19.17,0.44,37.47,1250.0,1.285,7953.8,0.20674,18.09,21.08,0.024,,,
AL1-20240508-1432,M1.0,,2024-05-08 14:43:00,0,ok,2,12.85,1.62,12.85,50.0,0.821,1082.1,0.07565,,,,,,
AL1-20240508-1554,C6.8,C6.6,2024-05-08 15:59:00,0,ok,5,19.23,2.0,19.23,10.0,0.793,712.9,0.08657,14.44,16.41,,,,
AL1-20240508-1732,M7.7,M7.8,2024-05-08 17:52:00,0,ok,47,20.07,0.33,25.32,310.0,1.824,7159.2,0.21186,17.9,20.86,0.779,,,
AL1-20240508-1812,M2.9,M2.9,2024-05-08 18:36:00,0,ok,94,15.71,0.67,22.03,1090.0,1.078,2871.1,0.12534,14.89,16.97,0.351,,,
AL1-20240508-1914,M2.0,M2.0,2024-05-08 19:21:00,0,ok,26,16.65,1.16,22.38,210.0,1.888,2014.1,0.10993,14.55,16.51,0.717,,,
AL1-20240508-2027,M1.6,M1.7,2024-05-08 20:34:00,0,ok,18,20.34,1.54,21.36,130.0,1.109,1768.1,0.10015,17.1,19.73,0.829,,,
AL1-20240508-2102,M9.8,M9.9,2024-05-08 21:40:00,0,ok,156,17.98,0.27,21.69,650.0,1.271,9352.8,0.20102,16.71,19.31,0.726,,,
AL1-20240508-2204,M9.8,M9.7,2024-05-08 22:25:00,0,ok,112,20.08,0.54,76.48,1110.0,0.762,9121.0,0.2291,17.95,20.89,0.679,,,
AL1-20240509-0307,M4.1,M3.9,2024-05-09 03:16:00,0,ok,33,25.02,0.59,26.64,30.0,1.712,3365.8,0.2528,22.56,27.22,0.091,,,
AL1-20240509-0323,M4.6,M4.5,2024-05-09 03:32:00,0,ok,50,22.74,0.74,29.18,290.0,1.649,4400.6,0.22126,20.36,24.08,0.653,,,
AL1-20240509-0444,M1.7,M1.7,2024-05-09 04:49:00,0,ok,18,19.09,0.83,29.63,110.0,1.938,1740.3,0.1394,18.67,21.86,0.886,,,
AL1-20240509-0603,M2.5,M2.4,2024-05-09 06:27:00,0,ok,118,16.92,0.74,27.11,1130.0,1.637,2289.2,0.14096,16.58,19.12,0.84,,,
AL1-20240509-0827,M2.1,M2.0,2024-05-09 08:40:00,0,ok,36,17.15,0.91,21.7,250.0,0.784,2080.6,0.13521,16.08,18.45,0.105,,,
AL1-20240509-0845,X2.0,X2.1,2024-05-09 09:13:00,0,ok,137,20.0,0.19,33.17,1530.0,0.817,17023.5,0.24879,18.54,21.7,0.685,,,
AL1-20240509-1205,M2.8,M2.9,2024-05-09 12:12:00,0,ok,31,18.29,1.02,23.94,190.0,1.504,2848.4,0.12465,15.88,18.21,0.867,,,
AL1-20240509-1316,M3.7,M3.7,2024-05-09 13:23:00,0,ok,21,19.19,0.51,24.81,170.0,2.422,3694.2,0.17496,17.57,20.42,0.643,,,
AL1-20240509-1725,X1.0,X1.0,2024-05-09 17:43:00,0,no pre-flare background,,,,,,,,,,,,,,
AL1-20240509-2115,C9.7,,2024-05-09 21:20:00,0,ok,11,15.95,1.52,17.97,50.0,2.036,1045.5,nan,16.1,18.48,,,,
AL1-20240509-2139,C7.3,,2024-05-09 21:49:00,0,no fittable bins,,,,,,,,,,,,,,
AL1-20240509-2207,C9.4,C9.9,2024-05-09 22:15:00,0,ok,5,12.04,1.37,17.93,-30.0,2.27,990.4,0.06968,11.7,13.06,,,,
AL1-20240509-2223,M1.4,,2024-05-09 22:29:00,0,ok,19,18.49,1.23,27.43,130.0,1.914,1376.8,0.12571,16.73,19.3,0.543,,,
AL1-20240509-2233,M2.5,M2.6,2024-05-09 22:41:00,0,ok,15,16.23,1.17,18.34,110.0,2.183,2515.1,0.12025,15.33,17.5,,,,
AL1-20240509-2304,M1.1,M1.2,2024-05-09 23:08:00,0,ok,14,17.96,1.54,24.93,90.0,2.939,1230.7,0.09561,16.15,18.55,,,,
AL1-20240509-2344,M1.6,M1.5,2024-05-09 23:51:00,0,ok,16,18.92,0.85,22.81,70.0,1.876,1561.5,0.13332,17.68,20.56,,,,
AL1-20240510-0203,C9.9,C9.7,2024-05-10 02:09:00,0,ok,16,18.68,1.46,18.77,-70.0,0.962,1014.1,0.10262,16.43,18.93,,,,
AL1-20240510-0303,C7.8,C7.9,2024-05-10 03:10:00,0,no fittable bins,,,,,,,,,,,,,,
AL1-20240510-0315,M1.3,M1.4,2024-05-10 03:29:00,0,ok,28,14.74,1.16,20.67,170.0,1.853,1449.1,0.09096,13.93,15.76,0.667,,,
AL1-20240510-0431,C7.0,,2024-05-10 04:42:00,0,no fittable bins,,,,,,,,,,,,,,
AL1-20240510-0615,M1.3,M1.3,2024-05-10 06:24:00,0,ok,22,16.4,1.24,21.02,250.0,1.64,1378.4,0.10275,15.69,17.99,0.536,,,
AL1-20240510-0627,X3.2,X3.8,2024-05-10 06:52:00,0,ok,98,24.39,0.17,29.38,1210.0,0.883,22757.2,0.3123,22.31,26.87,0.74,,,
AL1-20240510-1010,M2.3,M2.2,2024-05-10 10:14:00,0,ok,17,22.2,0.79,28.99,150.0,1.97,2226.4,0.16243,20.19,23.92,,,,
AL1-20240510-1332,C7.4,,2024-05-10 13:49:00,0,ok,1,17.2,2.02,17.2,-10.0,0.573,809.7,0.07382,,,,,,
AL1-20240510-1358,M5.9,M5.8,2024-05-10 14:10:00,0,ok,56,17.89,0.35,24.65,510.0,1.871,5586.6,0.20533,16.7,19.29,0.686,,,
AL1-20240510-1539,C7.4,C7.2,2024-05-10 15:51:00,0,ok,8,12.46,1.45,21.02,90.0,1.681,779.0,0.07814,12.01,13.45,,,,
AL1-20240510-1815,M1.2,M1.1,2024-05-10 18:32:00,0,ok,54,15.41,1.27,20.97,650.0,1.122,1141.2,0.10068,13.18,14.87,0.849,,,
AL1-20240510-1838,M1.8,M2.0,2024-05-10 19:05:00,0,ok,74,17.58,1.4,23.19,1310.0,1.356,1948.0,0.0998,13.42,15.12,0.472,,,
AL1-20240510-1932,M1.1,M1.1,2024-05-10 19:52:00,0,ok,45,15.2,1.6,20.42,630.0,0.67,1166.5,0.08455,15.45,17.65,0.589,,,
AL1-20240510-1956,M1.9,M1.9,2024-05-10 20:03:00,0,ok,51,17.63,1.01,30.18,170.0,1.259,1911.6,0.1394,16.31,18.74,0.652,,,
AL1-20240510-2058,M3.9,M3.7,2024-05-10 21:08:00,0,ok,21,21.96,0.53,24.55,230.0,1.588,3811.9,0.19755,19.9,23.52,0.107,,,
AL1-20240511-0110,X3.6,X5.7,2024-05-11 01:19:00,0,ok,79,30.0,0.2,30.97,50.0,1.133,24307.3,0.373,27.04,33.85,0.843,,,
AL1-20240511-0428,M1.3,,2024-05-11 04:40:00,0,ok,27,19.07,1.44,20.48,150.0,0.904,1357.5,0.10494,16.46,18.95,0.683,,,
AL1-20240511-0711,M1.1,,2024-05-11 08:17:00,0,ok,111,13.8,1.26,19.28,1370.0,1.579,1142.5,0.07543,14.12,16.01,0.388,,,
AL1-20240511-0843,M1.2,,2024-05-11 08:56:00,0,ok,26,17.11,1.69,19.4,150.0,0.824,1222.2,0.08887,16.24,18.69,0.0,,,
AL1-20240511-0903,M1.5,,2024-05-11 09:14:00,0,ok,19,17.8,1.76,20.66,-150.0,0.802,1435.8,0.10011,13.78,15.53,-0.371,,,
AL1-20240511-0949,M2.9,M3.0,2024-05-11 10:18:00,0,ok,93,16.02,0.57,20.95,810.0,1.039,2786.2,0.15396,14.81,16.89,0.692,,,
AL1-20240511-1052,M1.5,M1.6,2024-05-11 10:56:00,0,ok,10,19.48,1.34,21.55,30.0,1.556,1327.7,0.10868,17.91,20.87,,,,
AL1-20240511-1111,X1.3,X1.4,2024-05-11 11:44:00,0,ok,131,18.47,0.21,24.71,650.0,1.083,12179.0,0.2398,17.51,20.35,0.659,,,
AL1-20240511-1345,M1.6,M1.7,2024-05-11 13:49:00,0,ok,29,19.66,1.29,21.64,-10.0,1.046,1400.7,0.12577,19.17,22.57,0.683,,,
AL1-20240511-1441,M8.1,M8.7,2024-05-11 15:25:00,0,ok,163,20.16,0.31,23.28,950.0,1.61,7471.9,0.24746,18.17,21.22,0.726,,,
AL1-20240511-1941,C6.6,C7.1,2024-05-11 19:47:00,0,no fittable bins,,,,,,,,,,,,,,
AL1-20240511-2033,M1.2,M1.2,2024-05-11 20:41:00,0,ok,18,17.33,1.03,23.87,90.0,1.697,1185.7,0.1259,15.35,17.56,0.829,,,
AL1-20240511-2058,C8.9,C9.4,2024-05-11 21:07:00,0,ok,32,15.17,1.41,22.4,270.0,1.028,898.0,0.09396,14.8,16.85,0.827,,,
AL1-20240511-2133,C6.7,,2024-05-11 21:42:00,0,no fittable bins,,,,,,,,,,,,,,
AL1-20240511-2152,C7.6,,2024-05-11 21:58:00,0,ok,10,16.33,1.88,19.78,-110.0,2.02,796.4,0.09149,16.18,18.59,,,,
AL1-20240512-0020,C6.0,C6.5,2024-05-12 00:27:00,0,no fittable bins,,,,,,,,,,,,,,
AL1-20240512-0041,M3.3,M3.2,2024-05-12 00:45:00,0,ok,26,20.12,0.49,25.08,110.0,1.962,3117.9,0.23263,18.41,21.53,1.0,,,
AL1-20240512-0137,C6.5,,2024-05-12 01:55:00,0,no fittable bins,,,,,,,,,,,,,,
AL1-20240512-0537,M2.2,M2.3,2024-05-12 05:51:00,0,ok,65,13.69,0.68,18.89,510.0,1.763,2305.6,0.10361,12.8,14.41,0.806,,,
AL1-20240512-0814,C8.0,,2024-05-12 08:40:00,0,ok,5,11.31,1.34,15.24,50.0,1.112,856.5,0.06979,11.03,12.27,,,,
AL1-20240512-1014,C8.8,C9.2,2024-05-12 10:20:00,0,ok,10,15.26,1.52,17.98,-50.0,1.354,908.6,0.0766,13.59,15.36,,,,
AL1-20240512-1224,M1.6,M1.6,2024-05-12 12:40:00,0,ok,55,15.9,0.81,18.9,130.0,1.66,1645.5,0.13048,13.45,15.2,0.878,,,
AL1-20240512-1340,M1.0,M1.0,2024-05-12 13:47:00,0,ok,10,14.9,1.11,22.11,70.0,1.625,1067.4,0.1012,14.24,16.17,,,,
AL1-20240512-1349,M1.6,M1.5,2024-05-12 13:56:00,0,ok,22,19.16,1.5,32.25,230.0,1.02,1576.8,0.13778,16.45,18.89,0.762,,,
AL1-20240512-1518,C7.1,C6.9,2024-05-12 15:31:00,0,ok,3,16.07,1.79,17.98,310.0,0.762,775.5,0.0579,,,,,,
AL1-20240512-1611,X1.0,M9.9,2024-05-12 16:25:00,0,ok,66,21.94,0.28,28.55,310.0,1.176,9366.8,0.28232,20.0,23.66,0.683,,,
AL1-20240512-1942,C7.0,,2024-05-12 19:47:00,0,no fittable bins,,,,,,,,,,,,,,
AL1-20240512-2017,M5.1,M4.8,2024-05-12 20:31:00,0,ok,70,17.92,0.39,26.27,390.0,1.346,4585.0,0.21776,16.5,19.04,0.879,,,
AL1-20240512-2201,M1.1,M1.1,2024-05-12 22:05:00,0,ok,16,18.52,1.4,25.87,70.0,2.517,1132.5,0.10734,18.72,21.92,,,,
AL1-20240512-2214,M1.1,M1.1,2024-05-12 22:18:00,0,ok,15,21.37,1.63,28.92,50.0,1.751,1159.2,0.12084,18.43,21.5,,,,
AL1-20240512-2300,M1.0,C9.9,2024-05-12 23:10:00,0,ok,11,16.16,1.12,18.71,270.0,2.312,1011.9,0.10008,15.94,18.32,,,,
AL1-20240512-2327,C9.5,C9.5,2024-05-12 23:39:00,0,ok,19,13.74,1.36,17.42,410.0,1.308,1020.4,0.08412,13.57,15.33,-0.5,,,
AL1-20240513-0021,C6.4,C6.4,2024-05-13 00:31:00,0,no fittable bins,,,,,,,,,,,,,,
AL1-20240513-0045,C6.0,C9.4,2024-05-13 01:04:00,0,no fittable bins,,,,,,,,,,,,,,
AL1-20240513-0105,C9.3,C9.4,2024-05-13 01:09:00,0,ok,6,19.32,1.83,24.02,50.0,1.503,953.5,0.08862,14.89,16.94,,,,
AL1-20240513-0123,M1.3,M1.2,2024-05-13 01:33:00,0,ok,24,14.95,1.31,19.48,230.0,1.498,1220.3,0.11549,14.17,16.07,0.333,,,
AL1-20240513-0241,C5.9,C5.8,2024-05-13 02:46:00,0,no fittable bins,,,,,,,,,,,,,,
AL1-20240513-0721,C6.3,C6.3,2024-05-13 07:35:00,0,no fittable bins,,,,,,,,,,,,,,
AL1-20240513-0800,M1.5,M1.4,2024-05-13 08:29:00,0,ok,102,13.82,0.89,21.18,1090.0,1.38,1484.0,0.11014,11.95,13.37,0.699,,,
AL1-20240513-0847,M1.5,,2024-05-13 08:57:00,0,ok,23,15.74,1.26,21.97,370.0,1.044,1510.2,0.10883,16.16,18.57,0.071,,,
AL1-20240513-0859,M2.3,,2024-05-13 09:13:00,0,ok,25,18.45,1.23,21.4,410.0,0.872,2272.4,0.13925,14.9,16.95,-0.119,,,
AL1-20240513-0914,M6.9,M6.5,2024-05-13 09:44:00,0,ok,140,20.21,0.43,30.35,1410.0,1.387,6221.6,0.21635,18.76,21.98,0.177,,,
AL1-20240513-1249,M3.9,M3.6,2024-05-13 13:10:00,0,ok,63,17.75,0.47,27.82,450.0,0.944,3721.2,0.19694,17.32,20.08,0.709,,,
AL1-20240513-1357,M1.3,,2024-05-13 14:14:00,0,ok,8,17.07,2.01,19.53,-10.0,0.575,1389.5,0.07491,15.14,17.2,,,,
AL1-20240513-1731,C9.5,M1.0,2024-05-13 17:46:00,0,ok,3,13.69,1.67,13.69,90.0,1.091,1047.5,0.06133,,,,,,
AL1-20240513-1835,M1.1,,2024-05-13 18:48:00,0,ok,35,16.8,1.39,23.68,350.0,1.413,1099.2,0.09865,16.26,18.7,0.661,,,
AL1-20240513-2151,M1.6,M1.5,2024-05-13 21:59:00,0,ok,31,18.05,0.79,31.38,250.0,1.704,1585.8,0.17394,16.53,19.08,0.927,,,
AL1-20240514-0111,M2.8,M2.5,2024-05-14 01:48:00,0,ok,116,16.76,0.53,24.28,1130.0,0.508,2497.7,0.20394,15.51,17.78,0.406,,,
AL1-20240514-0203,X1.6,X1.6,2024-05-14 02:09:00,0,ok,40,26.32,0.24,36.58,250.0,1.202,14105.1,0.35944,23.88,29.12,0.681,,,
AL1-20240514-0754,M1.1,,2024-05-14 10:08:00,0,ok,78,11.55,1.36,19.88,6870.0,0.973,1175.2,0.06163,10.77,11.94,0.197,,,
AL1-20240514-1239,X1.3,X1.2,2024-05-14 12:54:00,0,ok,59,23.62,0.24,29.77,330.0,0.689,11153.8,0.34944,21.49,25.72,0.532,,,
AL1-20240514-1513,M1.0,C9.5,2024-05-14 15:28:00,0,ok,42,12.65,1.1,22.6,310.0,1.704,1016.9,0.10769,13.2,14.88,0.477,,,
AL1-20240514-1642,X5.5,X8.5,2024-05-14 16:49:00,0,ok,51,43.04,0.26,43.14,30.0,1.453,29477.4,0.55316,36.91,50.44,0.887,,,
AL1-20240514-1725,M4.1,M4.4,2024-05-14 17:37:00,0,ok,82,13.23,1.01,19.94,350.0,1.377,4222.2,0.12195,12.27,13.76,0.837,,,
AL1-20240514-2301,C7.4,C7.2,2024-05-14 23:11:00,0,ok,24,16.78,1.66,22.29,230.0,1.729,762.0,0.09336,15.93,18.29,0.738,,,
AL1-20240515-0416,C5.7,C5.4,2024-05-15 04:25:00,0,no fittable bins,,,,,,,,,,,,,,
AL1-20240515-0441,C7.5,C7.7,2024-05-15 04:54:00,0,no fittable bins,,,,,,,,,,,,,,
AL1-20240515-0620,C5.9,C5.7,2024-05-15 06:24:00,0,no fittable bins,,,,,,,,,,,,,,
AL1-20240515-0704,C6.0,C5.7,2024-05-15 07:20:00,0,no fittable bins,,,,,,,,,,,,,,
AL1-20240515-0722,C9.9,C9.8,2024-05-15 07:44:00,0,ok,15,10.37,1.69,17.5,390.0,1.323,1038.5,0.0882,,,,,,
AL1-20240515-0818,X3.2,X3.3,2024-05-15 08:36:00,0,ok,83,28.95,0.2,32.49,210.0,1.581,22312.6,0.40336,25.94,32.17,0.959,,,
AL1-20240515-0949,M3.6,,2024-05-15 10:35:00,0,ok,175,15.21,0.71,31.46,2550.0,1.511,3523.9,0.15166,15.55,17.79,0.227,,,
AL1-20240515-1355,M3.2,M3.2,2024-05-15 14:16:00,0,ok,65,17.31,0.61,23.64,1030.0,1.985,3182.7,0.15366,16.34,18.83,0.556,,,
AL1-20240515-1420,X2.5,X2.9,2024-05-15 14:38:00,0,ok,83,21.58,0.18,31.54,930.0,0.878,19880.6,0.26284,19.72,23.28,0.699,,,
AL1-20240516-0750,M1.1,M1.0,2024-05-16 08:04:00,0,ok,35,16.79,1.11,20.27,130.0,2.61,1056.8,0.12993,14.45,16.44,0.545,,,
AL1-20240517-0131,C8.9,C8.6,2024-05-17 01:46:00,0,ok,11,11.11,1.02,17.19,90.0,3.203,910.2,0.08945,10.14,11.21,,,,
AL1-20240517-2033,M7.1,M7.1,2024-05-17 21:08:00,0,ok,103,16.86,0.34,21.01,890.0,1.386,6832.8,0.1598,15.79,18.13,0.612,,,
AL1-20240518-0531,C7.6,C7.1,2024-05-18 05:37:00,0,ok,16,16.22,1.38,21.28,110.0,2.769,744.0,0.11984,13.42,15.16,0.086,,,
AL1-20240519-1337,M1.9,M1.8,2024-05-19 13:44:00,0,ok,11,21.64,0.84,21.73,-10.0,2.347,1767.5,0.17033,20.47,24.32,,,,
AL1-20240519-1745,M2.5,M2.5,2024-05-19 17:56:00,0,ok,13,19.41,0.59,22.41,50.0,2.269,2728.3,0.17476,17.73,20.63,,,,
AL1-20240519-2153,M1.6,M1.6,2024-05-19 21:59:00,0,ok,17,15.81,0.8,19.5,130.0,2.202,1489.4,0.15279,16.73,19.33,,,,
AL1-20240520-0541,C6.8,C6.6,2024-05-20 05:54:00,0,no fittable bins,,,,,,,,,,,,,,
AL1-20240521-0720,C5.0,C4.8,2024-05-21 07:32:00,0,no fittable bins,,,,,,,,,,,,,,
AL1-20240521-1329,C8.0,C6.9,2024-05-21 13:36:00,0,ok,12,14.79,1.33,16.66,-90.0,0.959,709.4,0.11662,12.32,13.83,,,,
AL1-20240521-1402,C6.9,C6.5,2024-05-21 14:12:00,0,ok,22,14.78,1.44,16.22,190.0,1.517,676.4,0.1005,13.82,15.66,-0.107,,,
AL1-20240521-1556,C7.6,C6.8,2024-05-21 16:05:00,0,ok,20,14.13,1.22,18.06,-30.0,2.277,742.2,0.11518,13.4,15.14,0.857,,,
AL1-20240521-1922,M2.0,M1.9,2024-05-21 19:31:00,0,ok,30,17.41,0.67,23.09,170.0,1.742,1845.7,0.17386,16.2,18.66,0.927,,,
AL1-20240522-0302,M1.6,M1.5,2024-05-22 03:13:00,0,ok,35,17.9,0.81,20.64,130.0,1.703,1478.9,0.15788,16.11,18.55,0.973,,,
AL1-20240522-0338,M2.1,M2.2,2024-05-22 04:03:00,0,ok,96,15.01,0.73,18.75,750.0,1.546,2173.2,0.1154,13.56,15.33,0.72,,,
AL1-20240522-1351,M1.3,M1.2,2024-05-22 14:04:00,0,ok,31,20.08,1.13,24.37,210.0,1.976,1170.8,0.16416,18.39,21.49,0.867,,,
AL1-20240522-1851,C7.9,C7.3,2024-05-22 18:57:00,0,ok,6,15.23,1.55,20.19,70.0,1.328,752.0,0.10167,15.48,17.7,,,,
AL1-20240522-2046,C7.9,,2024-05-22 21:01:00,0,no fittable bins,,,,,,,,,,,,,,
AL1-20240523-0144,C8.7,C8.4,2024-05-23 01:51:00,0,ok,17,19.3,1.39,20.71,70.0,1.556,871.6,0.11323,15.62,17.91,,,,
AL1-20240523-0204,M4.2,M4.1,2024-05-23 02:15:00,0,ok,49,20.17,0.46,23.24,250.0,1.69,3763.4,0.23699,19.42,22.87,0.382,,,
AL1-20240523-0357,M1.6,M1.7,2024-05-23 04:28:00,0,ok,119,15.08,0.83,21.53,1010.0,1.625,1653.2,0.12843,15.4,17.62,0.779,,,
AL1-20240523-0636,M1.0,C9.6,2024-05-23 06:42:00,0,ok,26,18.78,1.15,23.38,70.0,1.607,944.8,0.14472,17.29,20.06,0.854,,,
AL1-20240523-0801,C5.7,C5.5,2024-05-23 08:09:00,0,ok,2,13.89,1.55,16.88,-10.0,2.129,573.2,0.07783,14.67,16.71,,,,
AL1-20240523-0913,C8.8,C8.3,2024-05-23 09:21:00,0,ok,10,16.35,1.57,17.1,-30.0,1.117,739.4,0.11413,15.99,18.37,,,,
AL1-20240523-0930,C8.7,,2024-05-23 09:34:00,0,ok,3,21.88,2.0,21.88,10.0,1.569,834.8,0.09724,18.16,21.16,,,,
AL1-20240523-0952,C7.1,,2024-05-23 10:01:00,0,no fittable bins,,,,,,,,,,,,,,
AL1-20240523-1003,C9.8,C9.9,2024-05-23 10:08:00,0,ok,2,12.6,1.92,15.3,-30.0,1.716,984.6,0.09654,16.03,18.32,,,,
AL1-20240523-1230,C6.0,,2024-05-23 12:36:00,0,no fittable bins,,,,,,,,,,,,,,
AL1-20240523-1248,M2.5,M2.5,2024-05-23 13:20:00,0,ok,130,15.11,0.59,19.96,1110.0,1.552,2473.4,0.14586,13.93,15.79,0.762,,,
AL1-20240523-1553,M1.1,M1.0,2024-05-23 15:57:00,0,ok,13,19.44,1.29,24.74,70.0,1.612,1009.5,0.13125,16.72,19.3,,,,
AL1-20240523-1613,C5.4,C5.5,2024-05-23 16:24:00,0,no fittable bins,,,,,,,,,,,,,,
AL1-20240523-1942,C6.6,C5.9,2024-05-23 19:46:00,0,ok,7,16.95,1.53,18.51,50.0,2.082,631.9,0.11336,16.66,19.24,,,,
AL1-20240523-2027,C7.3,C6.5,2024-05-23 20:34:00,0,ok,6,14.49,1.38,16.33,30.0,1.718,674.6,0.0993,14.34,16.31,,,,
AL1-20240523-2252,C6.5,C5.6,2024-05-23 22:58:00,0,ok,5,18.43,1.75,19.95,-30.0,1.749,576.7,0.1212,15.13,17.29,,,,
AL1-20240523-2304,C5.6,C5.2,2024-05-23 23:09:00,0,no fittable bins,,,,,,,,,,,,,,
AL1-20240523-2317,C5.4,C5.5,2024-05-23 23:28:00,0,no fittable bins,,,,,,,,,,,,,,
AL1-20240524-0629,M1.3,M1.4,2024-05-24 07:05:00,0,ok,77,15.4,1.11,17.37,1110.0,1.11,1371.5,0.09376,13.74,15.55,0.475,,,
AL1-20240524-0750,M1.1,M1.0,2024-05-24 08:01:00,0,ok,14,17.97,1.16,18.86,30.0,1.755,969.7,0.12785,15.53,17.8,,,,
AL1-20240524-0807,M1.2,M1.2,2024-05-24 08:24:00,0,ok,53,16.22,1.33,22.22,510.0,2.652,1271.8,0.11168,13.87,15.69,0.43,,,
AL1-20240524-0855,C9.2,C9.3,2024-05-24 09:00:00,0,ok,19,15.9,1.48,18.78,30.0,1.797,922.6,0.09502,14.43,16.39,,,,
AL1-20240524-1043,C5.8,C5.5,2024-05-24 10:51:00,0,ok,2,17.8,1.93,19.75,-30.0,0.711,599.0,0.08426,17.47,20.29,,,,
AL1-20240524-2007,M1.4,M1.4,2024-05-24 20:25:00,0,ok,57,15.22,0.82,21.47,450.0,2.28,1387.0,0.1394,13.9,15.76,0.925,,,
AL1-20240525-1721,C6.7,C5.8,2024-05-25 17:25:00,0,ok,9,16.64,1.44,19.86,50.0,2.557,569.8,0.14345,16.79,19.41,,,,
AL1-20240526-0928,C5.8,C5.2,2024-05-26 09:36:00,0,ok,8,15.34,1.77,22.0,130.0,2.932,567.0,0.11256,12.42,13.94,,,,
AL1-20240526-1401,C5.8,C5.3,2024-05-26 14:13:00,0,no fittable bins,,,,,,,,,,,,,,
AL1-20240526-1631,C6.1,C5.9,2024-05-26 16:41:00,0,ok,5,13.47,1.52,18.68,50.0,1.924,612.3,0.08939,13.66,15.46,,,,
AL1-20240526-1654,C7.5,C7.4,2024-05-26 17:05:00,0,no fittable bins,,,,,,,,,,,,,,
AL1-20240527-0225,C7.1,C6.9,2024-05-27 03:14:00,0,ok,15,13.63,1.53,15.27,310.0,1.786,716.4,0.08726,,,,,,
AL1-20240527-0416,C5.6,C5.5,2024-05-27 04:24:00,0,no fittable bins,,,,,,,,,,,,,,
AL1-20240527-0641,X2.6,X2.8,2024-05-27 07:08:00,0,ok,80,22.98,0.18,31.9,550.0,1.256,19946.9,0.29503,20.86,24.85,0.892,,,
AL1-20240528-0123,C7.9,C7.5,2024-05-28 01:32:00,0,ok,17,16.56,1.43,22.08,70.0,2.381,735.4,0.11476,15.82,18.16,0.943,,,
AL1-20240528-0338,C8.4,C7.8,2024-05-28 03:43:00,0,ok,23,17.97,1.3,22.55,70.0,2.083,779.9,0.13425,15.79,18.14,0.321,,,
AL1-20240528-0930,C5.5,C5.6,2024-05-28 09:36:00,0,no fittable bins,,,,,,,,,,,,,,
AL1-20240528-1017,C7.9,C7.5,2024-05-28 10:24:00,0,ok,17,17.2,1.49,22.35,130.0,1.323,737.0,0.11959,16.46,18.97,0.829,,,
AL1-20240528-1039,C8.7,C8.4,2024-05-28 10:45:00,0,ok,18,18.15,1.42,21.0,50.0,1.273,840.4,0.11766,15.5,17.75,0.886,,,
AL1-20240528-1152,C5.5,C5.4,2024-05-28 12:02:00,0,no fittable bins,,,,,,,,,,,,,,
AL1-20240528-1837,C9.5,C8.9,2024-05-28 18:41:00,0,ok,17,20.0,1.37,23.98,70.0,2.091,835.8,0.1418,18.1,21.12,0.543,,,
AL1-20240528-1942,C7.6,C7.1,2024-05-28 19:49:00,0,ok,11,15.64,1.34,20.12,90.0,0.948,721.7,0.10314,14.79,16.86,,,,
AL1-20240528-2328,C8.3,C7.9,2024-05-28 23:36:00,0,ok,12,20.4,1.69,20.62,-10.0,1.453,707.6,0.12927,19.47,22.94,,,,
AL1-20240529-0051,M1.2,M1.2,2024-05-29 01:06:00,0,ok,19,20.38,1.23,20.38,10.0,1.802,1260.0,0.12177,15.93,18.29,0.829,38.7,0.83,17.55
AL1-20240529-0634,M1.4,M1.4,2024-05-29 06:45:00,0,ok,50,15.81,1.01,19.21,230.0,1.529,1427.2,0.11895,15.77,18.08,0.853,,,
AL1-20240529-0924,C8.3,C8.2,2024-05-29 09:32:00,0,ok,23,15.7,1.26,18.79,-10.0,2.663,809.5,0.12202,14.21,16.15,0.929,,,
AL1-20240529-1113,M1.7,M1.8,2024-05-29 11:21:00,0,ok,24,15.09,0.79,20.21,230.0,1.763,1729.3,0.10311,13.25,14.96,0.69,,,
AL1-20240529-1242,M2.5,M2.5,2024-05-29 12:55:00,0,ok,37,20.03,0.66,24.49,110.0,2.161,2363.5,0.18697,18.84,22.1,0.909,43.07,0.43,20.4
AL1-20240529-1344,X1.3,X1.4,2024-05-29 14:37:00,0,ok,113,18.35,0.23,22.52,710.0,1.058,12196.5,0.20371,17.07,19.78,0.835,38.15,0.16,18.36
AL1-20240529-1813,M2.8,M5.6,2024-05-29 18:36:00,0,ok,54,19.14,0.83,22.63,490.0,1.855,2531.9,0.1437,18.55,21.69,0.311,62.4,0.92,18.5
AL1-20240529-1837,M4.8,M5.6,2024-05-29 18:41:00,0,ok,18,24.63,0.67,26.07,170.0,1.924,4618.1,0.2039,21.92,26.28,0.257,47.57,0.29,23.37
AL1-20240529-2114,C5.2,,2024-05-29 21:35:00,0,no fittable bins,,,,,,,,,,,,,,
AL1-20240530-0649,C9.4,M1.0,2024-05-30 07:12:00,0,ok,64,12.37,0.99,19.48,550.0,2.396,930.0,0.10818,14.59,16.62,0.745,25.85,1.03,14.46
AL1-20240530-1836,C7.1,C6.7,2024-05-30 18:46:00,0,ok,15,16.98,1.44,22.67,130.0,1.945,679.4,0.12134,13.96,15.84,,31.21,0.93,17.14
AL1-20240531-0221,C7.8,C7.4,2024-05-31 02:34:00,0,ok,15,14.62,1.31,17.92,30.0,1.483,726.5,0.10919,11.73,13.11,0.829,28.9,1.06,14.81
AL1-20240531-0328,C9.9,C9.7,2024-05-31 03:36:00,0,ok,26,17.71,1.1,24.94,110.0,2.632,891.8,0.1547,16.84,19.48,0.905,37.32,0.74,18.12
AL1-20240531-1109,M1.0,M1.0,2024-05-31 11:20:00,0,ok,28,13.77,1.02,22.04,270.0,2.391,1025.0,0.10868,14.82,16.91,0.933,26.93,0.99,14.72
AL1-20240531-1235,C5.5,C5.3,2024-05-31 12:40:00,0,ok,5,21.68,2.25,21.68,-10.0,2.323,517.8,0.11591,17.41,20.22,,61.46,2.14,17.92
AL1-20240531-1606,C8.5,C7.9,2024-05-31 16:11:00,0,ok,7,22.37,1.87,22.37,10.0,1.376,650.7,0.12743,18.41,21.52,,46.4,1.1,20.83
AL1-20240531-1714,C5.5,C5.5,2024-05-31 17:26:00,0,no fittable bins,,,,,,,,,,,,,,
AL1-20240531-2152,X1.1,X1.1,2024-05-31 22:03:00,0,ok,25,23.5,0.26,29.22,90.0,1.758,10345.5,0.28762,20.83,24.8,0.976,44.51,0.13,22.86
AL1-20240701-1056,M2.2,M2.1,2024-07-01 11:02:00,0,ok,20,17.35,0.6,22.79,110.0,1.453,1952.8,0.17,16.11,18.54,0.771,,,
AL1-20240703-0734,M1.5,M1.5,2024-07-03 07:40:00,0,ok,39,14.72,0.8,18.85,110.0,2.361,1371.3,0.1355,13.79,15.62,0.533,,,
AL1-20240704-1407,C9.7,M1.0,2024-07-04 14:25:00,0,ok,36,12.07,1.1,17.99,410.0,1.895,1004.4,0.08284,14.4,16.37,0.692,,,
AL1-20240704-1955,M1.3,M1.4,2024-07-04 20:05:00,0,ok,38,14.62,0.88,17.13,310.0,1.661,1334.2,0.11702,13.08,14.75,0.923,,,
AL1-20240705-0512,C6.2,C6.1,2024-07-05 05:18:00,0,ok,3,16.19,1.67,18.08,30.0,1.239,633.3,0.09093,18.77,22.01,,,,
AL1-20240705-1847,C9.5,C9.3,2024-07-05 19:02:00,0,ok,35,13.52,1.07,17.38,150.0,2.094,959.9,0.10645,12.0,13.44,0.825,,,
AL1-20240705-2002,C8.4,C8.5,2024-07-05 20:10:00,0,ok,13,17.21,1.34,18.76,30.0,2.594,822.2,0.11703,15.79,18.12,,,,
AL1-20240705-2240,C5.0,C5.0,2024-07-05 22:53:00,0,no fittable bins,,,,,,,,,,,,,,
AL1-20240705-2330,C7.6,C7.6,2024-07-05 23:56:00,0,ok,28,15.54,1.72,17.73,130.0,0.87,765.1,0.08342,10.63,11.8,0.661,,,
AL1-20240706-0915,C6.7,C6.7,2024-07-06 09:43:00,0,ok,70,13.75,1.58,26.33,1230.0,1.336,671.7,0.08743,12.41,13.93,0.749,,,
AL1-20240706-2251,C9.5,M1.0,2024-07-06 23:14:00,0,ok,66,14.47,1.45,20.69,630.0,1.369,989.4,0.08658,12.93,14.56,0.805,,,
AL1-20240707-0525,C7.5,C8.1,2024-07-07 05:43:00,0,ok,12,17.05,2.03,19.71,610.0,1.763,758.1,0.06132,,,,,,
AL1-20240707-1731,C5.1,C5.4,2024-07-07 17:48:00,0,no fittable bins,,,,,,,,,,,,,,
AL1-20240707-1937,M1.0,M1.0,2024-07-07 19:55:00,0,ok,43,15.75,1.11,23.2,430.0,1.633,1034.6,0.1123,14.02,15.91,0.801,,,
AL1-20240707-2113,M1.3,M1.3,2024-07-07 21:26:00,0,ok,80,16.87,0.93,22.93,230.0,1.95,1263.6,0.14323,15.61,17.9,0.893,,,
AL1-20240707-2204,M2.3,,2024-07-07 22:30:00,0,ok,83,16.73,0.99,25.74,1310.0,1.932,2410.8,0.10173,14.42,16.4,0.419,,,
AL1-20240708-0145,C5.2,C5.6,2024-07-08 01:59:00,0,no fittable bins,,,,,,,,,,,,,,
AL1-20240708-0435,C5.1,C5.2,2024-07-08 04:41:00,0,no fittable bins,,,,,,,,,,,,,,
AL1-20240708-0525,C5.6,C5.7,2024-07-08 05:42:00,0,no fittable bins,,,,,,,,,,,,,,
AL1-20240710-0246,C8.4,C8.2,2024-07-10 02:58:00,0,ok,19,14.59,1.13,21.19,90.0,2.731,773.0,0.12058,14.69,16.74,0.714,,,
AL1-20240710-0543,M1.5,M1.5,2024-07-10 05:59:00,0,ok,42,16.36,0.77,22.44,290.0,2.32,1460.5,0.15761,15.88,18.24,0.767,,,
AL1-20240710-0902,C8.5,C9.0,2024-07-10 09:20:00,0,ok,15,14.68,1.56,15.85,-30.0,1.316,912.5,0.07686,15.4,17.62,,,,
AL1-20240710-0925,M1.2,M1.3,2024-07-10 09:45:00,0,ok,25,14.71,1.35,19.45,270.0,1.296,1218.2,0.10014,14.89,16.91,0.571,,,
AL1-20240710-1052,C5.8,C6.0,2024-07-10 11:00:00,0,no fittable bins,,,,,,,,,,,,,,
AL1-20240710-1143,M1.4,M1.4,2024-07-10 12:04:00,0,ok,52,14.72,0.87,20.34,370.0,1.865,1351.0,0.1253,12.98,14.62,0.765,,,
AL1-20240710-1251,M1.1,M1.1,2024-07-10 13:03:00,0,ok,23,18.16,1.37,20.78,110.0,1.762,1088.3,0.10529,17.32,20.08,0.69,,,
AL1-20240710-1526,C9.6,M1.0,2024-07-10 15:37:00,0,ok,29,16.16,1.39,18.2,250.0,1.519,958.4,0.09823,14.44,16.42,0.217,,,
AL1-20240710-1749,C6.7,C6.5,2024-07-10 17:59:00,0,ok,12,15.9,1.6,19.75,190.0,1.229,659.1,0.09001,15.79,18.12,,,,
AL1-20240710-1935,C6.5,C6.7,2024-07-10 19:48:00,0,no fittable bins,,,,,,,,,,,,,,
AL1-20240710-2013,C8.4,C8.3,2024-07-10 20:18:00,0,ok,6,16.82,1.49,16.82,10.0,2.011,775.1,0.09177,16.21,18.66,,,,
AL1-20240711-0152,C5.1,,2024-07-11 02:16:00,0,no fittable bins,,,,,,,,,,,,,,
AL1-20240711-0217,C8.4,,2024-07-11 02:29:00,0,no fittable bins,,,,,,,,,,,,,,
AL1-20240711-0403,M1.2,,2024-07-11 04:23:00,0,ok,39,16.1,1.17,22.17,570.0,1.102,1244.0,0.09344,13.74,15.55,0.659,,,
AL1-20240711-0559,C9.2,C9.6,2024-07-11 06:11:00,0,ok,21,18.0,1.64,18.1,230.0,1.335,925.6,0.08907,16.59,19.14,0.5,,,
AL1-20240711-0617,M1.1,M1.2,2024-07-11 06:25:00,0,ok,9,13.12,1.85,16.13,110.0,1.489,1130.7,0.08329,13.38,15.05,,,,
AL1-20240712-1303,C5.9,C6.4,2024-07-12 13:28:00,0,no fittable bins,,,,,,,,,,,,,,
AL1-20240713-0256,M1.3,M1.4,2024-07-13 03:16:00,0,ok,76,14.94,0.89,21.46,510.0,1.333,1328.0,0.11951,14.71,16.76,0.81,,,
AL1-20240713-0407,C7.5,,2024-07-13 04:14:00,0,no fittable bins,,,,,,,,,,,,,,
AL1-20240713-0451,C8.8,,2024-07-13 05:09:00,0,ok,37,17.48,1.72,19.07,90.0,1.222,908.2,0.08587,15.68,17.96,0.517,,,
AL1-20240713-1221,M5.3,M5.2,2024-07-13 12:41:00,0,ok,88,17.72,0.36,27.97,810.0,1.494,4921.6,0.22381,16.66,19.25,0.744,,,
AL1-20240713-1501,M1.7,M1.9,2024-07-13 15:44:00,0,ok,148,14.45,1.05,24.83,2310.0,1.107,1737.0,0.09085,14.47,16.45,0.849,,,
AL1-20240713-1841,C5.3,,2024-07-13 18:49:00,0,no fittable bins,,,,,,,,,,,,,,
AL1-20240713-1925,M1.1,M1.0,2024-07-13 19:30:00,0,ok,8,21.39,1.46,22.75,30.0,1.874,810.6,0.13761,17.41,20.21,,,,
AL1-20240713-2239,M5.1,M5.0,2024-07-13 23:01:00,0,ok,56,20.93,0.41,24.25,170.0,1.537,4694.6,0.24696,19.35,22.79,0.833,,,
AL1-20240714-0101,M1.8,M1.7,2024-07-14 01:20:00,0,ok,55,20.06,0.86,23.12,290.0,1.275,1685.3,0.17915,18.3,21.37,0.797,,,
AL1-20240714-0153,C7.7,C7.7,2024-07-14 02:03:00,0,ok,15,16.56,1.84,19.87,150.0,0.343,774.0,0.08926,16.44,18.93,0.886,,,
AL1-20240714-0223,X1.2,X1.2,2024-07-14 02:33:00,0,ok,60,25.51,0.29,27.96,90.0,1.991,9772.2,0.30734,22.84,27.63,0.626,,,
AL1-20240714-0346,C9.2,,2024-07-14 03:51:00,0,ok,7,17.66,1.93,23.28,30.0,2.656,1013.9,0.06947,17.57,20.39,,,,
AL1-20240714-0404,M3.0,M3.0,2024-07-14 04:12:00,0,ok,24,20.09,0.61,28.56,170.0,1.747,2550.2,0.19312,18.08,21.1,0.262,,,
AL1-20240714-0810,C6.7,C7.1,2024-07-14 08:24:00,0,no fittable bins,,,,,,,,,,,,,,
AL1-20240714-1200,C6.7,C6.9,2024-07-14 12:07:00,0,ok,3,16.12,1.8,18.97,110.0,1.671,687.9,0.06933,,,,,,
AL1-20240714-1240,C5.4,C5.5,2024-07-14 12:44:00,0,ok,1,15.63,1.82,15.63,10.0,2.044,573.0,0.06831,12.89,14.51,,,,
AL1-20240714-1620,C5.1,C5.4,2024-07-14 16:27:00,0,no fittable bins,,,,,,,,,,,,,,
AL1-20240714-1936,C6.2,C6.7,2024-07-14 19:43:00,0,no fittable bins,,,,,,,,,,,,,,
AL1-20240714-2009,C7.8,C8.1,2024-07-14 20:20:00,0,ok,15,16.07,1.51,19.26,70.0,1.397,799.5,0.09114,15.44,17.67,,,,
AL1-20240714-2050,C9.9,M1.0,2024-07-14 20:57:00,0,ok,16,17.07,1.15,22.55,130.0,1.833,986.4,0.11014,15.03,17.16,,,,
AL1-20240714-2120,C6.7,C7.0,2024-07-14 21:26:00,0,no fittable bins,,,,,,,,,,,,,,
AL1-20240714-2154,C7.3,C8.2,2024-07-14 21:58:00,0,ok,4,17.24,1.65,18.31,30.0,2.24,744.6,0.07586,17.45,20.26,,,,
AL1-20240715-0329,M1.3,M1.2,2024-07-15 03:45:00,0,ok,52,15.41,0.93,20.61,630.0,0.707,1224.2,0.13172,15.08,17.22,0.679,,,
AL1-20240715-0506,C6.3,C7.1,2024-07-15 05:12:00,0,ok,2,17.74,1.98,17.74,10.0,2.106,666.5,0.07371,13.02,14.67,,,,
AL1-20240715-0921,M2.5,M2.6,2024-07-15 09:36:00,0,ok,90,16.39,0.62,21.41,570.0,1.756,2484.1,0.14468,14.67,16.72,0.725,,,
AL1-20240715-2002,C7.4,C7.9,2024-07-15 20:08:00,0,ok,7,20.54,1.91,20.54,10.0,1.467,782.7,0.08022,15.68,17.97,,,,
AL1-20240715-2225,C8.3,,2024-07-15 22:33:00,0,no fittable bins,,,,,,,,,,,,,,
AL1-20240716-0017,C7.7,,2024-07-16 00:40:00,0,no fittable bins,,,,,,,,,,,,,,
AL1-20240716-0142,C5.1,,2024-07-16 01:59:00,0,no fittable bins,,,,,,,,,,,,,,
AL1-20240716-0252,M1.2,M1.3,2024-07-16 03:00:00,0,ok,49,18.93,1.14,27.62,150.0,1.839,1231.8,0.12803,15.78,18.12,0.915,,,
AL1-20240716-0724,M3.5,M3.6,2024-07-16 07:37:00,0,ok,47,16.14,0.5,21.62,330.0,1.701,3407.9,0.14009,14.99,17.11,0.924,,,
AL1-20240716-0843,C6.4,C7.2,2024-07-16 08:50:00,0,no fittable bins,,,,,,,,,,,,,,
AL1-20240716-1247,C5.1,C5.0,2024-07-16 13:06:00,0,no fittable bins,,,,,,,,,,,,,,
AL1-20240716-1311,X1.8,X1.9,2024-07-16 13:25:00,0,ok,52,21.78,0.21,27.39,330.0,1.353,15016.6,0.28112,19.92,23.56,0.836,,,
AL1-20240716-2105,M1.4,M1.6,2024-07-16 21:23:00,0,ok,60,14.95,0.89,18.97,370.0,2.112,1506.8,0.10743,14.06,15.95,0.775,,,
AL1-20240716-2146,C8.9,,2024-07-16 21:53:00,0,ok,8,17.34,1.76,19.3,-30.0,1.532,979.5,0.07824,18.7,21.85,,,,
AL1-20240716-2154,M1.7,M1.8,2024-07-16 22:06:00,0,ok,37,14.68,1.01,19.18,250.0,2.159,1807.6,0.11262,13.82,15.65,0.769,,,
AL1-20240717-0313,C8.5,C8.6,2024-07-17 03:19:00,0,ok,13,15.62,1.23,18.33,30.0,2.367,859.6,0.10276,14.32,16.28,,,,
AL1-20240717-0626,M4.6,M4.9,2024-07-17 06:38:00,0,ok,75,17.27,0.41,21.96,270.0,1.957,4469.4,0.17549,15.69,18.0,0.874,,,
AL1-20240717-0911,C6.0,,2024-07-17 09:25:00,0,no fittable bins,,,,,,,,,,,,,,
AL1-20240717-0926,M1.2,M1.2,2024-07-17 09:45:00,0,ok,79,15.28,1.16,23.88,630.0,1.472,1204.5,0.11237,13.75,15.56,0.828,,,
AL1-20240717-1940,M1.2,M1.2,2024-07-17 19:50:00,0,ok,14,15.01,1.13,18.84,30.0,2.194,1135.0,0.10514,14.02,15.91,,,,
AL1-20240717-1953,M1.8,M1.9,2024-07-17 19:58:00,0,ok,19,16.24,1.24,25.75,150.0,2.442,1860.6,0.12208,14.88,16.94,0.657,,,
AL1-20240718-0355,C8.3,C8.1,2024-07-18 04:19:00,0,ok,22,13.75,1.47,18.02,210.0,1.807,840.9,0.0905,12.36,13.87,0.286,,,
AL1-20240718-0524,C6.6,C6.6,2024-07-18 05:32:00,0,ok,12,16.38,1.69,18.83,90.0,1.637,646.2,0.10008,15.84,18.19,,,,
AL1-20240718-0635,C5.1,C5.5,2024-07-18 06:57:00,0,no fittable bins,,,,,,,,,,,,,,
AL1-20240718-0717,C5.8,,2024-07-18 07:24:00,0,no fittable bins,,,,,,,,,,,,,,
AL1-20240718-0847,C5.9,C6.3,2024-07-18 09:00:00,0,no fittable bins,,,,,,,,,,,,,,
AL1-20240718-1009,M2.2,M2.2,2024-07-18 10:14:00,0,ok,53,17.81,0.62,23.84,150.0,1.932,2048.8,0.17848,16.83,19.46,0.745,,,
AL1-20240718-1538,C6.2,C6.2,2024-07-18 15:49:00,0,no fittable bins,,,,,,,,,,,,,,
AL1-20240718-1606,C6.9,C7.4,2024-07-18 16:20:00,0,no fittable bins,,,,,,,,,,,,,,
AL1-20240719-0519,C6.6,C6.5,2024-07-19 05:38:00,0,no fittable bins,,,,,,,,,,,,,,
AL1-20240719-0754,C6.5,C6.5,2024-07-19 08:01:00,0,ok,10,19.64,2.11,21.92,70.0,1.737,651.2,0.10216,12.47,14.02,,,,
AL1-20240719-0813,M3.1,M3.1,2024-07-19 08:22:00,0,ok,36,18.86,0.55,22.45,150.0,1.734,2867.1,0.1822,16.78,19.4,0.867,,,
AL1-20240719-1139,C6.0,C6.2,2024-07-19 12:00:00,0,no fittable bins,,,,,,,,,,,,,,
AL1-20240719-1353,C8.6,C8.6,2024-07-19 14:01:00,0,ok,13,15.72,1.33,16.93,50.0,1.963,845.5,0.1015,15.73,18.04,,,,
AL1-20240719-1756,M2.1,M2.0,2024-07-19 18:05:00,0,ok,61,17.27,0.72,24.61,150.0,1.988,1800.7,0.1706,15.86,18.22,0.93,,,
AL1-20240719-2227,C8.5,C8.6,2024-07-19 22:37:00,0,ok,27,14.76,1.24,19.66,130.0,3.275,849.9,0.10449,13.45,15.2,0.857,,,
AL1-20240719-2245,C9.6,M1.0,2024-07-19 22:52:00,0,ok,1,14.68,2.07,14.68,70.0,2.031,969.1,0.08522,,,,,,
AL1-20240720-0012,C8.6,C9.3,2024-07-20 00:23:00,0,ok,28,13.03,1.43,18.91,250.0,2.005,897.8,0.07354,13.69,15.5,0.709,,,
AL1-20240720-0528,C6.9,C6.8,2024-07-20 05:33:00,0,ok,10,18.9,1.73,19.87,50.0,1.409,621.9,0.11009,14.74,16.81,,,,
AL1-20240720-0714,M1.7,M1.8,2024-07-20 07:20:00,0,ok,16,17.19,0.71,20.2,70.0,2.789,1743.5,0.1535,16.5,19.04,,,,
AL1-20240720-1315,C6.8,C6.8,2024-07-20 13:24:00,0,ok,8,14.4,1.52,18.52,70.0,1.509,683.5,0.08812,12.03,13.48,,,,
AL1-20240720-1835,M1.5,M1.5,2024-07-20 18:48:00,0,ok,44,19.23,1.02,19.92,170.0,1.645,1476.0,0.14661,17.08,19.77,0.789,,,
AL1-20240720-2124,C5.3,C5.6,2024-07-20 21:38:00,0,no fittable bins,,,,,,,,,,,,,,
AL1-20240720-2228,C6.9,C6.8,2024-07-20 22:46:00,0,ok,12,15.86,1.68,18.5,670.0,1.722,727.0,0.08376,15.79,18.12,,,,
AL1-20240721-0202,C7.5,C7.4,2024-07-21 02:07:00,0,ok,8,17.16,1.59,18.74,-10.0,2.215,648.5,0.1138,15.43,17.67,,,,
AL1-20240721-0232,C5.6,,2024-07-21 02:37:00,0,no fittable bins,,,,,,,,,,,,,,
AL1-20240721-0337,M1.4,M1.4,2024-07-21 03:55:00,0,ok,18,15.71,0.88,20.16,70.0,2.077,1379.7,0.10948,14.34,16.3,0.771,,,
AL1-20240721-0736,C6.0,C6.0,2024-07-21 07:43:00,0,ok,4,14.82,1.68,16.53,-30.0,2.918,605.7,0.09427,11.5,12.83,,,,
AL1-20240721-0829,M1.4,M1.4,2024-07-21 08:34:00,0,ok,25,17.71,0.89,21.02,110.0,2.127,1426.2,0.1506,15.51,17.78,0.881,,,
AL1-20240721-1213,C5.6,C5.4,2024-07-21 12:18:00,0,no fittable bins,,,,,,,,,,,,,,
AL1-20240721-1230,C5.5,C5.8,2024-07-21 12:38:00,0,no fittable bins,,,,,,,,,,,,,,
AL1-20240721-1619,C8.7,M1.0,2024-07-21 16:30:00,0,ok,1,14.24,1.65,14.24,-50.0,0.236,926.2,0.06509,11.06,12.29,,,,
AL1-20240721-2146,C5.2,C5.4,2024-07-21 21:56:00,0,no fittable bins,,,,,,,,,,,,,,
AL1-20240721-2321,M3.2,M3.2,2024-07-21 23:27:00,0,ok,23,23.2,1.16,25.4,-10.0,2.283,1079.2,0.25138,22.82,27.6,0.929,,,
AL1-20240722-0931,M1.4,M1.4,2024-07-22 09:35:00,0,ok,18,15.56,0.82,19.92,70.0,2.3,1255.6,0.13172,15.63,17.91,0.486,,,
AL1-20240722-1214,C6.0,C5.9,2024-07-22 12:24:00,0,no fittable bins,,,,,,,,,,,,,,
AL1-20240722-1248,M1.5,M1.5,2024-07-22 13:00:00,0,ok,30,18.71,1.08,18.71,10.0,1.807,1186.5,0.11743,16.15,18.59,0.891,,,
AL1-20240722-1520,C9.6,C8.9,2024-07-22 15:26:00,0,ok,24,20.08,1.36,24.8,70.0,2.308,644.0,0.13235,18.0,20.99,0.643,,,
AL1-20240722-1543,C8.6,C7.8,2024-07-22 15:47:00,0,ok,18,16.4,1.34,24.92,130.0,1.689,611.0,0.12987,15.69,17.98,0.943,,,
AL1-20240722-1721,C5.1,C4.4,2024-07-22 17:27:00,0,ok,4,18.25,2.04,18.25,10.0,1.517,306.9,0.10636,17.21,19.94,,,,
AL1-20240723-0907,C9.2,C8.4,2024-07-23 09:12:00,0,ok,11,20.46,1.34,20.46,10.0,1.972,581.4,0.14632,19.36,22.8,,,,
AL1-20240723-1348,M2.2,M2.4,2024-07-23 14:25:00,0,ok,83,13.61,0.64,19.38,1230.0,1.527,2038.0,0.11426,12.1,13.58,0.369,,,
AL1-20240723-2232,C5.4,C4.8,2024-07-23 22:39:00,0,ok,7,14.01,1.61,20.53,30.0,3.016,334.5,0.12183,15.84,18.18,,,,
AL1-20240723-2325,C5.3,C5.0,2024-07-23 23:34:00,0,ok,4,12.78,1.5,15.64,50.0,1.711,341.9,0.09354,,,,,,
AL1-20240724-0731,M3.5,M3.6,2024-07-24 07:42:00,0,ok,41,17.65,0.5,22.7,390.0,2.1,3257.9,0.17383,16.94,19.6,0.637,,,
AL1-20240724-1708,M3.2,M2.9,2024-07-24 17:21:00,0,ok,32,19.01,0.53,20.76,330.0,1.998,2690.3,0.19828,16.99,19.67,0.988,,,
AL1-20240724-1758,C6.7,C6.8,2024-07-24 18:26:00,0,no fittable bins,,,,,,,,,,,,,,
AL1-20240725-0023,C8.3,C8.3,2024-07-25 00:40:00,0,ok,20,16.66,1.7,16.66,10.0,1.127,603.4,0.08622,13.96,15.82,0.771,,,
AL1-20240725-0122,C5.3,C5.1,2024-07-25 01:29:00,0,no fittable bins,,,,,,,,,,,,,,
AL1-20240725-0155,C9.6,C9.0,2024-07-25 02:03:00,0,ok,28,16.75,1.12,19.93,110.0,2.495,703.6,0.1443,15.54,17.81,0.855,,,
AL1-20240725-1528,M1.4,M1.3,2024-07-25 15:37:00,0,ok,28,15.96,0.84,21.78,130.0,2.395,1132.2,0.14719,15.38,17.61,0.85,,,
AL1-20240726-0142,C8.0,C7.3,2024-07-26 01:51:00,0,ok,18,13.91,1.6,18.67,210.0,1.373,551.5,0.10314,14.47,16.44,-0.107,,,
AL1-20240726-0431,M1.7,M1.7,2024-07-26 04:42:00,0,ok,30,18.65,0.81,22.57,110.0,2.654,1254.8,0.17767,17.58,20.44,0.952,,,
AL1-20240726-0915,C5.2,C5.1,2024-07-26 09:19:00,0,no fittable bins,,,,,,,,,,,,,,
AL1-20240726-1129,C5.9,,2024-07-26 11:59:00,0,no fittable bins,,,,,,,,,,,,,,
AL1-20240727-0221,M3.9,M4.1,2024-07-27 02:37:00,0,ok,43,18.07,0.48,19.41,150.0,1.934,3688.8,0.16381,16.77,19.39,0.693,,,
AL1-20240727-0504,M1.1,,2024-07-27 05:29:00,0,ok,30,14.79,1.06,18.19,-10.0,1.937,841.8,0.11956,15.5,17.76,0.079,,,
AL1-20240727-0530,M3.0,M3.0,2024-07-27 05:46:00,0,ok,90,16.37,0.67,22.5,530.0,1.721,2676.1,0.15992,14.84,16.93,0.859,,,
AL1-20240727-0819,C5.9,C6.1,2024-07-27 08:26:00,0,no fittable bins,,,,,,,,,,,,,,
AL1-20240727-0950,C5.7,C5.2,2024-07-27 09:57:00,0,no fittable bins,,,,,,,,,,,,,,
AL1-20240727-1012,M2.1,M2.0,2024-07-27 10:40:00,0,ok,111,16.92,0.71,18.93,770.0,1.407,1727.7,0.16647,15.2,17.38,0.559,,,
AL1-20240727-1745,M2.7,M2.7,2024-07-27 18:06:00,0,ok,50,16.77,0.6,26.08,450.0,1.965,2413.5,0.15255,16.0,18.4,0.755,,,
AL1-20240727-1823,M3.4,M3.4,2024-07-27 18:39:00,0,ok,65,17.42,0.54,25.22,690.0,1.626,3044.8,0.16896,16.43,18.93,0.603,,,
AL1-20240728-0139,M9.3,M9.7,2024-07-28 01:57:00,0,ok,41,21.4,0.3,24.36,610.0,1.861,8357.5,0.24883,19.48,22.96,0.484,,,
AL1-20240728-0337,M1.5,M1.5,2024-07-28 03:48:00,0,ok,63,18.49,1.05,23.74,450.0,1.555,1293.5,0.14322,16.14,18.55,0.681,,,
AL1-20240728-1027,M7.7,M7.6,2024-07-28 10:42:00,0,ok,56,19.92,0.33,24.07,430.0,1.707,6827.1,0.23602,18.57,21.75,0.71,,,
AL1-20240728-1242,M2.5,M2.6,2024-07-28 12:50:00,0,ok,21,18.32,0.82,20.34,110.0,1.939,2279.6,0.12667,17.16,19.86,0.75,,,
AL1-20240728-1342,M1.5,,2024-07-28 14:23:00,0,ok,85,12.36,1.18,19.97,1390.0,1.732,1376.9,0.08131,13.07,14.69,0.328,,,
AL1-20240728-1554,C8.1,C8.2,2024-07-28 15:59:00,0,ok,2,15.21,1.81,18.88,50.0,2.189,640.5,0.07289,,,,,,
AL1-20240728-1708,C5.4,C5.7,2024-07-28 17:16:00,0,no fittable bins,,,,,,,,,,,,,,
AL1-20240728-1809,M1.3,M1.3,2024-07-28 18:26:00,0,ok,61,15.21,0.98,18.97,-110.0,1.287,1059.8,0.11855,14.97,17.09,0.508,,,
AL1-20240728-2025,M1.8,M1.9,2024-07-28 20:36:00,0,ok,46,14.62,0.73,20.07,190.0,1.73,1624.8,0.11842,13.97,15.85,0.67,,,
AL1-20240728-2236,C6.9,C6.8,2024-07-28 22:44:00,0,ok,3,15.53,1.72,15.53,-10.0,1.709,508.8,0.07833,,,,,,
AL1-20240729-0105,C8.5,C8.9,2024-07-29 01:31:00,0,ok,48,10.86,1.13,16.7,390.0,1.229,663.4,0.07578,12.46,13.99,0.332,,,
AL1-20240729-0231,X1.4,X1.5,2024-07-29 02:37:00,0,ok,28,22.53,0.25,29.15,250.0,1.61,12567.2,0.25799,20.47,24.31,0.983,,,
AL1-20240729-0510,M1.0,M1.0,2024-07-29 05:20:00,0,ok,34,16.35,1.16,19.27,250.0,1.556,1026.1,0.11604,14.12,16.03,0.518,,,
AL1-20240729-1206,C6.9,C7.2,2024-07-29 12:12:00,0,no fittable bins,,,,,,,,,,,,,,
AL1-20240729-1216,M1.5,M1.6,2024-07-29 12:22:00,0,ok,27,17.14,1.0,21.3,150.0,1.702,1497.5,0.1283,16.81,19.4,0.817,,,
AL1-20240729-1247,M8.1,M8.6,2024-07-29 12:55:00,0,ok,36,19.95,0.32,21.2,90.0,2.136,7643.1,0.21521,18.42,21.55,0.503,,,
AL1-20240729-1342,C5.7,C6.1,2024-07-29 13:47:00,0,no fittable bins,,,,,,,,,,,,,,
AL1-20240729-1356,M3.9,M4.2,2024-07-29 14:46:00,0,ok,163,15.07,0.46,20.73,1850.0,1.519,3883.3,0.1405,13.49,15.26,0.545,,,
AL1-20240729-1703,C6.3,C6.5,2024-07-29 17:14:00,0,no fittable bins,,,,,,,,,,,,,,
AL1-20240729-1733,C9.3,C9.2,2024-07-29 17:44:00,0,ok,32,14.44,1.16,26.1,330.0,1.906,918.4,0.10877,14.31,16.26,0.7,,,
AL1-20240729-1902,C9.3,C9.3,2024-07-29 19:21:00,0,ok,11,15.46,1.19,20.7,30.0,2.617,847.7,0.1146,17.13,19.85,,,,
AL1-20240729-1928,C6.6,C7.0,2024-07-29 19:34:00,0,no fittable bins,,,,,,,,,,,,,,
AL1-20240729-1940,M6.5,M6.3,2024-07-29 19:56:00,0,ok,68,18.49,0.35,22.54,450.0,1.62,6004.4,0.21024,17.17,19.9,0.697,,,
AL1-20240729-2042,C8.6,,2024-07-29 20:52:00,0,ok,19,16.88,1.79,19.61,90.0,1.824,867.9,0.09342,17.06,19.71,-0.179,,,
AL1-20240729-2055,M1.1,M1.1,2024-07-29 21:00:00,0,ok,14,19.57,2.12,24.43,-10.0,2.316,1100.4,0.13827,17.81,20.62,,,,
AL1-20240729-2208,C9.7,C9.8,2024-07-29 22:21:00,0,ok,22,18.28,1.3,19.9,90.0,1.617,929.6,0.12127,15.58,17.86,0.714,,,
AL1-20240730-0053,M1.7,M1.7,2024-07-30 01:03:00,0,ok,71,18.28,0.77,22.94,90.0,1.637,1606.8,0.17164,18.18,21.23,0.839,,,
AL1-20240730-0616,M1.5,M1.5,2024-07-30 06:29:00,0,ok,61,15.18,0.78,20.01,230.0,2.396,1510.2,0.13254,15.02,17.15,0.835,,,
AL1-20240730-0707,C8.3,C8.9,2024-07-30 07:17:00,0,ok,23,13.65,1.33,19.83,110.0,1.891,858.6,0.08836,12.29,13.77,0.357,,,
AL1-20240730-1016,C5.6,,2024-07-30 10:31:00,0,no fittable bins,,,,,,,,,,,,,,
AL1-20240730-1256,C7.6,,2024-07-30 13:05:00,0,ok,1,12.03,1.09,12.03,-10.0,1.552,1176.0,0.04454,12.29,13.78,,,,
AL1-20240730-1413,C5.7,,2024-07-30 14:24:00,0,no fittable bins,,,,,,,,,,,,,,
AL1-20240730-1440,C8.6,,2024-07-30 14:55:00,0,no fittable bins,,,,,,,,,,,,,,
AL1-20240730-1523,C7.6,C7.8,2024-07-30 15:31:00,0,ok,5,17.49,1.85,17.49,-10.0,1.135,774.2,0.08111,15.46,17.71,,,,
AL1-20240730-1610,M1.4,M1.5,2024-07-30 16:28:00,0,ok,62,14.15,0.88,22.37,590.0,1.325,1444.7,0.10392,13.42,15.16,0.947,,,
AL1-20240730-1700,C6.9,C7.4,2024-07-30 17:09:00,0,no fittable bins,,,,,,,,,,,,,,
AL1-20240730-1912,M1.9,M1.9,2024-07-30 19:20:00,0,ok,15,17.03,0.79,20.62,90.0,1.925,1639.7,0.13562,15.78,18.11,,,,
AL1-20240730-1925,M8.9,M9.4,2024-07-30 19:37:00,0,ok,88,18.87,0.29,31.37,550.0,1.448,8402.5,0.22003,17.16,19.89,0.803,,,
AL1-20240730-2135,C8.9,C9.6,2024-07-30 21:43:00,0,ok,4,15.06,1.7,15.06,10.0,0.893,939.0,0.06666,14.22,16.13,,,,
AL1-20240730-2253,C6.9,,2024-07-30 23:07:00,0,no fittable bins,,,,,,,,,,,,,,
AL1-20240731-0142,M1.9,M1.9,2024-07-31 01:49:00,0,ok,18,20.73,0.82,21.48,50.0,1.936,1631.7,0.17971,19.13,22.5,0.829,,,
AL1-20240731-0440,C5.6,,2024-07-31 04:50:00,0,no fittable bins,,,,,,,,,,,,,,
AL1-20240731-0505,M4.6,M4.7,2024-07-31 05:23:00,0,ok,65,21.15,0.47,25.22,410.0,2.325,4297.2,0.21549,20.07,23.77,0.553,,,
AL1-20240731-0627,M7.5,M7.6,2024-07-31 06:46:00,0,ok,66,17.08,0.3,23.48,690.0,1.368,6993.9,0.19046,15.9,18.27,0.598,,,
AL1-20240731-1009,C8.6,C9.2,2024-07-31 10:20:00,0,ok,9,12.22,1.47,18.32,190.0,1.162,902.2,0.07687,11.94,13.35,,,,
AL1-20240731-1121,C6.3,,2024-07-31 11:32:00,0,no fittable bins,,,,,,,,,,,,,,
AL1-20240731-1231,C6.7,,2024-07-31 12:40:00,0,no fittable bins,,,,,,,,,,,,,,
AL1-20240731-1245,M5.9,M5.9,2024-07-31 13:05:00,0,ok,111,19.69,0.38,23.4,910.0,1.803,5535.9,0.22603,18.79,22.04,0.524,,,
AL1-20240731-1605,M1.3,M1.4,2024-07-31 16:31:00,0,ok,51,15.85,1.07,19.02,690.0,1.271,1330.0,0.09305,15.01,17.14,0.581,,,
AL1-20240731-1748,M5.5,M5.3,2024-07-31 18:38:00,0,ok,179,14.72,0.34,20.84,970.0,1.067,5078.9,0.16863,13.9,15.75,0.56,,,
AL1-20240731-2042,C6.2,,2024-07-31 20:52:00,0,no fittable bins,,,,,,,,,,,,,,
AL1-20240731-2105,C8.3,C8.5,2024-07-31 21:14:00,0,ok,13,15.24,1.46,21.95,110.0,2.366,835.6,0.09578,15.56,17.82,,,,
AL1-20240731-2137,M1.2,M1.2,2024-07-31 21:53:00,0,ok,59,14.14,0.99,18.85,610.0,2.496,1231.6,0.10499,15.0,17.12,0.594,,,
AL1-20240731-2242,C9.5,M1.0,2024-07-31 22:49:00,0,ok,24,20.26,1.57,23.17,150.0,1.42,969.7,0.10445,17.01,19.68,0.643,,,
AL1-20240801-0001,C8.5,C9.2,2024-08-01 00:08:00,0,no pre-flare background,,,,,,,,,,,,,,
AL1-20240801-0027,C7.6,C8.2,2024-08-01 00:33:00,0,no fittable bins,,,,,,,,,,,,,,
AL1-20240801-0050,M1.2,M1.2,2024-08-01 00:57:00,0,ok,20,16.61,1.36,20.68,210.0,1.682,1184.0,0.10848,16.86,19.48,0.829,,,
AL1-20240801-0128,C7.8,C8.2,2024-08-01 01:33:00,0,ok,1,16.71,2.04,16.71,-10.0,2.559,816.5,0.07947,,,,,,
AL1-20240801-0257,M1.1,M1.2,2024-08-01 03:06:00,0,ok,19,15.56,1.31,20.3,90.0,1.954,1162.7,0.08876,15.26,17.45,0.714,,,
AL1-20240801-0358,M1.8,M1.8,2024-08-01 04:09:00,0,ok,32,19.15,0.96,24.56,90.0,2.052,1730.0,0.13434,18.46,21.58,0.552,,,
AL1-20240801-0435,M3.8,M3.9,2024-08-01 04:41:00,0,ok,11,19.84,0.47,23.41,90.0,1.833,3834.9,0.187,17.74,20.64,,,,
AL1-20240801-0623,M1.6,,2024-08-01 06:40:00,0,ok,42,14.74,0.94,18.86,310.0,1.333,1599.3,0.10646,13.87,15.71,0.279,,,
AL1-20240801-0643,M8.1,M8.1,2024-08-01 07:09:00,0,ok,126,18.24,0.32,27.34,1270.0,1.213,7439.1,0.21744,17.32,20.1,0.168,,,
AL1-20240801-1108,M3.8,M4.1,2024-08-01 11:36:00,0,ok,129,17.25,0.51,27.61,1330.0,1.802,3792.6,0.1535,16.63,19.19,0.535,,,
AL1-20240801-1511,C8.6,C8.7,2024-08-01 15:15:00,0,ok,8,19.2,1.57,26.38,30.0,1.251,838.2,0.0939,18.18,21.21,,,,
AL1-20240801-1608,M1.1,M1.0,2024-08-01 16:15:00,0,ok,5,16.91,2.16,20.78,-10.0,1.357,1067.2,0.09118,19.52,22.92,,,,
AL1-20240801-1633,M1.4,M1.6,2024-08-01 16:47:00,0,ok,46,19.88,1.4,26.46,670.0,1.984,1506.0,0.09989,17.66,20.49,0.907,,,
AL1-20240801-1722,M1.3,M1.3,2024-08-01 17:29:00,0,ok,17,20.23,1.19,21.78,70.0,1.836,1215.8,0.1324,18.15,21.18,,,,
AL1-20240801-2015,M1.1,M1.1,2024-08-01 20:22:00,0,ok,17,17.91,1.58,20.06,130.0,1.429,1115.2,0.08298,16.23,18.67,,,,
AL1-20240801-2259,M1.3,M1.3,2024-08-01 23:08:00,0,ok,39,16.16,1.02,23.07,290.0,1.651,1312.7,0.11548,16.51,19.04,0.922,,,
AL1-20240802-0157,C9.2,M1.0,2024-08-02 02:01:00,0,ok,3,17.03,2.02,18.14,30.0,1.581,959.5,0.07445,14.51,16.45,,,,
AL1-20240802-0239,C8.6,C9.0,2024-08-02 02:50:00,0,ok,9,13.07,1.4,17.07,-30.0,1.88,873.8,0.08533,13.62,15.4,,,,
AL1-20240802-0317,M1.1,M1.1,2024-08-02 03:25:00,0,ok,11,16.35,1.59,20.23,-30.0,1.628,1048.9,0.09259,16.04,18.42,,,,
AL1-20240802-0353,M1.1,M1.1,2024-08-02 03:58:00,0,ok,16,20.03,1.21,28.2,110.0,1.592,1106.8,0.13542,16.92,19.57,,,,
AL1-20240802-0413,C7.0,C7.2,2024-08-02 04:21:00,0,no fittable bins,,,,,,,,,,,,,,
AL1-20240802-0423,M7.4,M7.3,2024-08-02 04:53:00,0,ok,143,17.33,0.31,29.32,1510.0,1.312,6771.8,0.21556,16.82,19.45,0.678,,,
AL1-20240802-0749,M2.0,M2.1,2024-08-02 07:59:00,0,ok,13,17.7,0.94,18.12,-10.0,1.411,1757.0,0.12525,17.19,19.91,,,,
AL1-20240802-0908,M1.1,M1.2,2024-08-02 09:16:00,0,ok,29,16.66,1.21,23.1,30.0,2.557,1109.8,0.10143,15.85,18.19,0.503,,,
AL1-20240802-0945,M1.4,M1.6,2024-08-02 09:51:00,0,ok,19,17.21,1.11,19.93,50.0,2.262,1495.7,0.09793,14.43,16.39,0.029,,,
AL1-20240802-1229,M1.2,M1.2,2024-08-02 12:33:00,0,ok,14,16.96,1.32,20.22,70.0,1.942,1146.0,0.09617,14.45,16.42,,,,
AL1-20240802-1254,C8.6,C9.8,2024-08-02 13:01:00,0,no fittable bins,,,,,,,,,,,,,,
AL1-20240802-1344,M1.0,M1.0,2024-08-02 13:50:00,0,ok,18,18.47,1.53,23.3,90.0,1.527,1023.7,0.08896,16.12,18.52,0.314,,,
AL1-20240802-1521,M1.3,M1.5,2024-08-02 15:30:00,0,ok,14,15.25,1.04,21.3,110.0,2.045,1450.3,0.08524,14.77,16.83,,,,
AL1-20240802-1611,C7.7,C8.5,2024-08-02 16:20:00,0,ok,8,14.54,1.61,21.46,130.0,2.422,828.1,0.07023,12.99,14.63,,,,
AL1-20240802-1707,C5.6,C6.0,2024-08-02 17:13:00,0,no fittable bins,,,,,,,,,,,,,,
AL1-20240802-1806,C7.6,C8.1,2024-08-02 18:19:00,0,ok,2,20.97,2.35,20.97,10.0,1.297,779.5,0.07458,18.75,21.96,,,,
AL1-20240802-2112,C5.6,,2024-08-02 21:28:00,0,no fittable bins,,,,,,,,,,,,,,
AL1-20240802-2341,M1.3,M1.3,2024-08-02 23:57:00,0,ok,47,13.93,0.92,21.17,750.0,1.578,1311.5,0.1106,12.69,14.27,0.364,,,
AL1-20240803-0251,C8.3,C9.3,2024-08-03 02:58:00,0,ok,13,17.28,1.65,20.24,130.0,2.207,895.9,0.07853,15.67,17.95,,,,
AL1-20240803-0438,M1.4,M1.4,2024-08-03 04:58:00,0,ok,28,17.32,0.91,18.27,110.0,1.404,1382.4,0.13409,14.86,16.95,0.633,,,
AL1-20240803-0552,C8.5,C8.9,2024-08-03 06:49:00,0,ok,83,12.15,1.34,26.86,3030.0,1.459,881.5,0.07819,12.67,14.24,0.765,,,
AL1-20240803-0652,M1.7,M1.9,2024-08-03 07:30:00,0,ok,109,12.77,0.92,32.07,2050.0,1.355,1743.5,0.10634,12.36,13.85,0.782,,,
AL1-20240803-1024,C6.1,C6.5,2024-08-03 10:32:00,0,no fittable bins,,,,,,,,,,,,,,
AL1-20240803-1326,M1.7,M1.8,2024-08-03 13:43:00,0,ok,57,17.01,0.82,22.67,230.0,1.921,1698.0,0.12788,14.73,16.79,0.719,,,
AL1-20240803-1604,C6.0,C6.6,2024-08-03 16:08:00,0,no fittable bins,,,,,,,,,,,,,,
AL1-20240803-1649,M2.7,M2.8,2024-08-03 16:54:00,0,ok,13,20.62,0.6,21.75,70.0,2.291,2688.7,0.17849,18.0,20.99,,,,
AL1-20240803-1713,M1.8,M1.8,2024-08-03 17:26:00,0,ok,30,14.69,0.66,21.62,170.0,2.284,1794.8,0.13319,14.13,16.05,0.891,,,
AL1-20240803-1800,C6.6,C6.8,2024-08-03 18:17:00,0,ok,49,12.54,1.38,22.31,650.0,1.676,662.9,0.09671,13.39,15.12,0.517,,,
AL1-20240803-1834,M6.8,M7.2,2024-08-03 18:39:00,0,ok,18,24.67,0.4,26.58,50.0,2.975,6096.0,0.2594,21.5,25.74,0.943,,,
AL1-20240803-1917,M5.5,M5.3,2024-08-03 19:30:00,0,ok,65,18.68,0.38,26.42,510.0,1.026,5140.5,0.20963,17.33,20.11,0.558,,,
AL1-20240803-2252,C8.6,C8.6,2024-08-03 23:02:00,0,ok,26,16.38,1.56,21.27,210.0,1.082,867.8,0.09784,13.08,14.75,0.733,,,
AL1-20240804-0038,C5.9,C6.4,2024-08-04 00:46:00,0,no fittable bins,,,,,,,,,,,,,,
AL1-20240804-0146,M1.4,M1.4,2024-08-04 01:59:00,0,ok,57,15.68,1.06,20.95,450.0,1.139,1413.6,0.09615,14.5,16.5,0.837,,,
AL1-20240804-0549,C5.2,C5.7,2024-08-04 05:55:00,0,no fittable bins,,,,,,,,,,,,,,
AL1-20240804-0900,C5.2,C5.6,2024-08-04 09:06:00,0,no fittable bins,,,,,,,,,,,,,,
AL1-20240804-0933,M1.2,M1.2,2024-08-04 09:44:00,0,ok,15,14.79,0.88,22.05,50.0,2.095,1139.7,0.11696,13.75,15.57,,,,
AL1-20240804-0948,M1.2,M1.4,2024-08-04 10:08:00,0,no fittable bins,,,,,,,,,,,,,,
AL1-20240804-1019,M1.7,M1.9,2024-08-04 10:50:00,0,ok,123,13.44,0.81,19.32,1230.0,2.209,1833.2,0.10978,13.89,15.73,0.595,,,
AL1-20240804-1312,C7.6,C8.5,2024-08-04 13:25:00,0,ok,7,14.78,1.72,16.74,210.0,1.905,825.4,0.06551,,,,,,
AL1-20240804-1447,C5.2,C6.0,2024-08-04 14:57:00,0,no fittable bins,,,,,,,,,,,,,,
AL1-20240804-1511,M2.2,M2.1,2024-08-04 15:15:00,0,ok,14,20.75,0.68,23.13,50.0,2.246,2046.1,0.18953,19.39,22.84,,,,
AL1-20240804-2203,M1.0,M1.0,2024-08-04 22:10:00,0,ok,11,17.94,1.19,20.14,30.0,2.211,879.3,0.14374,18.74,21.97,,,,
AL1-20240804-2305,C5.3,,2024-08-04 23:48:00,0,no fittable bins,,,,,,,,,,,,,,
AL1-20240805-0226,M1.2,M1.1,2024-08-05 02:31:00,0,ok,13,19.72,1.21,21.66,30.0,2.126,1015.0,0.13027,18.6,21.78,,,,
AL1-20240805-0517,M5.8,M6.0,2024-08-05 05:22:00,0,ok,14,22.94,0.46,24.22,70.0,2.418,4440.6,0.23633,21.61,25.89,,,,
AL1-20240805-0949,M1.6,M1.7,2024-08-05 10:01:00,0,ok,32,17.36,0.86,22.51,170.0,1.936,1567.3,0.13571,17.12,19.83,0.927,,,
AL1-20240805-1323,X1.5,X1.6,2024-08-05 13:40:00,0,ok,74,20.85,0.22,29.49,590.0,1.494,13349.4,0.26677,19.07,22.42,0.988,,,
AL1-20240805-1518,X1.0,X1.1,2024-08-05 15:27:00,0,ok,30,25.39,0.33,25.39,10.0,2.154,9172.1,0.28782,22.81,27.58,0.782,,,
AL1-20240805-1757,C9.3,C9.9,2024-08-05 18:01:00,0,ok,16,18.61,1.34,22.05,70.0,2.629,896.5,0.11977,16.14,18.58,,,,
AL1-20240805-1820,M1.1,M1.2,2024-08-05 18:37:00,0,ok,32,18.08,1.34,18.55,170.0,1.123,1178.8,0.08284,17.32,20.09,0.5,,,
AL1-20240806-0104,C6.8,C7.8,2024-08-06 01:13:00,0,no fittable bins,,,,,,,,,,,,,,
AL1-20240806-0251,M1.1,M1.1,2024-08-06 03:02:00,0,ok,21,14.59,1.1,19.34,190.0,1.587,1064.1,0.10806,14.41,16.39,0.714,,,
AL1-20240806-1122,C7.4,C8.0,2024-08-06 11:35:00,0,ok,16,14.15,1.49,21.71,190.0,1.754,774.0,0.08152,13.42,15.16,,,,
AL1-20240806-1411,C6.1,C6.7,2024-08-06 14:19:00,0,no fittable bins,,,,,,,,,,,,,,
AL1-20240806-1611,C5.5,C5.7,2024-08-06 16:15:00,0,ok,3,16.07,1.75,17.93,50.0,2.137,578.5,0.07802,13.84,15.68,,,,
AL1-20240807-0154,C7.7,C8.4,2024-08-07 02:01:00,0,ok,4,17.94,1.78,17.94,10.0,1.917,769.0,0.07706,14.42,16.39,,,,
AL1-20240807-0221,M1.7,M1.8,2024-08-07 02:29:00,0,ok,38,16.51,0.8,20.97,270.0,2.495,1693.5,0.14243,15.41,17.65,0.86,,,
AL1-20240807-0312,C7.3,C7.8,2024-08-07 03:23:00,0,ok,7,15.6,1.85,16.55,110.0,1.725,770.4,0.07862,12.51,14.04,,,,
AL1-20240807-1032,C5.0,C5.3,2024-08-07 10:39:00,0,no fittable bins,,,,,,,,,,,,,,
AL1-20240807-1329,C7.8,,2024-08-07 13:43:00,0,ok,9,16.72,1.59,16.74,50.0,1.389,792.8,0.08736,12.29,13.79,,,,
AL1-20240807-1344,M4.2,M4.4,2024-08-07 13:50:00,0,ok,29,17.54,0.45,22.35,110.0,2.476,4142.9,0.17694,16.06,18.47,0.967,,,
AL1-20240807-1458,C6.8,C7.4,2024-08-07 15:05:00,0,ok,5,18.26,1.91,19.92,-30.0,1.87,710.8,0.07877,19.37,22.81,,,,
AL1-20240807-1833,M4.5,M4.9,2024-08-07 18:54:00,0,ok,89,16.05,0.42,25.0,930.0,1.405,4564.2,0.14715,15.03,17.17,0.645,,,
AL1-20240808-0011,C7.3,C7.9,2024-08-08 00:34:00,0,no fittable bins,,,,,,,,,,,,,,
AL1-20240808-0049,M1.9,M2.1,2024-08-08 01:05:00,0,ok,58,17.33,0.8,19.44,70.0,2.034,1860.9,0.13046,15.0,17.12,0.428,,,
AL1-20240808-0237,C7.5,C7.9,2024-08-08 02:45:00,0,ok,16,16.71,1.54,24.06,150.0,1.555,776.1,0.0923,16.61,19.17,,,,
AL1-20240808-0346,C6.7,,2024-08-08 04:00:00,0,no fittable bins,,,,,,,,,,,,,,
AL1-20240808-0401,M1.2,,2024-08-08 04:35:00,0,ok,69,14.23,1.58,20.24,970.0,1.57,1208.1,0.08975,13.47,15.18,0.487,,,
AL1-20240808-0630,C7.9,C9.0,2024-08-08 06:35:00,0,ok,3,16.53,1.85,16.53,-10.0,2.032,866.9,0.06697,15.59,17.85,,,,
AL1-20240808-0710,C6.5,C7.3,2024-08-08 07:18:00,0,no fittable bins,,,,,,,,,,,,,,
AL1-20240808-0825,C6.9,C7.7,2024-08-08 08:30:00,0,ok,3,17.31,1.86,17.31,10.0,1.379,743.4,0.07047,15.48,17.71,,,,
AL1-20240808-1120,M1.5,M1.6,2024-08-08 11:40:00,0,ok,50,16.46,0.92,20.03,290.0,2.234,1542.0,0.12267,16.59,19.14,0.748,,,
AL1-20240808-1256,C9.3,M1.0,2024-08-08 13:00:00,0,ok,5,21.53,1.85,21.53,10.0,1.416,1033.8,0.06962,17.31,20.06,,,,
AL1-20240808-1336,M1.5,M1.5,2024-08-08 13:42:00,0,ok,18,20.44,1.15,22.86,50.0,2.206,1180.8,0.14134,18.16,21.2,0.486,,,
AL1-20240808-1718,C5.4,C6.4,2024-08-08 17:25:00,0,no fittable bins,,,,,,,,,,,,,,
AL1-20240808-1840,C5.4,C6.1,2024-08-08 18:44:00,0,no fittable bins,,,,,,,,,,,,,,
AL1-20240808-1859,X1.1,X1.2,2024-08-08 19:35:00,0,ok,116,19.03,0.25,26.48,870.0,1.256,10896.3,0.21494,17.69,20.59,0.763,,,
AL1-20240808-2246,M1.1,M1.2,2024-08-08 22:51:00,0,ok,15,17.93,1.06,23.16,70.0,2.375,1131.4,0.11828,17.42,20.22,,,,
AL1-20240809-0527,C7.1,C8.2,2024-08-09 05:43:00,0,no fittable bins,,,,,,,,,,,,,,
AL1-20240809-1048,C7.9,,2024-08-09 11:07:00,0,ok,1,12.77,1.53,12.77,90.0,0.473,868.0,0.05745,,,,,,
AL1-20240809-1109,M1.1,,2024-08-09 11:17:00,0,ok,1,16.78,2.03,16.78,-10.0,1.483,1196.1,0.06996,,,,,,
AL1-20240809-1156,M1.3,M1.4,2024-08-09 12:05:00,0,ok,28,15.3,1.03,21.75,250.0,1.295,1300.3,0.09525,14.47,16.47,0.7,,,
AL1-20240809-1220,C6.6,,2024-08-09 12:24:00,0,no fittable bins,,,,,,,,,,,,,,
AL1-20240809-1238,C8.9,M1.0,2024-08-09 12:43:00,0,no fittable bins,,,,,,,,,,,,,,
AL1-20240809-1413,C6.6,C7.5,2024-08-09 14:20:00,0,ok,2,19.68,2.2,19.68,10.0,1.623,762.1,0.06061,19.65,23.18,,,,
AL1-20240809-1439,C6.9,C7.4,2024-08-09 14:44:00,0,ok,5,17.68,1.98,19.31,50.0,2.024,700.6,0.07315,,,,,,
AL1-20240809-1743,C6.2,C7.0,2024-08-09 17:49:00,0,no fittable bins,,,,,,,,,,,,,,
AL1-20240809-2026,C9.6,M1.0,2024-08-09 20:37:00,0,ok,44,15.26,1.17,22.1,170.0,1.86,988.4,0.09657,14.42,16.4,0.836,,,
AL1-20240809-2110,M4.2,M4.5,2024-08-09 21:23:00,0,ok,85,16.49,0.43,23.94,330.0,2.221,4096.8,0.1649,15.49,17.74,0.498,,,
AL1-20240809-2343,M1.1,M1.1,2024-08-09 23:50:00,0,ok,13,18.95,1.31,20.46,30.0,1.771,1060.2,0.10148,17.5,20.33,,,,
AL1-20240810-0052,M1.2,M1.3,2024-08-10 01:02:00,0,ok,19,15.42,1.05,21.92,170.0,2.248,1260.8,0.08928,15.19,17.36,0.6,,,
AL1-20240810-0200,M4.8,M5.2,2024-08-10 02:36:00,0,ok,94,16.68,0.41,22.57,830.0,1.528,4784.0,0.15632,14.91,17.02,0.634,,,
AL1-20240810-0403,M1.5,M1.6,2024-08-10 04:11:00,0,ok,32,17.47,1.02,21.37,190.0,2.173,1519.9,0.10325,15.22,17.4,0.733,,,
AL1-20240810-0713,C8.2,C8.8,2024-08-10 07:26:00,0,ok,7,15.79,1.54,22.27,30.0,1.313,828.2,0.08811,17.75,20.64,,,,
AL1-20240810-0850,C7.5,C8.1,2024-08-10 08:57:00,0,ok,8,14.92,1.55,19.68,50.0,2.6,800.1,0.07168,12.22,13.7,,,,
AL1-20240810-0949,C5.4,C6.0,2024-08-10 09:54:00,0,no fittable bins,,,,,,,,,,,,,,
AL1-20240810-1127,C6.1,,2024-08-10 11:55:00,0,no fittable bins,,,,,,,,,,,,,,
AL1-20240810-1212,C7.2,,2024-08-10 12:28:00,0,no fittable bins,,,,,,,,,,,,,,
AL1-20240810-1408,M1.2,,2024-08-10 14:29:00,0,ok,88,13.59,1.14,19.35,650.0,0.48,1271.6,0.08394,12.72,14.3,0.698,,,
AL1-20240810-1511,M1.1,M1.2,2024-08-10 15:16:00,0,ok,10,16.74,1.52,18.32,-10.0,1.254,1198.8,0.06265,18.42,21.51,,,,
AL1-20240810-1650,C6.1,C6.8,2024-08-10 17:00:00,0,no fittable bins,,,,,,,,,,,,,,
AL1-20240810-1750,C7.2,,2024-08-10 18:15:00,0,no fittable bins,,,,,,,,,,,,,,
AL1-20240810-1948,C9.2,C9.7,2024-08-10 19:53:00,0,ok,14,22.24,1.8,22.24,10.0,1.353,934.2,0.09191,18.81,22.06,,,,
AL1-20240810-2032,C5.9,C6.6,2024-08-10 20:39:00,0,no fittable bins,,,,,,,,,,,,,,
AL1-20240810-2043,C9.0,C9.6,2024-08-10 20:47:00,0,ok,13,18.03,1.63,23.41,90.0,1.185,920.4,0.09572,14.69,16.7,,,,
AL1-20240810-2247,C6.2,C6.7,2024-08-10 22:58:00,0,no fittable bins,,,,,,,,,,,,,,
AL1-20240811-0018,C9.8,M1.0,2024-08-11 00:31:00,0,ok,33,18.37,1.78,18.37,10.0,1.167,995.6,0.08341,13.44,15.17,0.455,,,
AL1-20240811-0246,C6.2,C6.7,2024-08-11 02:55:00,0,no fittable bins,,,,,,,,,,,,,,
AL1-20240811-0356,C7.5,C8.1,2024-08-11 04:17:00,0,ok,22,16.26,1.66,19.21,110.0,1.133,797.9,0.08097,12.37,13.89,0.633,,,
AL1-20240811-0523,M1.5,M1.6,2024-08-11 05:28:00,0,ok,29,17.21,0.91,20.12,50.0,2.142,1517.1,0.12707,15.92,18.3,0.952,,,
AL1-20240811-1254,C5.7,,2024-08-11 13:21:00,0,no fittable bins,,,,,,,,,,,,,,
AL1-20240811-1959,M1.5,M1.6,2024-08-11 20:14:00,0,ok,83,16.75,0.88,20.6,350.0,1.555,1581.8,0.12842,14.47,16.46,0.797,,,
AL1-20240811-2339,M1.2,M1.2,2024-08-11 23:58:00,0,ok,40,15.09,0.95,21.2,670.0,1.371,1209.4,0.11076,13.61,15.39,0.423,,,
AL1-20240812-0456,C5.9,C6.5,2024-08-12 05:03:00,0,no fittable bins,,,,,,,,,,,,,,
AL1-20240812-0820,C9.0,,2024-08-12 08:48:00,0,ok,10,12.26,1.44,15.96,90.0,2.333,962.6,0.06596,13.95,15.8,,,,
AL1-20240812-1306,C6.2,C6.4,2024-08-12 13:22:00,0,no fittable bins,,,,,,,,,,,,,,
AL1-20240812-2148,C5.9,C6.1,2024-08-12 21:54:00,0,ok,1,20.01,2.29,20.01,30.0,1.366,603.5,0.08107,,,,,,
AL1-20240812-2249,M1.2,M1.2,2024-08-12 22:57:00,0,ok,21,17.43,0.99,21.4,70.0,1.682,1129.7,0.13386,17.1,19.81,0.964,,,
AL1-20240813-0136,C5.4,C5.9,2024-08-13 01:43:00,0,no fittable bins,,,,,,,,,,,,,,
AL1-20240813-0732,C6.1,C6.6,2024-08-13 07:36:00,0,ok,3,15.81,1.71,19.2,50.0,2.493,656.2,0.08323,16.6,19.15,,,,
AL1-20240813-0800,C7.1,C7.2,2024-08-13 08:04:00,0,ok,6,24.44,2.35,24.44,10.0,1.466,678.8,0.10125,19.68,23.22,,,,
AL1-20240813-0813,C5.5,,2024-08-13 08:25:00,0,no fittable bins,,,,,,,,,,,,,,
AL1-20240813-1003,C7.6,,2024-08-13 10:20:00,0,ok,4,18.13,1.86,19.62,-30.0,1.804,775.5,0.081,16.93,19.57,,,,
AL1-20240813-1617,C6.8,C7.2,2024-08-13 16:33:00,0,ok,3,19.24,1.92,19.24,-10.0,1.739,706.4,0.08512,20.03,23.7,,,,
AL1-20240813-1715,M1.1,M1.0,2024-08-13 17:28:00,0,ok,15,22.54,1.35,22.54,-10.0,2.706,936.7,0.17211,20.38,24.19,,,,
AL1-20240813-1805,C5.9,C6.6,2024-08-13 18:09:00,0,no fittable bins,,,,,,,,,,,,,,
AL1-20240813-1934,C5.0,C5.7,2024-08-13 19:39:00,0,no fittable bins,,,,,,,,,,,,,,
AL1-20240813-2130,C7.4,C7.7,2024-08-13 21:38:00,0,ok,13,17.9,1.64,22.46,90.0,1.768,733.3,0.10085,16.24,18.68,,,,
AL1-20240813-2230,M1.2,M1.3,2024-08-13 22:45:00,0,ok,25,15.24,1.26,22.16,90.0,2.023,1178.5,0.089,15.19,17.33,0.5,,,
AL1-20240813-2321,M3.9,M4.1,2024-08-13 23:44:00,0,ok,86,19.03,0.47,23.71,470.0,1.477,3693.9,0.20587,17.34,20.12,0.764,,,
AL1-20240814-0235,C5.3,,2024-08-14 02:50:00,0,no fittable bins,,,,,,,,,,,,,,
AL1-20240814-0333,M4.0,M4.3,2024-08-14 04:02:00,0,ok,137,14.93,0.45,21.5,1530.0,1.503,4074.7,0.13215,13.98,15.86,0.687,,,
AL1-20240814-0600,X1.0,X1.0,2024-08-14 06:40:00,0,ok,161,21.03,0.27,22.78,290.0,1.254,9613.5,0.2707,19.39,22.84,0.814,,,
AL1-20240814-1314,M1.0,M1.0,2024-08-14 13:23:00,0,ok,20,17.78,1.43,20.36,70.0,1.655,1063.2,0.08887,14.88,16.96,0.821,,,
AL1-20240814-1544,M5.3,M5.2,2024-08-14 15:49:00,0,ok,28,21.47,0.41,29.99,150.0,2.002,4929.6,0.23918,19.24,22.64,0.5,,,
AL1-20240814-1800,C7.7,C8.6,2024-08-14 18:06:00,0,ok,4,18.52,1.89,18.52,10.0,1.493,822.4,0.07109,15.95,18.32,,,,
AL1-20240814-1938,C5.8,,2024-08-14 19:46:00,0,no fittable bins,,,,,,,,,,,,,,
AL1-20240815-0119,C6.6,C6.9,2024-08-15 01:24:00,0,ok,5,16.82,1.9,18.77,-10.0,2.107,678.9,0.0849,17.63,20.48,,,,
AL1-20240815-0200,C6.5,C6.8,2024-08-15 02:09:00,0,ok,5,15.3,1.7,15.99,30.0,3.206,638.5,0.08472,14.01,15.89,,,,
AL1-20240815-0336,C6.4,,2024-08-15 03:41:00,0,ok,5,18.28,1.91,19.57,-30.0,1.516,685.3,0.08386,16.94,19.59,,,,
AL1-20240815-0342,M1.1,M1.1,2024-08-15 03:48:00,0,ok,12,14.03,1.34,22.16,110.0,1.302,1054.0,0.1125,11.67,13.06,,,,
AL1-20240815-0549,C5.3,C5.8,2024-08-15 05:54:00,0,no fittable bins,,,,,,,,,,,,,,
AL1-20240815-0907,C5.3,C5.7,2024-08-15 09:11:00,0,no fittable bins,,,,,,,,,,,,,,
AL1-20240815-1145,C7.5,C7.7,2024-08-15 11:50:00,0,ok,5,21.41,2.09,21.41,10.0,1.667,673.6,0.0899,17.61,20.47,,,,
AL1-20240816-0950,C6.2,C6.6,2024-08-16 10:03:00,0,ok,1,12.23,1.43,12.23,10.0,2.65,664.0,0.07022,,,,,,
AL1-20240816-1313,M1.2,M1.3,2024-08-16 13:23:00,0,ok,33,12.53,0.98,23.14,250.0,2.84,1261.4,0.10531,11.69,13.05,0.867,,,
AL1-20240816-1537,C7.8,C8.0,2024-08-16 15:41:00,0,ok,13,15.92,1.38,18.41,50.0,1.903,778.2,0.09867,14.61,16.64,,,,
AL1-20240816-2008,C5.1,,2024-08-16 20:14:00,0,no fittable bins,,,,,,,,,,,,,,
AL1-20240816-2153,C8.1,C8.9,2024-08-16 22:18:00,0,ok,16,16.88,1.75,17.72,130.0,2.033,857.6,0.07565,13.35,15.08,0.886,,,
AL1-20240817-1023,M1.5,M1.6,2024-08-17 10:32:00,0,ok,36,16.71,0.83,19.94,230.0,2.135,1512.3,0.13637,16.26,18.73,0.476,,,
AL1-20240817-1121,M1.0,,2024-08-17 11:43:00,0,ok,62,14.57,1.24,18.33,870.0,1.981,1081.8,0.08552,14.89,16.98,0.464,,,
AL1-20240817-1210,C5.7,,2024-08-17 12:17:00,0,no fittable bins,,,,,,,,,,,,,,
AL1-20240817-2136,M1.2,M1.4,2024-08-17 22:06:00,0,ok,90,12.41,0.92,20.69,1390.0,1.328,1309.7,0.08612,12.69,14.26,0.776,,,
AL1-20240818-0147,M2.3,M2.3,2024-08-18 02:03:00,0,ok,40,16.83,0.64,22.45,270.0,1.816,2151.5,0.15471,15.8,18.14,0.791,,,
AL1-20240818-0341,C7.6,C8.2,2024-08-18 03:50:00,0,ok,8,13.0,1.4,15.89,70.0,1.119,826.8,0.07386,11.52,12.86,,,,
AL1-20240818-0407,M1.0,M1.1,2024-08-18 04:15:00,0,ok,32,13.26,1.22,20.07,110.0,1.887,1043.5,0.08032,12.7,14.27,0.536,,,
AL1-20240818-0709,M1.2,M1.2,2024-08-18 07:30:00,0,ok,52,14.74,1.04,17.03,250.0,1.397,1202.2,0.09735,14.08,15.98,0.764,,,
AL1-20240818-1032,C6.7,,2024-08-18 10:46:00,0,no fittable bins,,,,,,,,,,,,,,
AL1-20240818-2018,C5.9,,2024-08-18 20:51:00,0,no fittable bins,,,,,,,,,,,,,,
AL1-20240818-2052,M1.2,M1.3,2024-08-18 21:06:00,0,ok,62,16.27,1.26,19.64,430.0,1.38,1252.5,0.10375,16.97,19.61,0.513,,,
AL1-20240818-2234,C5.0,C5.6,2024-08-18 22:38:00,0,no fittable bins,,,,,,,,,,,,,,
AL1-20240818-2346,M1.3,M1.4,2024-08-18 23:59:00,0,ok,17,19.41,1.04,19.41,10.0,1.592,1305.3,0.13578,16.86,19.51,,,,
AL1-20240819-0136,C7.6,C7.6,2024-08-19 01:40:00,0,ok,6,16.8,1.79,20.19,-10.0,2.202,639.5,0.09243,17.36,20.15,,,,
AL1-20240819-0411,C5.0,C5.4,2024-08-19 04:21:00,0,no fittable bins,,,,,,,,,,,,,,
AL1-20240819-0930,M1.3,M1.3,2024-08-19 09:36:00,0,ok,11,17.68,0.99,21.71,-30.0,2.25,1142.9,0.16083,17.06,19.76,,,,
AL1-20240819-1132,C5.2,C5.6,2024-08-19 11:37:00,0,no fittable bins,,,,,,,,,,,,,,
AL1-20240819-1353,C5.5,,2024-08-19 14:18:00,0,no fittable bins,,,,,,,,,,,,,,
AL1-20240819-2008,C9.5,C9.7,2024-08-19 20:15:00,0,ok,31,17.6,1.33,20.18,250.0,1.592,931.8,0.121,16.64,19.22,0.782,,,
AL1-20240819-2140,M3.6,M3.6,2024-08-19 21:52:00,0,ok,40,19.36,0.51,24.44,290.0,2.3,3395.0,0.19131,17.77,20.69,0.44,,,
AL1-20240819-2254,C8.9,,2024-08-19 23:10:00,0,no fittable bins,,,,,,,,,,,,,,
AL1-20240820-0333,C8.9,,2024-08-20 03:54:00,0,ok,25,15.65,1.57,17.6,110.0,2.121,939.6,0.08194,15.18,17.34,0.383,,,
AL1-20240820-0435,M1.1,M1.1,2024-08-20 04:48:00,0,ok,21,15.79,1.25,18.88,170.0,1.877,1140.8,0.09253,15.16,17.31,0.086,,,
AL1-20240820-1220,C7.2,C7.4,2024-08-20 12:28:00,0,ok,9,17.57,1.62,20.38,50.0,2.392,706.4,0.09769,15.82,18.17,,,,
AL1-20240820-1445,C8.4,C8.6,2024-08-20 14:50:00,0,ok,13,15.11,1.29,20.5,90.0,3.036,856.8,0.09722,13.63,15.41,,,,
AL1-20240820-2059,C8.8,C8.8,2024-08-20 21:18:00,0,ok,18,16.6,1.37,17.1,-70.0,2.115,868.1,0.1066,13.87,15.72,0.486,,,
AL1-20240821-0134,C5.1,,2024-08-21 02:08:00,0,no fittable bins,,,,,,,,,,,,,,
AL1-20240821-0530,C8.4,C8.6,2024-08-21 05:41:00,0,ok,29,18.21,1.48,20.65,290.0,1.809,830.6,0.10436,15.9,18.27,0.617,,,
AL1-20240821-0556,M1.0,M1.1,2024-08-21 06:02:00,0,ok,19,17.27,1.28,23.46,130.0,2.032,1051.4,0.11065,16.14,18.54,0.857,,,
AL1-20240821-1608,C8.8,,2024-08-21 16:32:00,0,ok,76,14.45,1.34,19.51,450.0,1.701,883.1,0.11059,12.82,14.41,0.586,,,
AL1-20240821-2159,M4.9,M5.1,2024-08-21 22:08:00,0,ok,38,19.05,0.4,26.88,270.0,2.226,4615.7,0.21468,18.11,21.13,0.888,,,
AL1-20240822-0117,C5.5,C6.0,2024-08-22 01:34:00,0,no fittable bins,,,,,,,,,,,,,,
AL1-20240822-0536,C5.8,C6.1,2024-08-22 05:58:00,0,no fittable bins,,,,,,,,,,,,,,
AL1-20240822-1034,M1.5,M1.5,2024-08-22 10:38:00,0,ok,25,19.29,0.98,22.5,70.0,2.356,1387.2,0.15545,18.32,21.4,0.881,,,
AL1-20240822-1250,C5.2,C5.6,2024-08-22 12:58:00,0,no fittable bins,,,,,,,,,,,,,,
AL1-20240822-1522,C7.8,C7.7,2024-08-22 15:28:00,0,ok,12,18.68,1.44,20.08,50.0,1.556,757.9,0.11638,17.77,20.69,,,,
AL1-20240822-2123,C6.1,C6.1,2024-08-22 21:30:00,0,ok,7,20.47,2.13,21.97,50.0,2.469,639.0,0.09546,16.08,18.49,,,,
AL1-20240822-2330,C5.1,C5.3,2024-08-22 23:51:00,0,no fittable bins,,,,,,,,,,,,,,
AL1-20240822-2353,C9.0,C9.1,2024-08-23 00:00:00,0,ok,7,17.38,1.58,22.9,130.0,2.225,877.3,0.11166,,,,,,
AL1-20240823-0102,C5.1,C5.6,2024-08-23 01:26:00,0,no fittable bins,,,,,,,,,,,,,,
AL1-20240823-0203,C5.6,C5.9,2024-08-23 02:09:00,0,no fittable bins,,,,,,,,,,,,,,
AL1-20240823-0227,C6.0,C6.0,2024-08-23 02:34:00,0,no fittable bins,,,,,,,,,,,,,,
AL1-20240823-0331,M3.3,M3.4,2024-08-23 03:40:00,0,ok,15,20.17,0.58,21.63,30.0,2.186,2633.2,0.20825,18.41,21.53,,,,
AL1-20240823-0412,C9.7,M1.0,2024-08-23 04:17:00,0,ok,14,15.84,1.29,16.83,50.0,2.288,932.4,0.10123,14.16,16.07,,,,
AL1-20240823-0614,C8.1,C8.1,2024-08-23 06:25:00,0,ok,24,16.17,1.46,17.45,70.0,1.476,804.8,0.09698,14.4,16.38,0.81,,,
AL1-20240823-0707,C7.3,C7.3,2024-08-23 07:18:00,0,ok,13,17.83,2.01,20.27,30.0,2.935,749.2,0.09248,18.83,22.06,,,,
AL1-20240823-0943,C8.9,C9.4,2024-08-23 10:25:00,0,ok,65,13.5,1.35,18.08,970.0,0.86,888.9,0.09001,11.34,12.64,0.633,,,
AL1-20240823-1250,C5.8,C6.1,2024-08-23 13:02:00,0,no fittable bins,,,,,,,,,,,,,,
AL1-20240823-1347,M1.7,M1.6,2024-08-23 13:57:00,0,ok,38,16.95,0.75,20.55,70.0,2.315,1510.8,0.16199,15.71,18.03,0.958,,,
AL1-20240823-1453,M1.7,M1.7,2024-08-23 15:04:00,0,ok,37,19.01,0.83,24.51,250.0,1.631,1667.5,0.16075,16.76,19.37,0.699,,,
AL1-20240823-1557,C7.4,,2024-08-23 16:20:00,0,ok,7,18.31,1.9,21.68,-10.0,2.016,733.1,0.09125,16.4,18.89,,,,
AL1-20240823-1631,M1.2,M1.1,2024-08-23 16:42:00,0,ok,59,17.33,1.09,21.42,90.0,1.16,1164.3,0.13225,17.27,20.01,0.737,,,
AL1-20240823-1922,M1.1,M1.1,2024-08-23 19:33:00,0,ok,29,17.31,1.17,18.39,210.0,1.922,1104.3,0.11857,15.52,17.78,0.783,,,
AL1-20240823-1939,M3.4,M3.3,2024-08-23 19:44:00,0,ok,21,18.72,0.57,24.57,170.0,2.327,3016.7,0.19412,17.59,20.43,0.357,,,
AL1-20240823-2007,M4.8,M5.1,2024-08-23 20:12:00,0,ok,26,20.25,0.42,22.97,50.0,1.879,5011.4,0.19696,18.16,21.19,0.5,,,
AL1-20240824-0002,M1.5,M1.6,2024-08-24 00:13:00,0,no pre-flare background,,,,,,,,,,,,,,
AL1-20240824-0251,C7.1,C6.9,2024-08-24 02:56:00,0,ok,6,12.2,1.4,15.79,-10.0,2.875,697.0,0.08634,12.43,13.95,,,,
AL1-20240824-0404,C5.5,C5.6,2024-08-24 04:11:00,0,no fittable bins,,,,,,,,,,,,,,
AL1-20240824-0850,C6.8,C6.8,2024-08-24 09:03:00,0,ok,13,14.2,1.61,17.76,150.0,1.653,655.6,0.08857,13.11,14.79,,,,
AL1-20240824-1844,C9.7,M1.0,2024-08-24 18:57:00,0,ok,63,14.99,1.11,18.57,50.0,2.85,947.2,0.1209,14.07,15.96,0.624,,,
AL1-20240824-1917,M1.3,M1.4,2024-08-24 19:29:00,0,ok,30,20.5,1.63,22.37,330.0,2.608,1327.2,0.11355,20.11,23.73,0.648,,,
AL1-20240824-2127,M1.3,M1.3,2024-08-24 21:46:00,0,ok,32,16.84,1.03,20.76,170.0,1.679,1261.1,0.12188,15.21,17.39,0.855,,,
AL1-20240824-2249,C7.5,C7.7,2024-08-24 22:56:00,0,ok,15,16.24,1.48,23.24,130.0,2.495,756.1,0.10238,17.31,20.08,,,,
AL1-20240824-2318,M1.8,M1.7,2024-08-24 23:24:00,0,ok,25,18.26,0.73,20.87,50.0,2.182,1631.8,0.18159,17.02,19.7,0.952,,,
AL1-20240825-0403,C5.8,C5.8,2024-08-25 04:10:00,0,no fittable bins,,,,,,,,,,,,,,
AL1-20240825-0643,C7.5,C7.1,2024-08-25 06:52:00,0,ok,7,16.94,1.57,18.84,-30.0,1.557,613.0,0.11139,15.91,18.28,,,,
AL1-20240825-1724,C6.2,C5.8,2024-08-25 17:40:00,0,no fittable bins,,,,,,,,,,,,,,
AL1-20240826-0519,C7.3,C7.9,2024-08-26 05:52:00,0,ok,4,15.62,1.75,18.38,1530.0,0.905,686.8,0.06454,,,,,,
AL1-20240826-1054,C8.6,C8.9,2024-08-26 11:03:00,0,ok,20,13.96,1.25,21.54,190.0,1.598,830.9,0.09534,13.88,15.73,0.75,,,
AL1-20240826-1133,M1.3,M1.4,2024-08-26 11:40:00,0,ok,45,13.93,0.91,23.37,270.0,2.359,1304.5,0.11827,14.45,16.43,0.871,,,
AL1-20240827-0803,M1.0,C9.8,2024-08-27 08:10:00,0,ok,16,21.63,1.5,24.22,170.0,2.38,897.5,0.13694,20.77,24.73,0.943,,,
AL1-20240827-0817,C5.6,,2024-08-27 08:33:00,0,no fittable bins,,,,,,,,,,,,,,
AL1-20240827-0921,M1.0,M1.1,2024-08-27 09:42:00,0,ok,28,13.25,1.48,16.76,350.0,1.69,1058.0,0.07185,12.35,13.84,-0.006,,,
AL1-20240827-1541,C5.0,,2024-08-27 15:45:00,0,no fittable bins,,,,,,,,,,,,,,
AL1-20240828-1753,C6.6,C6.8,2024-08-28 18:03:00,0,ok,2,15.65,1.81,15.65,10.0,1.154,620.1,0.07951,12.1,13.56,,,,
AL1-20240828-2032,C6.6,C6.9,2024-08-28 20:37:00,0,ok,4,16.85,1.89,16.85,-10.0,2.389,599.0,0.09019,,,,,,
AL1-20240830-0116,C5.8,C6.5,2024-08-30 01:25:00,0,no fittable bins,,,,,,,,,,,,,,
AL1-20240830-0143,C6.7,C7.2,2024-08-30 01:47:00,0,no fittable bins,,,,,,,,,,,,,,
AL1-20240830-0200,M1.1,M1.2,2024-08-30 02:06:00,0,ok,25,17.19,1.15,21.79,150.0,2.105,1143.2,0.10844,16.48,19.0,0.619,,,
AL1-20240830-0848,C6.6,,2024-08-30 08:53:00,0,ok,4,17.62,1.91,17.62,10.0,2.206,666.9,nan,16.9,19.54,,,,
AL1-20240830-0900,C5.6,,2024-08-30 09:07:00,0,no fittable bins,,,,,,,,,,,,,,
AL1-20240830-1213,M3.5,M3.8,2024-08-30 12:20:00,0,ok,18,20.5,0.52,21.48,30.0,2.721,3361.8,0.20517,19.32,22.75,0.771,,,
AL1-20240830-1243,C5.9,C6.2,2024-08-30 12:53:00,0,no fittable bins,,,,,,,,,,,,,,
AL1-20240830-1527,C6.4,C6.8,2024-08-30 15:36:00,0,no fittable bins,,,,,,,,,,,,,,
AL1-20240830-2046,C5.3,C5.7,2024-08-30 20:57:00,0,no fittable bins,,,,,,,,,,,,,,
AL1-20240830-2300,C5.9,,2024-08-30 23:07:00,0,no fittable bins,,,,,,,,,,,,,,
AL1-20240831-0036,C9.9,M1.1,2024-08-31 00:49:00,0,ok,16,14.83,1.31,16.84,190.0,1.276,1060.0,0.07944,13.4,15.14,,,,
AL1-20240831-0224,M1.1,M1.2,2024-08-31 02:38:00,0,ok,29,17.21,1.27,20.39,210.0,1.591,1141.0,0.09193,15.61,17.89,0.648,,,
AL1-20240831-0746,C8.4,C9.2,2024-08-31 08:24:00,0,ok,30,10.07,1.16,14.5,70.0,1.715,890.8,0.06693,,,0.648,,,
AL1-20240831-0852,M1.2,,2024-08-31 08:59:00,0,ok,43,18.19,1.06,29.27,250.0,2.558,1193.0,nan,16.79,19.4,,,,
AL1-20240831-1138,C8.4,C9.0,2024-08-31 11:43:00,0,ok,13,18.25,1.53,18.25,10.0,1.897,837.0,0.09382,15.55,17.83,,,,
AL1-20240831-1228,M1.7,M1.8,2024-08-31 13:02:00,0,ok,41,15.98,0.78,20.26,250.0,2.027,1759.1,0.11564,13.59,15.38,0.912,,,
AL1-20240831-1740,C7.1,C7.2,2024-08-31 17:51:00,0,ok,17,14.16,1.52,17.47,-70.0,1.766,726.7,0.08867,15.82,18.16,0.607,,,
AL1-20240831-1844,C5.5,C6.4,2024-08-31 18:48:00,0,no fittable bins,,,,,,,,,,,,,,
AL1-20240831-2010,C7.5,C8.4,2024-08-31 20:18:00,0,ok,1,14.13,1.66,14.13,-30.0,1.091,815.7,0.06518,15.56,17.82,,,,
AL1-20240831-2333,C9.6,C9.7,2024-08-31 23:39:00,0,ok,21,16.44,1.34,21.41,30.0,3.376,794.1,0.12095,15.1,17.25,0.357,,,
AL1-20240831-2354,C6.7,C7.3,2024-08-31 23:58:00,0,no fittable bins,,,,,,,,,,,,,,
AL1-20240901-0218,C6.0,C6.8,2024-09-01 02:24:00,0,no fittable bins,,,,,,,,,,,,,,
AL1-20240901-0327,C8.8,C9.3,2024-09-01 03:33:00,0,ok,13,14.84,1.25,19.93,50.0,2.078,953.8,0.08574,14.94,17.05,,,,
AL1-20240901-0529,C5.9,C5.9,2024-09-01 05:33:00,0,ok,2,19.37,2.15,19.37,-30.0,1.727,642.1,0.07863,,,,,,
AL1-20240901-0632,C7.4,C7.4,2024-09-01 06:43:00,0,ok,5,18.63,1.48,18.63,10.0,2.017,771.0,0.08488,16.64,19.21,,,,
AL1-20240901-0717,C6.5,C6.6,2024-09-01 07:21:00,0,ok,3,14.74,1.7,17.21,-10.0,1.96,641.6,0.08303,15.63,17.91,,,,
AL1-20240901-0745,M1.4,M1.4,2024-09-01 07:57:00,0,ok,28,19.06,1.06,19.09,30.0,1.343,1181.0,0.14532,16.72,19.32,0.9,,,
AL1-20240901-1102,C7.5,C8.0,2024-09-01 11:19:00,0,no fittable bins,,,,,,,,,,,,,,
AL1-20240901-1141,M1.1,,2024-09-01 11:59:00,0,ok,14,16.23,1.41,21.25,270.0,2.195,1104.7,0.10626,15.91,18.26,,,,
AL1-20240902-0303,C5.8,C6.3,2024-09-02 03:14:00,0,no fittable bins,,,,,,,,,,,,,,
AL1-20240902-0518,M1.8,M1.9,2024-09-02 05:29:00,0,ok,65,20.34,0.8,24.68,310.0,2.114,1803.2,0.182,17.65,20.53,0.949,,,
AL1-20240902-1120,C6.2,C6.7,2024-09-02 11:29:00,0,no fittable bins,,,,,,,,,,,,,,
AL1-20240902-1313,M1.6,M1.8,2024-09-02 13:25:00,0,ok,44,13.59,0.84,17.68,390.0,1.891,1712.2,0.09983,15.22,17.4,0.508,,,
AL1-20240902-1332,M2.7,M2.9,2024-09-02 13:42:00,0,ok,44,16.01,0.89,20.71,270.0,1.514,2691.1,0.12423,15.16,17.29,0.582,,,
AL1-20240902-1538,C6.0,C6.5,2024-09-02 15:45:00,0,no fittable bins,,,,,,,,,,,,,,
AL1-20240902-1803,C5.9,,2024-09-02 18:24:00,0,no fittable bins,,,,,,,,,,,,,,
AL1-20240902-1924,C8.4,C8.9,2024-09-02 19:30:00,0,ok,6,15.75,1.52,16.67,30.0,2.474,808.1,0.08642,14.91,17.01,,,,
AL1-20240902-1945,C7.2,C8.0,2024-09-02 19:51:00,0,no fittable bins,,,,,,,,,,,,,,
AL1-20240902-1957,M1.3,M1.4,2024-09-02 20:11:00,0,ok,47,14.41,1.02,20.31,230.0,1.594,1336.2,0.11079,12.77,14.35,0.785,,,
AL1-20240902-2056,M1.7,M1.7,2024-09-02 21:02:00,0,ok,29,18.62,0.76,26.02,150.0,2.154,1651.5,0.16706,18.8,22.05,0.867,,,
AL1-20240902-2214,C5.8,C6.4,2024-09-02 22:24:00,0,no fittable bins,,,,,,,,,,,,,,
AL1-20240902-2235,C9.2,,2024-09-02 22:47:00,0,ok,16,17.26,1.42,19.4,190.0,1.7,924.2,0.10965,16.72,19.3,,,,
AL1-20240902-2248,M1.4,M1.5,2024-09-02 23:00:00,0,ok,38,13.44,1.51,20.48,390.0,0.595,1454.0,0.11628,11.51,12.94,0.462,,,
AL1-20240903-0109,C7.7,C7.7,2024-09-03 01:16:00,0,ok,13,17.72,1.54,23.21,50.0,2.156,791.1,0.09886,16.23,18.69,,,,
AL1-20240903-0209,C6.2,C6.8,2024-09-03 02:20:00,0,no fittable bins,,,,,,,,,,,,,,
AL1-20240903-0713,M1.4,,2024-09-03 07:22:00,0,ok,55,23.07,1.09,24.0,70.0,1.54,1353.7,nan,20.33,24.12,0.786,,,
AL1-20240903-0954,C5.0,C5.5,2024-09-03 10:00:00,0,no fittable bins,,,,,,,,,,,,,,
AL1-20240903-1030,C8.3,C8.6,2024-09-03 10:50:00,0,ok,13,14.72,1.3,17.87,210.0,2.28,879.3,0.08467,15.38,17.61,,,,
AL1-20240903-1553,M3.2,M3.3,2024-09-03 16:02:00,0,ok,54,21.42,0.57,22.85,130.0,1.953,3103.8,0.22764,20.0,23.67,0.583,,,
AL1-20240903-1744,C6.8,C7.7,2024-09-03 18:11:00,0,no fittable bins,,,,,,,,,,,,,,
AL1-20240903-1919,C5.1,C5.8,2024-09-03 19:23:00,0,no fittable bins,,,,,,,,,,,,,,
AL1-20240903-2003,C5.6,C6.6,2024-09-03 20:21:00,0,no fittable bins,,,,,,,,,,,,,,
AL1-20240903-2125,C5.3,,2024-09-03 21:38:00,0,no fittable bins,,,,,,,,,,,,,,
AL1-20240903-2352,C5.6,C6.4,2024-09-04 00:02:00,0,no fittable bins,,,,,,,,,,,,,,
AL1-20240904-0119,C7.0,,2024-09-04 01:44:00,0,no fittable bins,,,,,,,,,,,,,,
AL1-20240904-0241,M1.3,M1.4,2024-09-04 02:55:00,0,ok,36,18.02,1.1,25.46,250.0,2.012,1352.3,0.11353,15.2,17.37,0.804,,,
AL1-20240904-0449,M1.1,M1.2,2024-09-04 04:55:00,0,ok,5,15.89,1.7,16.47,-30.0,0.67,1142.5,0.07754,18.78,21.93,,,,
AL1-20240904-1215,C8.3,C8.7,2024-09-04 12:24:00,0,ok,8,17.82,1.38,20.68,30.0,1.793,827.5,0.0982,15.92,18.29,,,,
AL1-20240904-1308,C9.3,M1.0,2024-09-04 13:21:00,0,ok,11,16.4,1.5,16.4,10.0,1.776,929.9,0.08265,14.37,16.34,,,,
AL1-20240904-1849,M1.0,M1.2,2024-09-04 20:00:00,0,ok,48,9.89,1.06,14.64,1930.0,1.142,1101.9,0.05836,9.34,10.27,0.338,,,
AL1-20240905-0001,M1.1,M1.0,2024-09-05 00:20:00,0,no pre-flare background,,,,,,,,,,,,,,
AL1-20240905-0155,C9.1,C9.1,2024-09-05 02:07:00,0,ok,25,15.59,1.23,17.6,50.0,0.98,910.5,0.10621,13.99,15.87,0.881,,,
AL1-20240905-0312,M1.0,M1.1,2024-09-05 03:24:00,0,ok,39,17.23,1.14,21.02,50.0,2.198,1038.8,0.11688,15.72,18.04,0.852,,,
AL1-20240905-0337,C9.8,M1.0,2024-09-05 03:43:00,0,ok,10,20.8,2.26,24.64,-90.0,2.252,986.1,0.09781,20.7,24.52,,,,
AL1-20240905-0422,C5.6,C6.3,2024-09-05 04:50:00,0,no fittable bins,,,,,,,,,,,,,,
AL1-20240905-0526,C5.5,C6.2,2024-09-05 05:51:00,0,no fittable bins,,,,,,,,,,,,,,
AL1-20240905-0747,C6.1,C6.6,2024-09-05 07:54:00,0,no fittable bins,,,,,,,,,,,,,,
AL1-20240905-0815,C6.9,C7.5,2024-09-05 08:20:00,0,no fittable bins,,,,,,,,,,,,,,
AL1-20240905-0847,M2.7,,2024-09-05 08:55:00,0,ok,24,18.73,0.63,20.7,50.0,2.359,2269.5,nan,17.92,20.89,,,,
AL1-20240905-0926,M1.5,,2024-09-05 09:41:00,0,ok,56,12.8,0.82,20.77,650.0,1.759,1528.9,0.10302,13.49,15.24,0.867,,,
AL1-20240905-1259,C5.7,C6.1,2024-09-05 13:07:00,0,no fittable bins,,,,,,,,,,,,,,
AL1-20240905-1320,M1.3,M1.3,2024-09-05 13:25:00,0,ok,28,15.74,0.92,21.6,110.0,2.483,1242.7,0.12658,16.46,18.98,0.927,,,
AL1-20240905-1402,C7.2,C7.7,2024-09-05 14:17:00,0,ok,14,14.84,1.56,18.17,50.0,1.872,735.1,0.08041,13.28,14.99,,,,
AL1-20240905-1826,C5.8,C6.5,2024-09-05 18:39:00,0,no fittable bins,,,,,,,,,,,,,,
AL1-20240905-2332,C6.6,C6.6,2024-09-05 23:43:00,0,ok,4,16.18,1.8,16.97,-10.0,0.718,623.1,0.08828,14.63,16.67,,,,
AL1-20240906-0213,C5.5,C5.7,2024-09-06 02:17:00,0,no fittable bins,,,,,,,,,,,,,,
AL1-20240906-0236,C5.3,C6.1,2024-09-06 02:48:00,0,no fittable bins,,,,,,,,,,,,,,
AL1-20240906-0547,C7.2,C7.7,2024-09-06 05:55:00,0,ok,6,18.39,1.91,20.46,30.0,2.8,685.3,0.07995,18.59,21.77,,,,
AL1-20240906-0753,C7.4,C7.4,2024-09-06 07:58:00,0,ok,7,19.72,2.09,19.72,10.0,2.289,671.2,0.0935,17.43,20.23,,,,
AL1-20240906-1557,C6.1,,2024-09-06 16:32:00,0,no fittable bins,,,,,,,,,,,,,,
AL1-20240906-1907,C7.1,C8.0,2024-09-06 19:19:00,0,ok,1,15.84,1.84,15.84,190.0,1.242,718.1,0.06244,,,,,,
AL1-20240906-2020,C5.4,C6.0,2024-09-06 20:26:00,0,no fittable bins,,,,,,,,,,,,,,
AL1-20240906-2044,C6.7,C7.3,2024-09-06 20:52:00,0,ok,2,15.66,1.79,17.13,130.0,1.186,694.6,0.0651,,,,,,
AL1-20240907-0319,C5.2,C5.9,2024-09-07 03:27:00,0,no fittable bins,,,,,,,,,,,,,,
AL1-20240907-0641,M1.4,,2024-09-07 07:41:00,0,ok,150,11.9,0.95,20.4,2030.0,1.642,1513.9,0.08312,11.58,12.93,0.633,,,
AL1-20240907-2111,C6.8,C7.1,2024-09-07 21:19:00,0,ok,8,20.94,2.34,20.94,10.0,1.352,693.5,0.08125,,,,,,
AL1-20240908-1507,M1.4,M1.5,2024-09-08 15:29:00,0,ok,83,12.98,0.85,16.38,570.0,1.386,1494.0,0.08897,11.99,13.42,0.73,,,
AL1-20240911-0629,C5.1,C5.6,2024-09-11 06:33:00,0,no fittable bins,,,,,,,,,,,,,,
AL1-20240911-0950,C5.5,C5.8,2024-09-11 09:57:00,0,no fittable bins,,,,,,,,,,,,,,
AL1-20240911-1228,M1.8,M1.8,2024-09-11 12:36:00,0,ok,34,18.07,0.75,29.18,170.0,1.669,1715.5,0.15463,16.42,18.93,0.918,,,
AL1-20240911-1315,C9.0,,2024-09-11 13:56:00,0,ok,28,11.97,1.2,17.72,730.0,1.689,960.0,0.08191,12.52,14.05,0.183,,,
AL1-20240911-1509,M1.4,M1.4,2024-09-11 15:17:00,0,ok,31,15.57,0.84,20.16,190.0,2.09,1364.0,0.1387,14.73,16.79,0.855,,,
AL1-20240911-1524,M1.8,M1.8,2024-09-11 15:30:00,0,ok,22,21.24,1.6,32.84,190.0,1.912,1807.6,0.14802,18.76,21.89,0.75,,,
AL1-20240911-1720,M1.6,M1.5,2024-09-11 17:26:00,0,ok,20,16.77,0.78,24.12,130.0,1.686,1525.8,0.14692,15.4,17.63,1.0,,,
AL1-20240911-1744,M2.0,M2.0,2024-09-11 17:51:00,0,ok,30,19.76,0.76,23.81,170.0,1.752,1889.7,0.16678,17.98,20.96,0.782,,,
AL1-20240911-1935,C6.5,C6.6,2024-09-11 19:48:00,0,no fittable bins,,,,,,,,,,,,,,
AL1-20240911-2350,M4.6,M4.9,2024-09-12 00:12:00,0,ok,9,19.12,0.91,20.48,870.0,1.854,1566.4,0.15122,,,,,,
AL1-20240912-0236,C9.1,C9.8,2024-09-12 02:43:00,0,ok,7,15.07,1.72,19.33,30.0,2.023,985.0,0.06349,13.03,14.68,,,,
AL1-20240912-0301,C6.9,C7.5,2024-09-12 03:05:00,0,ok,2,15.28,1.73,16.78,-10.0,0.99,758.0,0.05487,15.61,17.88,,,,
AL1-20240912-0354,M1.1,M1.0,2024-09-12 04:04:00,0,ok,20,17.39,1.3,17.67,110.0,1.612,1037.1,0.11226,16.18,18.61,0.464,,,
AL1-20240912-0427,M1.2,M1.2,2024-09-12 04:32:00,0,ok,13,16.7,1.33,17.46,-10.0,1.217,1214.0,0.09295,13.56,15.33,,,,
AL1-20240912-0604,M2.1,M2.7,2024-09-12 06:15:00,0,ok,13,19.8,0.82,25.18,250.0,1.64,1779.0,0.20505,17.91,20.87,,,,
AL1-20240912-0829,C9.2,,2024-09-12 08:43:00,0,ok,32,14.54,1.3,23.77,470.0,0.973,967.6,nan,12.82,14.42,,,,
AL1-20240912-0857,C7.7,,2024-09-12 09:08:00,0,no fittable bins,,,,,,,,,,,,,,
AL1-20240912-0931,X1.2,,2024-09-12 09:43:00,0,ok,46,22.69,0.26,28.25,170.0,1.893,10806.0,0.26026,20.54,24.41,1.0,,,
AL1-20240912-1155,C7.7,C8.1,2024-09-12 12:10:00,0,ok,2,11.35,1.34,19.22,490.0,4.211,815.8,0.05199,,,,,,
AL1-20240912-1308,M1.2,M1.1,2024-09-12 13:21:00,0,ok,35,13.97,1.07,17.07,110.0,1.36,1237.2,0.09098,13.54,15.3,0.9,,,
AL1-20240912-1427,M6.9,M6.7,2024-09-12 14:43:00,0,ok,21,23.71,0.36,24.7,30.0,2.526,6391.4,0.25377,21.47,25.69,0.821,,,
AL1-20240912-1456,M1.5,M1.6,2024-09-12 15:06:00,0,ok,25,18.72,2.09,22.06,130.0,0.845,1608.2,0.09381,17.37,20.02,0.262,,,
AL1-20240912-1824,C7.4,C7.3,2024-09-12 18:31:00,0,ok,2,16.09,1.86,16.09,-30.0,1.523,820.5,0.0701,,,,,,
AL1-20240912-1846,C8.8,C9.6,2024-09-12 18:58:00,0,no fittable bins,,,,,,,,,,,,,,
AL1-20240912-2053,C8.1,C8.8,2024-09-12 21:10:00,0,no fittable bins,,,,,,,,,,,,,,
AL1-20240912-2133,M1.9,,2024-09-12 22:26:00,0,ok,125,15.01,0.85,21.13,1890.0,1.361,2002.0,0.10241,13.11,14.77,0.369,,,
AL1-20240913-0043,M1.3,,2024-09-13 00:56:00,0,ok,17,18.47,2.01,19.67,150.0,0.856,1416.5,nan,14.79,16.8,,,,
AL1-20240913-0131,M1.5,M1.6,2024-09-13 01:36:00,0,ok,40,17.82,1.11,20.75,70.0,1.021,1459.0,0.12577,16.97,19.61,0.846,,,
AL1-20240913-0633,M5.3,,2024-09-13 06:55:00,0,ok,83,16.42,0.36,24.11,450.0,1.108,5051.8,nan,15.57,17.85,0.402,,,
AL1-20240913-0814,M2.5,,2024-09-13 08:36:00,0,ok,85,14.14,0.89,19.14,1050.0,0.63,2683.3,nan,12.68,14.24,,,,
AL1-20240913-1220,C8.6,C9.4,2024-09-13 12:33:00,0,ok,1,13.01,1.55,13.01,70.0,1.411,951.6,0.05397,,,,,,
AL1-20240913-1458,M1.3,M1.2,2024-09-13 15:06:00,0,ok,67,17.84,1.03,25.18,230.0,1.73,1231.7,0.15456,17.03,19.71,0.83,,,
AL1-20240913-1717,C6.0,,2024-09-13 17:31:00,0,no fittable bins,,,,,,,,,,,,,,
AL1-20240913-1749,M1.3,M1.4,2024-09-13 17:55:00,0,ok,24,19.54,1.21,20.28,30.0,1.695,1277.2,0.13204,18.45,21.56,0.976,,,
AL1-20240913-1846,C9.1,C9.4,2024-09-13 19:03:00,0,ok,47,16.15,1.36,20.92,350.0,1.552,926.0,0.11668,13.69,15.49,0.704,,,
AL1-20240913-1945,C7.7,,2024-09-13 20:21:00,0,ok,35,13.8,1.65,19.18,1330.0,1.145,778.0,0.06851,,,0.432,,,
AL1-20240913-2039,M1.1,M1.1,2024-09-13 20:48:00,0,ok,20,16.24,1.32,25.71,170.0,1.583,1066.8,0.10497,14.26,16.18,0.286,,,
AL1-20240913-2303,C5.9,C6.2,2024-09-13 23:29:00,0,ok,10,15.18,1.75,20.21,330.0,1.515,608.1,0.08548,12.47,14.0,,,,
AL1-20240914-0305,C8.8,,2024-09-14 04:00:00,0,ok,4,13.41,1.54,13.41,30.0,0.612,957.4,0.06134,,,,,,
AL1-20240914-0722,M2.9,M3.0,2024-09-14 07:40:00,0,ok,54,17.19,0.57,20.56,250.0,1.705,2740.6,0.16042,16.11,18.53,0.647,,,
AL1-20240914-1417,C5.4,C5.4,2024-09-14 14:28:00,0,no fittable bins,,,,,,,,,,,,,,
AL1-20240914-1512,X3.3,X4.4,2024-09-14 15:29:00,0,ok,89,23.32,0.16,28.53,690.0,0.668,21900.4,0.28967,21.38,25.58,0.796,,,
AL1-20240916-0120,C5.8,C5.9,2024-09-16 01:24:00,0,ok,5,18.05,1.9,18.05,-10.0,2.642,519.9,0.11289,,,,,,
AL1-20240916-1332,C5.2,C4.9,2024-09-16 13:46:00,0,no fittable bins,,,,,,,,,,,,,,
AL1-20240916-2320,C9.3,C9.5,2024-09-16 23:56:00,0,ok,51,13.19,1.08,18.35,710.0,2.479,903.9,0.1144,12.98,14.63,0.377,,,
AL1-20240922-2102,M3.5,M3.7,2024-09-22 21:38:00,0,ok,102,14.3,0.45,20.9,770.0,1.629,3489.4,0.13829,13.47,15.23,0.758,,,
AL1-20240923-1420,M1.3,M1.3,2024-09-23 14:55:00,0,ok,120,13.71,0.95,18.74,1130.0,2.4,1281.7,0.10865,12.89,14.51,0.727,,,
AL1-20240925-1437,C8.6,C9.4,2024-09-25 15:52:00,0,ok,130,10.21,1.16,16.41,2810.0,1.122,916.0,0.06452,,,0.43,,,
AL1-20240925-2258,M1.2,M1.3,2024-09-25 23:11:00,0,ok,34,14.7,1.06,15.48,130.0,1.497,1199.8,0.09484,12.79,14.39,0.552,,,
AL1-20240926-2034,C8.3,C7.5,2024-09-26 20:39:00,0,ok,11,16.65,1.28,20.72,90.0,2.312,822.9,0.08591,15.54,17.82,,,,
AL1-20240926-2256,M1.5,M1.4,2024-09-26 23:11:00,0,ok,33,15.98,0.83,18.38,110.0,1.809,1373.2,0.15103,14.66,16.7,0.697,,,
AL1-20240927-0122,C5.2,C5.3,2024-09-27 01:33:00,0,no fittable bins,,,,,,,,,,,,,,
AL1-20240927-0302,C6.4,C6.5,2024-09-27 03:09:00,0,no fittable bins,,,,,,,,,,,,,,
AL1-20240927-0740,C9.8,C9.8,2024-09-27 07:59:00,0,ok,39,16.78,1.33,17.83,210.0,1.178,938.8,0.11233,13.58,15.37,0.747,,,
AL1-20240927-1009,C8.2,C8.3,2024-09-27 10:29:00,0,ok,7,15.08,1.83,18.86,150.0,1.186,867.0,0.07233,16.16,18.57,,,,
AL1-20240927-1429,C6.0,,2024-09-27 15:02:00,0,no fittable bins,,,,,,,,,,,,,,
AL1-20240929-1248,M1.0,M1.0,2024-09-29 12:53:00,0,ok,8,17.84,1.78,20.09,-10.0,2.898,959.9,0.10393,15.51,17.73,,,,
AL1-20240929-1410,M1.6,M1.7,2024-09-29 14:24:00,0,ok,81,13.02,0.95,17.8,410.0,1.168,1701.0,0.08001,11.78,13.16,0.472,,,
AL1-20240929-2132,C6.3,C6.4,2024-09-29 21:44:00,0,no fittable bins,,,,,,,,,,,,,,
AL1-20240930-1612,C6.1,C6.6,2024-09-30 16:19:00,0,no fittable bins,,,,,,,,,,,,,,
AL1-20240930-1856,C8.8,C8.3,2024-09-30 19:14:00,0,ok,43,17.87,1.21,22.22,370.0,1.426,808.3,0.15112,17.27,20.04,0.638,,,
AL1-20240930-2304,C5.8,,2024-09-30 23:31:00,0,no fittable bins,,,,,,,,,,,,,,
AL1-20240930-2337,M7.4,M7.5,2024-09-30 23:59:00,0,ok,42,19.71,0.35,23.84,710.0,1.337,6877.3,0.20762,18.33,21.43,0.051,,,
AL1-20241001-0427,C6.3,C6.7,2024-10-01 04:32:00,0,ok,1,15.18,1.77,15.18,10.0,2.877,711.4,0.06057,11.56,12.9,,,,
AL1-20241001-1438,C9.5,M1.0,2024-10-01 14:52:00,0,ok,55,18.52,1.37,18.52,10.0,1.551,982.0,0.08735,15.13,17.29,0.3,,,
AL1-20241001-1746,C7.8,C8.0,2024-10-01 17:53:00,0,ok,9,14.2,1.4,17.19,70.0,1.747,803.5,0.08353,13.28,14.99,,,,
AL1-20241001-1833,M1.4,M1.4,2024-10-01 19:17:00,0,ok,119,15.4,0.9,21.65,1170.0,1.009,1455.7,0.11616,14.16,16.08,0.77,,,
AL1-20241001-2117,C7.8,C8.6,2024-10-01 21:31:00,0,ok,10,10.53,1.16,16.74,150.0,1.685,834.0,0.06422,,,,,,
AL1-20241001-2157,X4.1,X6.9,2024-10-01 22:17:00,0,ok,72,31.52,0.2,31.52,10.0,0.979,26027.6,0.4052,28.07,35.45,0.96,,,
AL1-20241002-0143,C9.7,,2024-10-02 01:50:00,0,ok,12,18.17,1.8,22.72,30.0,2.305,1038.7,0.08376,16.92,19.52,,,,
AL1-20241002-0232,M1.1,M1.2,2024-10-02 02:39:00,0,ok,8,19.13,1.49,19.13,10.0,1.532,1046.7,0.09132,16.55,19.08,,,,
AL1-20241002-0349,C5.9,C6.6,2024-10-02 03:56:00,0,no fittable bins,,,,,,,,,,,,,,
AL1-20241002-0509,C9.8,M1.0,2024-10-02 05:16:00,0,ok,7,19.28,1.16,20.99,30.0,2.396,1058.8,0.10205,18.59,21.77,,,,
AL1-20241002-0530,M3.6,M3.6,2024-10-02 05:37:00,0,ok,34,21.8,0.53,27.09,170.0,2.289,3105.4,0.24011,19.9,23.53,0.7,,,
AL1-20241002-0619,M1.1,M1.1,2024-10-02 06:23:00,0,ok,11,16.79,1.63,23.83,-10.0,1.354,867.0,0.11777,19.18,22.51,,,,
AL1-20241002-0916,C5.1,,2024-10-02 09:22:00,0,no fittable bins,,,,,,,,,,,,,,
AL1-20241002-1006,C7.5,,2024-10-02 10:13:00,0,ok,11,15.65,1.39,21.98,90.0,2.527,761.1,nan,15.09,17.25,,,,
AL1-20241002-1305,C7.0,C7.3,2024-10-02 13:11:00,0,ok,3,20.91,2.3,20.91,10.0,1.637,710.2,0.07184,15.74,18.04,,,,
AL1-20241002-1322,M3.2,M3.1,2024-10-02 13:37:00,0,ok,88,18.5,0.5,22.07,470.0,1.645,2997.9,0.21678,18.22,21.28,0.708,,,
AL1-20241002-1655,C7.1,C7.5,2024-10-02 17:02:00,0,ok,4,19.83,2.12,19.83,10.0,1.707,716.3,0.07259,15.34,17.55,,,,
AL1-20241002-1734,C6.9,C7.5,2024-10-02 17:41:00,0,no fittable bins,,,,,,,,,,,,,,
AL1-20241003-0223,M1.0,M1.1,2024-10-03 02:34:00,0,ok,24,14.16,1.47,17.77,190.0,1.266,1058.1,0.07906,11.97,13.37,0.095,,,
AL1-20241003-0320,M1.4,M1.5,2024-10-03 03:39:00,0,ok,89,17.08,1.04,20.51,650.0,1.52,1405.4,0.11697,14.86,16.94,0.568,,,
AL1-20241003-0442,C8.8,C9.8,2024-10-03 04:47:00,0,ok,8,16.38,1.55,17.27,-90.0,0.973,927.5,0.07634,17.09,19.78,,,,
AL1-20241003-0642,C7.7,C8.5,2024-10-03 06:48:00,0,ok,4,14.1,1.65,16.77,90.0,1.551,796.6,0.05723,,,,,,
AL1-20241003-0804,M1.4,,2024-10-03 08:28:00,0,ok,72,16.13,1.01,17.06,550.0,1.185,1530.0,nan,12.46,13.99,,,,
AL1-20241003-1208,X3.6,X8.8,2024-10-03 12:17:00,0,ok,49,32.42,0.21,32.45,-30.0,1.1,24850.7,0.39376,28.87,36.7,0.764,,,
AL1-20241003-1717,M1.3,M1.5,2024-10-03 17:21:00,0,ok,8,22.71,2.0,22.71,10.0,2.235,1388.0,0.07827,20.5,24.29,,,,
AL1-20241003-2009,M6.1,M6.6,2024-10-03 20:26:00,0,ok,65,16.74,0.39,21.06,450.0,1.334,6014.0,0.15186,15.76,18.09,0.828,,,
AL1-20241003-2324,C9.0,,2024-10-03 23:28:00,0,ok,3,17.57,1.84,17.57,10.0,2.046,1016.0,0.05102,14.91,16.99,,,,
AL1-20241004-0007,M1.0,M1.2,2024-10-04 00:16:00,0,ok,9,16.38,1.87,17.9,50.0,2.939,1152.0,0.06191,13.92,15.75,,,,
AL1-20241004-0433,M3.8,M4.0,2024-10-04 04:55:00,0,ok,74,16.56,0.47,19.94,750.0,1.259,3716.2,0.15608,15.05,17.19,0.477,,,
AL1-20241004-0805,C7.7,,2024-10-04 08:09:00,0,ok,4,17.72,1.83,23.35,30.0,1.743,846.1,0.06394,16.15,18.56,,,,
AL1-20241004-1058,M1.1,M1.2,2024-10-04 11:03:00,0,ok,32,15.17,1.33,20.57,90.0,1.766,1172.8,0.07768,12.52,14.07,0.518,,,
AL1-20241004-1215,C8.4,,2024-10-04 13:07:00,0,ok,3,11.9,1.37,13.8,690.0,1.4,938.4,0.05353,,,,,,
AL1-20241004-1759,C6.7,C7.5,2024-10-04 18:08:00,0,no fittable bins,,,,,,,,,,,,,,
AL1-20241004-2042,M1.1,M1.1,2024-10-04 21:04:00,0,ok,29,16.71,1.15,22.39,150.0,2.172,1107.8,0.11012,15.44,17.67,0.806,,,
AL1-20241004-2207,M1.1,M1.2,2024-10-04 22:11:00,0,ok,11,15.92,1.43,21.27,50.0,2.271,1104.2,0.08445,14.29,16.23,,,,
AL1-20241005-0006,M1.0,M1.0,2024-10-05 00:12:00,0,ok,13,17.75,1.27,21.98,70.0,1.68,1021.0,0.10182,16.47,19.0,,,,
AL1-20241005-0134,C6.4,C7.0,2024-10-05 01:44:00,0,no fittable bins,,,,,,,,,,,,,,
AL1-20241005-0219,C6.5,C7.4,2024-10-05 02:30:00,0,no fittable bins,,,,,,,,,,,,,,
AL1-20241005-0254,C6.7,C7.4,2024-10-05 02:59:00,0,no fittable bins,,,,,,,,,,,,,,
AL1-20241005-0336,C6.5,C7.2,2024-10-05 03:42:00,0,no fittable bins,,,,,,,,,,,,,,
AL1-20241005-0347,C9.5,M1.0,2024-10-05 04:08:00,0,ok,16,14.1,1.74,18.37,230.0,1.942,1028.4,0.07273,11.21,12.46,,,,
AL1-20241005-0702,C7.5,,2024-10-05 08:15:00,0,ok,8,15.61,1.9,18.84,3930.0,1.474,685.6,0.04932,,,,,,
AL1-20241005-0817,M1.5,,2024-10-05 08:44:00,0,ok,74,14.43,1.0,24.15,1230.0,1.399,1482.4,nan,13.02,14.65,,,,
AL1-20241005-1100,C5.8,,2024-10-05 11:10:00,0,no fittable bins,,,,,,,,,,,,,,
AL1-20241005-1321,C6.6,,2024-10-05 13:41:00,0,no fittable bins,,,,,,,,,,,,,,
AL1-20241005-1456,C8.0,C8.5,2024-10-05 15:05:00,0,ok,5,15.46,1.76,16.19,-10.0,1.35,852.6,0.07615,15.27,17.46,,,,
AL1-20241005-1550,C8.7,C9.0,2024-10-05 15:55:00,0,ok,2,14.22,1.59,16.07,-30.0,3.097,943.0,0.07076,14.09,15.95,,,,
AL1-20241005-1650,C7.7,,2024-10-05 16:55:00,0,ok,5,16.93,1.94,20.4,70.0,1.731,814.2,0.07687,17.92,20.84,,,,
AL1-20241005-1733,C9.4,C9.7,2024-10-05 17:41:00,0,ok,48,15.63,1.15,21.04,230.0,1.823,952.1,0.11937,14.88,16.97,0.844,,,
AL1-20241005-2032,M1.0,M1.1,2024-10-05 20:40:00,0,ok,16,15.19,1.32,21.67,150.0,2.118,1071.5,0.08183,14.66,16.68,0.429,,,
AL1-20241005-2158,C8.7,,2024-10-05 22:10:00,0,no fittable bins,,,,,,,,,,,,,,
AL1-20241005-2310,M2.5,M2.4,2024-10-05 23:20:00,0,ok,42,20.17,0.67,27.21,410.0,1.703,2247.5,0.19187,18.26,21.33,0.336,,,
AL1-20241006-0007,C9.1,M1.0,2024-10-06 00:18:00,0,ok,5,11.79,1.36,14.72,110.0,1.306,1010.9,0.05672,,,,,,
AL1-20241006-1513,M1.2,M1.3,2024-10-06 15:21:00,0,ok,9,19.19,1.17,20.59,30.0,1.395,1304.3,0.10485,17.41,20.2,,,,
AL1-20241006-1639,M1.1,M1.0,2024-10-06 16:45:00,0,ok,17,18.58,1.09,25.3,50.0,2.042,1116.9,0.1394,17.52,20.35,,,,
AL1-20241006-1852,M1.4,M1.3,2024-10-06 18:59:00,0,ok,18,20.23,0.86,25.01,50.0,1.69,1340.9,0.17499,17.95,20.92,0.429,,,
AL1-20241006-2014,C7.1,C7.1,2024-10-06 20:21:00,0,ok,2,12.45,1.42,12.91,-30.0,2.303,756.1,0.06901,13.75,15.56,,,,
AL1-20241006-2049,M1.4,M1.5,2024-10-06 21:15:00,0,ok,102,13.92,0.94,17.83,750.0,1.349,1440.5,0.0962,12.56,14.12,0.753,,,
AL1-20241007-0900,C6.5,,2024-10-07 09:16:00,0,no fittable bins,,,,,,,,,,,,,,
AL1-20241007-1022,C6.2,C6.5,2024-10-07 10:27:00,0,no fittable bins,,,,,,,,,,,,,,
AL1-20241007-1401,C6.7,,2024-10-07 14:39:00,0,no fittable bins,,,,,,,,,,,,,,
AL1-20241007-1754,M1.2,M1.3,2024-10-07 18:35:00,0,ok,143,12.02,0.96,22.85,1610.0,0.956,1256.2,0.0899,13.11,14.77,0.817,,,
AL1-20241007-1902,X1.9,X2.1,2024-10-07 19:13:00,0,ok,76,24.31,0.22,28.69,470.0,1.175,16105.5,0.29932,21.55,25.81,0.696,,,
AL1-20241008-0842,M1.2,,2024-10-08 08:50:00,0,ok,16,14.17,1.13,17.17,-130.0,2.498,1168.4,nan,14.35,16.3,,,,
AL1-20241008-1745,C5.8,C5.8,2024-10-08 17:50:00,0,ok,4,18.94,1.99,20.64,-10.0,2.276,581.2,0.0939,18.98,22.29,,,,
AL1-20241008-2016,C7.7,C8.0,2024-10-08 20:29:00,0,ok,15,14.32,1.34,18.3,150.0,2.054,778.5,0.0886,12.66,14.24,,,,
AL1-20241009-0125,X1.5,X1.7,2024-10-09 01:54:00,0,ok,122,18.87,0.21,24.91,1110.0,1.194,14093.0,0.21645,17.59,20.46,0.665,,,
AL1-20241009-0540,M1.3,M1.6,2024-10-09 05:46:00,0,ok,32,21.56,1.85,22.59,-50.0,1.802,1372.2,0.0847,20.39,24.15,0.745,,,
AL1-20241009-1542,X1.2,X1.3,2024-10-09 15:47:00,0,ok,23,23.04,0.26,26.15,70.0,1.891,10503.4,0.27901,20.56,24.43,1.0,,,
AL1-20241009-2007,C6.2,C7.4,2024-10-09 20:13:00,0,ok,3,14.68,1.78,15.6,-10.0,1.884,557.8,0.0872,14.02,15.92,,,,
AL1-20241009-2257,M6.9,M7.6,2024-10-09 23:11:00,0,ok,37,19.32,0.35,21.63,250.0,1.721,6008.6,0.21408,18.29,21.38,0.888,,,
AL1-20241010-1144,M1.2,M1.3,2024-10-10 11:59:00,0,ok,79,15.97,0.93,21.9,370.0,1.737,1168.0,0.1499,15.15,17.32,0.684,,,
AL1-20241010-1426,C7.1,C7.2,2024-10-10 14:40:00,0,ok,13,15.15,1.41,21.93,110.0,2.618,675.9,0.11009,15.61,17.91,,,,
AL1-20241010-1651,M1.0,M1.0,2024-10-10 17:00:00,0,ok,39,17.84,1.09,23.33,150.0,1.714,984.5,0.1484,16.9,19.55,0.665,,,
AL1-20241010-2058,C7.2,C7.4,2024-10-10 21:54:00,0,ok,4,12.57,1.39,13.46,310.0,0.517,724.5,0.08094,12.22,13.68,,,,
AL1-20241010-2155,M3.1,M2.9,2024-10-10 22:27:00,0,ok,136,19.09,0.54,22.42,530.0,1.573,2812.7,0.23486,16.85,19.48,0.642,,,
AL1-20241011-1548,M1.4,M1.4,2024-10-11 16:05:00,0,ok,33,17.16,0.88,20.98,450.0,1.604,1409.7,0.14706,15.85,18.21,0.128,,,
AL1-20241011-1607,M2.0,M2.1,2024-10-11 16:30:00,0,ok,55,14.64,2.24,21.01,790.0,-1.098,2003.6,0.13557,10.43,11.78,0.184,,,
AL1-20241011-2248,M1.0,C9.7,2024-10-11 23:25:00,0,ok,160,13.25,0.94,41.96,1990.0,1.275,979.2,0.13172,14.04,15.92,0.929,,,
AL1-20241014-0006,M3.4,M3.3,2024-10-14 00:17:00,0,ok,59,18.65,0.5,27.63,350.0,2.189,3214.4,0.20638,17.8,20.72,0.889,,,
AL1-20241014-2258,C5.4,C5.3,2024-10-14 23:05:00,0,no fittable bins,,,,,,,,,,,,,,
AL1-20241015-0159,M1.9,M1.8,2024-10-15 02:12:00,0,ok,65,16.64,0.7,25.6,270.0,2.057,1683.0,0.17398,16.29,18.77,0.878,,,
AL1-20241015-0430,C8.6,C8.6,2024-10-15 04:51:00,0,ok,51,10.8,1.07,23.49,790.0,2.083,865.6,0.08574,11.98,13.41,0.434,,,
AL1-20241015-0529,C5.6,C5.7,2024-10-15 05:38:00,0,no fittable bins,,,,,,,,,,,,,,
AL1-20241015-0655,C5.7,C5.5,2024-10-15 07:01:00,0,no fittable bins,,,,,,,,,,,,,,
AL1-20241015-1000,M1.3,M1.2,2024-10-15 10:05:00,0,ok,16,18.74,1.15,18.74,10.0,1.928,967.0,0.14971,16.65,19.24,,,,
AL1-20241015-1145,C5.9,C5.6,2024-10-15 11:52:00,0,no fittable bins,,,,,,,,,,,,,,
AL1-20241015-1314,C5.0,,2024-10-15 13:32:00,0,no fittable bins,,,,,,,,,,,,,,
AL1-20241015-1802,M1.8,M1.7,2024-10-15 18:17:00,0,ok,51,16.27,0.7,22.7,450.0,2.75,1776.4,0.16858,15.26,17.46,0.875,,,
AL1-20241015-1828,M2.0,M2.1,2024-10-15 18:33:00,0,ok,19,19.31,0.83,27.97,130.0,3.037,1938.8,0.17461,17.24,19.96,0.657,,,
AL1-20241015-2258,C9.0,C9.4,2024-10-15 23:16:00,0,ok,48,16.38,1.28,19.14,330.0,1.68,889.5,0.1078,15.26,17.46,0.586,,,
AL1-20241016-0312,M3.7,M2.9,2024-10-16 03:23:00,0,ok,55,21.1,0.55,23.27,290.0,2.201,3156.2,0.21153,19.48,22.97,0.884,,,
AL1-20241016-0338,M3.4,M3.7,2024-10-16 03:45:00,0,ok,49,19.91,0.82,25.6,190.0,1.906,3334.8,0.15473,17.59,20.4,0.659,,,
AL1-20241016-0456,C5.1,,2024-10-16 05:05:00,0,no fittable bins,,,,,,,,,,,,,,
AL1-20241016-0506,M2.7,M2.8,2024-10-16 05:14:00,0,ok,46,18.9,0.64,24.42,250.0,2.042,2541.8,0.17279,16.68,19.26,0.893,,,
AL1-20241016-1311,M1.5,M1.5,2024-10-16 13:27:00,0,ok,50,17.39,0.89,18.88,110.0,1.716,1470.2,0.14437,16.47,19.0,0.865,,,
AL1-20241016-1404,C7.8,C7.5,2024-10-16 14:23:00,0,ok,27,12.6,1.32,16.29,710.0,1.629,820.0,0.08318,10.65,11.82,0.618,,,
AL1-20241016-1429,M1.3,,2024-10-16 14:36:00,0,ok,72,17.6,1.23,28.06,230.0,1.949,1253.0,0.11848,16.35,18.81,0.628,,,
AL1-20241016-1528,C5.9,C6.1,2024-10-16 15:37:00,0,no fittable bins,,,,,,,,,,,,,,
AL1-20241016-1740,C7.4,C7.1,2024-10-16 17:45:00,0,ok,7,17.54,1.47,25.67,30.0,3.22,703.0,0.11514,16.52,19.07,,,,
AL1-20241017-0214,M1.0,M1.0,2024-10-17 02:22:00,0,ok,48,15.79,1.03,19.4,50.0,2.312,935.1,0.13433,13.81,15.64,0.674,,,
AL1-20241017-0453,M2.5,M2.4,2024-10-17 05:05:00,0,ok,34,18.75,0.61,21.88,250.0,2.418,2294.8,0.20548,18.03,21.02,0.582,,,
AL1-20241017-1421,C7.1,C6.5,2024-10-17 14:27:00,0,ok,3,16.48,1.9,17.94,-50.0,1.615,638.1,0.09043,,,,,,
AL1-20241017-2105,C5.4,C5.4,2024-10-17 21:12:00,0,no fittable bins,,,,,,,,,,,,,,
AL1-20241018-0320,C5.7,C5.7,2024-10-18 03:36:00,0,no fittable bins,,,,,,,,,,,,,,
AL1-20241018-1009,C6.3,C5.8,2024-10-18 10:19:00,0,ok,16,16.81,1.76,18.35,50.0,1.558,611.6,0.10864,12.72,14.31,,,,
AL1-20241018-1728,M1.2,M1.1,2024-10-18 17:36:00,0,ok,20,15.67,0.87,20.62,90.0,1.884,1112.5,0.15606,14.21,16.14,0.829,,,
AL1-20241018-1932,M5.0,M4.8,2024-10-18 19:38:00,0,ok,24,19.56,0.39,24.67,170.0,1.431,4556.7,0.22356,17.8,20.73,0.595,,,
AL1-20241018-2318,M4.8,M4.7,2024-10-18 23:28:00,0,ok,29,21.74,0.46,25.31,70.0,2.006,4124.7,0.24924,19.41,22.88,0.867,,,
AL1-20241019-0647,M6.7,M6.4,2024-10-19 06:55:00,0,ok,28,22.66,0.38,25.45,170.0,1.738,5681.8,0.27758,20.71,24.65,0.6,,,
AL1-20241019-1427,M1.7,M1.7,2024-10-19 14:34:00,0,ok,19,18.67,0.81,19.41,50.0,2.129,1532.8,0.15205,15.85,18.21,0.829,,,
AL1-20241021-0804,C6.3,,2024-10-21 10:09:00,0,ok,25,11.37,1.33,17.19,2150.0,0.933,640.5,0.0715,,,0.771,,,
AL1-20241023-0009,C5.1,C5.0,2024-10-23 00:23:00,0,ok,5,13.11,1.52,19.8,190.0,1.873,524.5,0.09983,12.85,14.47,,,,
AL1-20241023-1138,C7.6,C7.7,2024-10-23 12:12:00,0,no fittable bins,,,,,,,,,,,,,,
AL1-20241023-2106,C5.2,C5.3,2024-10-23 21:10:00,0,ok,1,16.44,1.91,16.44,10.0,1.848,556.6,0.09173,,,,,,
AL1-20241025-0722,M1.2,M1.1,2024-10-25 07:33:00,0,ok,16,17.02,0.98,25.06,110.0,2.198,931.3,0.13325,14.74,16.8,0.771,,,
AL1-20241026-0557,M9.0,M9.4,2024-10-26 06:22:00,0,ok,90,18.54,0.29,24.77,1110.0,1.643,8401.6,0.19683,17.14,19.87,0.494,,,
AL1-20241026-0632,X1.6,,2024-10-26 07:09:00,0,ok,117,19.32,0.3,43.08,1930.0,1.047,14696.9,0.19744,17.65,20.5,-0.428,,,
AL1-20241026-2228,C9.4,C9.6,2024-10-26 22:38:00,0,ok,23,14.67,1.38,22.81,250.0,1.743,968.8,0.08205,12.47,14.0,0.905,,,
AL1-20241027-0312,C8.2,C8.2,2024-10-27 03:24:00,0,ok,10,14.51,1.36,20.42,110.0,1.624,852.0,0.0859,15.02,17.16,,,,
AL1-20241027-0518,C7.5,C7.5,2024-10-27 05:31:00,0,ok,7,14.5,1.58,16.22,50.0,1.505,798.0,0.07602,11.29,12.58,,,,
AL1-20241027-2302,M2.6,M2.8,2024-10-27 23:24:00,0,ok,80,19.02,0.62,22.77,230.0,2.141,2497.7,0.18159,17.34,20.13,0.806,,,
AL1-20241028-0339,M1.3,M1.3,2024-10-28 04:08:00,0,ok,42,20.3,1.38,20.3,10.0,1.352,1156.3,0.12408,17.19,19.93,0.776,,,
AL1-20241028-0642,C8.0,C8.0,2024-10-28 07:01:00,0,ok,55,16.37,1.41,19.6,130.0,0.955,752.8,0.11888,15.33,17.56,0.285,,,
AL1-20241028-0854,C6.6,C7.0,2024-10-28 09:12:00,0,ok,13,14.84,1.63,20.36,130.0,1.743,668.9,0.08963,12.61,14.18,,,,
AL1-20241029-1621,M1.0,M1.1,2024-10-29 16:33:00,0,ok,19,16.29,1.52,22.19,210.0,1.638,1082.7,0.07229,13.59,15.36,0.857,,,
AL1-20241031-0040,C8.6,C9.2,2024-10-31 00:50:00,0,ok,21,15.71,1.33,18.69,110.0,1.862,838.0,0.10424,14.59,16.6,0.357,,,
AL1-20241031-0220,C9.5,,2024-10-31 02:50:00,0,ok,56,11.84,1.07,20.68,610.0,1.422,965.4,0.09048,11.58,12.93,0.628,,,
AL1-20241031-0323,C9.6,M1.0,2024-10-31 03:30:00,0,ok,11,20.05,2.04,20.85,90.0,0.96,996.1,0.08165,16.55,19.05,,,,
AL1-20241031-0504,C5.1,C5.6,2024-10-31 05:11:00,0,no fittable bins,,,,,,,,,,,,,,
AL1-20241031-0536,C6.4,,2024-10-31 05:54:00,0,no fittable bins,,,,,,,,,,,,,,
AL1-20241031-0823,C6.1,C6.2,2024-10-31 08:31:00,0,ok,8,17.24,1.97,18.62,110.0,1.155,642.9,0.07904,14.37,16.34,,,,
AL1-20241031-0856,C7.1,C7.5,2024-10-31 09:04:00,0,no fittable bins,,,,,,,,,,,,,,
AL1-20241031-0921,C7.3,,2024-10-31 09:29:00,0,ok,7,17.39,1.79,20.4,70.0,1.626,747.8,0.08515,15.31,17.5,,,,
AL1-20241031-0930,M1.4,M1.3,2024-10-31 09:36:00,0,ok,32,19.22,1.32,20.22,50.0,1.462,1309.4,0.14326,16.9,19.53,0.685,,,
AL1-20241031-1019,C9.3,C6.3,2024-10-31 10:27:00,0,ok,15,22.65,1.85,22.65,10.0,1.486,841.0,0.12319,20.3,24.07,,,,
AL1-20241031-1242,M2.5,M2.4,2024-10-31 12:53:00,0,ok,38,17.9,0.58,24.87,290.0,2.098,2349.0,0.1827,17.18,19.92,0.818,,,
AL1-20241031-1348,M1.3,M1.2,2024-10-31 13:58:00,0,ok,47,19.75,1.17,20.8,310.0,2.002,1291.3,0.13034,16.91,19.56,0.729,,,
AL1-20241031-1857,C9.8,M1.0,2024-10-31 19:06:00,0,ok,29,14.83,1.19,18.19,130.0,1.57,974.3,0.10239,13.47,15.22,0.75,,,
AL1-20241031-2014,C5.9,C6.2,2024-10-31 20:25:00,0,no fittable bins,,,,,,,,,,,,,,
AL1-20241031-2102,M4.3,M4.5,2024-10-31 21:09:00,0,ok,16,24.09,0.58,24.78,50.0,2.254,3049.7,0.262,22.25,26.8,,,,
AL1-20241031-2112,X1.8,X1.9,2024-10-31 21:19:00,0,ok,29,25.79,0.29,35.78,210.0,1.448,14638.0,0.31326,23.49,28.55,0.783,,,
AL1-20241101-0205,M1.3,M1.3,2024-11-01 02:16:00,0,ok,17,18.61,1.0,20.8,70.0,1.996,1239.8,0.12971,17.18,19.92,,,,
AL1-20241101-0947,M1.0,M1.0,2024-11-01 10:16:00,0,ok,102,13.04,1.31,18.16,310.0,2.271,1073.3,0.0815,13.6,15.37,0.416,,,
AL1-20241101-1219,C7.5,C8.4,2024-11-01 12:27:00,0,no fittable bins,,,,,,,,,,,,,,
AL1-20241101-1242,M1.2,M1.3,2024-11-01 12:52:00,0,ok,26,18.51,1.4,20.74,170.0,1.394,1267.5,0.09584,15.01,17.12,0.583,,,
AL1-20241101-1421,M1.9,M2.0,2024-11-01 14:31:00,0,ok,46,17.35,0.74,22.39,310.0,1.522,1802.6,0.15027,16.13,18.56,0.739,,,
AL1-20241101-1627,C5.6,C6.3,2024-11-01 16:32:00,0,no fittable bins,,,,,,,,,,,,,,
AL1-20241101-1718,C5.3,C6.1,2024-11-01 17:34:00,0,no fittable bins,,,,,,,,,,,,,,
AL1-20241101-1742,C5.9,,2024-11-01 18:03:00,0,no fittable bins,,,,,,,,,,,,,,
AL1-20241102-0727,M1.0,M1.0,2024-11-02 07:37:00,0,ok,40,17.15,1.09,25.5,290.0,2.59,990.5,0.13065,15.73,18.05,0.873,,,
AL1-20241102-0807,M1.1,M1.2,2024-11-02 08:30:00,0,ok,60,13.15,1.02,19.63,490.0,1.799,1164.5,0.09258,12.8,14.4,0.716,,,
AL1-20241103-0303,M1.0,M1.1,2024-11-03 03:11:00,0,ok,17,18.76,1.04,25.42,90.0,2.441,1004.7,0.13708,16.07,18.48,,,,
AL1-20241103-0338,C6.8,C7.2,2024-11-03 03:46:00,0,ok,25,17.7,1.73,18.44,50.0,2.064,695.7,0.09401,16.36,18.85,0.667,,,
AL1-20241103-0625,C7.2,C8.1,2024-11-03 06:36:00,0,no fittable bins,,,,,,,,,,,,,,
AL1-20241103-0838,M1.1,M1.1,2024-11-03 08:49:00,0,ok,49,15.7,1.21,25.02,250.0,1.851,1084.1,0.10048,15.1,17.25,0.854,,,
AL1-20241103-1252,C5.7,,2024-11-03 12:59:00,0,no fittable bins,,,,,,,,,,,,,,
AL1-20241103-1326,C7.8,C7.5,2024-11-03 13:30:00,0,ok,6,16.59,1.54,18.04,30.0,1.444,728.7,0.09513,16.23,18.69,,,,
AL1-20241103-1453,M1.2,M1.4,2024-11-03 15:24:00,0,ok,24,14.78,1.43,15.05,230.0,1.343,1271.0,0.06966,10.27,11.36,-0.048,,,
AL1-20241103-1748,M1.2,M1.3,2024-11-03 17:53:00,0,ok,16,18.59,1.18,19.61,110.0,2.202,1210.5,0.12452,15.58,17.85,,,,
AL1-20241103-2019,C6.1,C6.8,2024-11-03 20:29:00,0,no fittable bins,,,,,,,,,,,,,,
AL1-20241103-2035,C8.5,C8.9,2024-11-03 20:42:00,0,no fittable bins,,,,,,,,,,,,,,
AL1-20241103-2315,C6.1,,2024-11-03 23:25:00,0,no fittable bins,,,,,,,,,,,,,,
AL1-20241104-0051,M1.4,M1.5,2024-11-04 00:57:00,0,ok,21,18.78,1.0,19.46,70.0,1.401,1373.2,0.1188,17.57,20.42,0.786,,,
AL1-20241104-0102,M3.4,,2024-11-04 01:40:00,0,ok,123,13.2,0.62,18.5,1350.0,0.765,3526.8,0.09929,12.19,13.68,0.678,,,
AL1-20241104-0338,M1.0,M1.1,2024-11-04 03:45:00,0,ok,14,15.98,1.32,20.97,130.0,1.697,1045.9,0.08519,14.48,16.46,,,,
AL1-20241104-0406,C9.6,M1.0,2024-11-04 04:14:00,0,ok,13,16.18,1.32,17.56,30.0,1.914,911.7,0.1005,16.16,18.6,,,,
AL1-20241104-0443,C6.0,C7.0,2024-11-04 04:50:00,0,no fittable bins,,,,,,,,,,,,,,
AL1-20241104-0631,C7.2,C7.7,2024-11-04 06:38:00,0,ok,6,15.16,1.52,21.22,30.0,2.131,700.6,0.08547,15.56,17.83,,,,
AL1-20241104-0702,M1.3,M1.3,2024-11-04 07:08:00,0,ok,38,18.16,0.93,19.54,50.0,2.152,1229.0,0.16397,18.49,21.64,0.65,,,
AL1-20241104-0829,M1.1,M1.2,2024-11-04 08:40:00,0,ok,31,15.35,1.09,20.42,250.0,1.746,1120.5,0.11071,14.22,16.15,0.282,,,
AL1-20241104-0922,C6.0,C6.3,2024-11-04 09:28:00,0,no fittable bins,,,,,,,,,,,,,,
AL1-20241104-1006,M1.6,M1.6,2024-11-04 10:16:00,0,ok,38,17.57,0.89,19.07,150.0,0.976,1479.7,0.13319,14.87,16.96,0.441,,,
AL1-20241104-1051,C6.9,,2024-11-04 11:00:00,0,no fittable bins,,,,,,,,,,,,,,
AL1-20241104-1103,C9.0,C9.5,2024-11-04 11:09:00,0,ok,2,17.6,2.04,17.6,10.0,1.947,941.9,0.07865,13.25,14.92,,,,
AL1-20241104-1146,C6.0,C6.6,2024-11-04 11:55:00,0,no fittable bins,,,,,,,,,,,,,,
AL1-20241104-1235,C5.3,,2024-11-04 12:44:00,0,no fittable bins,,,,,,,,,,,,,,
AL1-20241104-1404,C5.8,,2024-11-04 14:13:00,0,no fittable bins,,,,,,,,,,,,,,
AL1-20241104-1415,M1.1,M1.1,2024-11-04 14:28:00,0,ok,7,13.7,1.82,16.35,-30.0,1.418,1129.6,0.0842,,,,,,
AL1-20241104-1500,M1.3,M1.3,2024-11-04 15:08:00,0,ok,12,18.49,1.13,21.52,110.0,1.723,1263.3,0.1048,16.97,19.63,,,,
AL1-20241104-1526,M5.8,M3.6,2024-11-04 15:38:00,0,ok,42,20.92,0.39,22.67,350.0,1.339,5053.8,0.23114,18.92,22.21,0.622,,,
AL1-20241105-0115,C7.3,C7.7,2024-11-05 01:20:00,0,ok,6,13.93,1.59,19.76,90.0,2.32,769.2,0.07373,12.93,14.55,,,,
AL1-20241105-0413,C8.0,C8.6,2024-11-05 04:17:00,0,no fittable bins,,,,,,,,,,,,,,
AL1-20241105-0436,C6.9,C7.3,2024-11-05 04:43:00,0,no fittable bins,,,,,,,,,,,,,,
AL1-20241105-0633,M2.5,M2.6,2024-11-05 06:54:00,0,ok,70,18.51,0.64,25.5,650.0,1.935,2384.8,0.16979,16.13,18.56,0.731,,,
AL1-20241105-0819,C7.7,C8.0,2024-11-05 08:29:00,0,ok,4,16.46,1.84,17.08,-10.0,1.729,834.0,0.0698,16.45,18.96,,,,
AL1-20241105-0911,C9.1,C9.9,2024-11-05 09:22:00,0,ok,24,14.12,1.4,17.28,-170.0,1.754,949.4,0.07471,14.62,16.65,-0.238,,,
AL1-20241105-1123,C6.8,C7.1,2024-11-05 11:27:00,0,no fittable bins,,,,,,,,,,,,,,
AL1-20241105-1202,C6.5,C6.6,2024-11-05 12:07:00,0,ok,2,14.68,1.66,15.61,-10.0,1.681,764.6,0.05475,13.27,14.98,,,,
AL1-20241105-1328,M1.2,M1.2,2024-11-05 13:38:00,0,ok,44,13.78,0.91,20.35,290.0,1.481,1184.3,0.11087,13.18,14.88,0.796,,,
AL1-20241105-1358,M2.7,M2.8,2024-11-05 14:19:00,0,ok,52,13.2,0.55,18.31,670.0,1.63,2717.2,0.10984,13.32,15.03,0.473,,,
AL1-20241105-1505,M4.0,M4.1,2024-11-05 15:25:00,0,ok,88,14.92,0.44,23.61,750.0,1.678,3973.2,0.1417,14.4,16.39,0.856,,,
AL1-20241105-1921,C6.8,,2024-11-05 19:48:00,0,no fittable bins,,,,,,,,,,,,,,
AL1-20241105-2229,C9.1,C9.5,2024-11-05 22:41:00,0,ok,24,17.35,1.44,19.3,150.0,1.931,925.0,0.09744,15.44,17.68,0.524,,,
AL1-20241107-0117,M2.6,M2.5,2024-11-07 01:26:00,0,ok,50,22.01,0.67,24.28,90.0,2.044,2347.9,0.22839,19.69,23.25,0.815,,,
AL1-20241107-0203,C7.1,C7.4,2024-11-07 02:09:00,0,no fittable bins,,,,,,,,,,,,,,
AL1-20241107-0353,M2.3,M2.4,2024-11-07 04:20:00,0,ok,77,15.93,0.61,20.2,710.0,2.048,2289.4,0.15073,14.93,17.04,0.682,,,
AL1-20241107-0720,M1.3,M1.3,2024-11-07 07:26:00,0,ok,35,19.74,1.06,21.68,110.0,1.568,1284.2,0.14847,17.34,20.11,0.873,,,
AL1-20241107-0735,M1.6,M1.6,2024-11-07 07:42:00,0,ok,23,16.86,1.15,24.39,170.0,1.788,1569.5,0.14715,15.38,17.57,0.75,,,
AL1-20241107-0746,M2.7,M2.7,2024-11-07 07:54:00,0,ok,33,16.68,0.89,26.95,330.0,1.271,2610.6,0.16247,15.16,17.34,0.855,,,
AL1-20241107-1113,C5.2,C5.6,2024-11-07 11:17:00,0,no fittable bins,,,,,,,,,,,,,,
AL1-20241107-1153,M1.4,M1.3,2024-11-07 12:01:00,0,ok,35,17.16,0.85,23.8,210.0,2.229,1343.3,0.15943,15.98,18.37,0.955,,,
AL1-20241107-1447,M2.2,M2.3,2024-11-07 15:06:00,0,ok,54,14.86,0.61,19.14,250.0,1.813,2208.0,0.12608,14.27,16.22,0.689,,,
AL1-20241107-1829,C5.5,,2024-11-07 18:44:00,0,no fittable bins,,,,,,,,,,,,,,
AL1-20241107-2127,C6.5,,2024-11-07 21:34:00,0,ok,4,18.8,1.84,18.8,10.0,2.118,628.5,nan,18.64,21.83,,,,
AL1-20241108-0016,C5.0,C5.3,2024-11-08 00:30:00,0,no fittable bins,,,,,,,,,,,,,,
AL1-20241108-0055,C5.5,,2024-11-08 01:05:00,0,no fittable bins,,,,,,,,,,,,,,
AL1-20241108-0215,C5.9,C6.1,2024-11-08 02:34:00,0,no fittable bins,,,,,,,,,,,,,,
AL1-20241108-0253,M1.4,M1.4,2024-11-08 03:00:00,0,ok,35,20.73,1.14,20.73,10.0,1.826,1288.2,0.14834,17.74,20.64,0.818,,,
AL1-20241108-0326,C5.2,C5.7,2024-11-08 03:34:00,0,no fittable bins,,,,,,,,,,,,,,
AL1-20241108-1026,C5.5,C5.7,2024-11-08 10:41:00,0,no fittable bins,,,,,,,,,,,,,,
AL1-20241108-1120,C5.2,C5.8,2024-11-08 11:24:00,0,no fittable bins,,,,,,,,,,,,,,
AL1-20241108-1848,C5.2,,2024-11-08 19:25:00,0,no fittable bins,,,,,,,,,,,,,,
AL1-20241108-2337,C7.1,C7.4,2024-11-09 00:08:00,0,no fittable bins,,,,,,,,,,,,,,
AL1-20241109-0227,C5.6,C6.0,2024-11-09 02:43:00,0,no fittable bins,,,,,,,,,,,,,,
AL1-20241109-0849,C5.5,C5.3,2024-11-09 08:58:00,0,no fittable bins,,,,,,,,,,,,,,
AL1-20241109-0934,C5.1,C5.4,2024-11-09 09:41:00,0,no fittable bins,,,,,,,,,,,,,,
AL1-20241109-1025,C7.0,C6.6,2024-11-09 10:35:00,0,ok,11,15.68,1.66,19.9,110.0,1.152,713.9,0.0811,13.5,15.27,,,,
AL1-20241109-1215,C7.7,C7.3,2024-11-09 12:19:00,0,ok,12,17.24,1.54,19.98,-130.0,2.747,720.5,0.10858,15.06,17.2,,,,
AL1-20241109-1926,C5.5,C5.3,2024-11-09 19:36:00,0,ok,1,15.9,1.83,15.9,10.0,1.72,587.4,0.06027,15.34,17.55,,,,
AL1-20241109-2044,M1.2,M1.2,2024-11-09 20:50:00,0,ok,12,18.23,0.9,24.82,110.0,2.639,1219.0,0.13505,17.29,20.06,,,,
AL1-20241110-0007,M4.1,M4.2,2024-11-10 00:15:00,0,ok,34,16.89,0.47,19.48,230.0,1.86,3944.6,0.1558,15.61,17.9,0.836,,,
AL1-20241110-1155,M9.0,M9.3,2024-11-10 12:06:00,0,ok,36,20.59,0.3,22.95,170.0,1.799,8415.6,0.24103,19.84,23.45,0.524,,,
AL1-20241110-1419,C5.5,C5.6,2024-11-10 14:38:00,0,no fittable bins,,,,,,,,,,,,,,
AL1-20241110-1551,C6.3,C6.6,2024-11-10 15:58:00,0,no fittable bins,,,,,,,,,,,,,,
AL1-20241110-2012,M4.8,M4.8,2024-11-10 20:21:00,0,ok,53,22.02,0.44,24.36,190.0,2.215,4500.7,0.25378,19.83,23.43,0.838,,,
AL1-20241110-2231,C8.3,C8.4,2024-11-10 22:53:00,0,ok,61,13.6,1.37,15.1,330.0,1.302,874.1,0.08141,12.25,13.74,0.439,,,
AL1-20241111-0358,C8.0,C7.9,2024-11-11 04:07:00,0,ok,18,13.97,1.17,19.81,170.0,2.141,789.6,0.10586,14.31,16.26,0.829,,,
AL1-20241111-0510,M1.1,M1.1,2024-11-11 05:24:00,0,ok,58,11.71,0.95,19.9,490.0,1.732,1101.8,0.10023,12.6,14.16,0.811,,,
AL1-20241111-0535,M1.3,M1.3,2024-11-11 05:43:00,0,ok,18,15.75,1.71,20.58,70.0,1.938,1289.3,0.09899,16.68,19.16,-0.143,,,
AL1-20241112-1248,C7.8,,2024-11-12 13:47:00,0,no fittable bins,,,,,,,,,,,,,,
AL1-20241113-0012,C9.9,M1.0,2024-11-13 00:22:00,0,ok,24,14.34,1.06,22.42,150.0,2.313,958.4,0.11556,13.68,15.49,0.833,,,
AL1-20241113-1257,C6.2,C5.6,2024-11-13 13:12:00,0,ok,5,11.76,1.39,14.04,50.0,1.991,609.6,0.09482,12.84,14.45,,,,
AL1-20241113-1656,M1.7,M1.7,2024-11-13 17:08:00,0,ok,33,19.43,0.83,21.26,170.0,2.116,1627.4,0.17075,17.45,20.26,0.827,,,
AL1-20241115-1208,M1.0,M1.0,2024-11-15 12:17:00,0,ok,29,16.21,1.14,19.23,210.0,1.656,978.2,0.12112,14.53,16.53,0.933,,,
AL1-20241116-0127,M1.4,M1.6,2024-11-16 01:37:00,0,ok,7,16.91,0.86,19.75,70.0,2.281,1407.0,0.09339,15.19,17.37,,,,
AL1-20241118-0201,C5.2,C4.5,2024-11-18 02:07:00,0,ok,3,17.63,1.93,20.35,-50.0,2.184,439.1,0.1308,,,,,,
AL1-20241118-0512,M1.1,M1.0,2024-11-18 05:22:00,0,ok,22,20.77,1.16,21.37,190.0,1.734,1067.0,0.17008,17.62,20.49,0.214,,,
AL1-20241118-0725,M1.8,M1.7,2024-11-18 07:32:00,0,ok,17,22.8,0.89,22.8,10.0,2.02,1458.0,0.20339,20.89,24.89,,,,
AL1-20241118-1041,M2.6,M2.5,2024-11-18 10:58:00,0,ok,14,20.57,0.65,21.47,30.0,1.958,2131.7,0.1963,18.85,22.11,,,,
AL1-20241118-1106,M1.6,M1.6,2024-11-18 11:12:00,0,ok,59,16.27,1.33,23.24,-490.0,1.832,1556.0,0.12404,16.34,18.77,0.519,,,
AL1-20241118-1247,M3.5,M3.6,2024-11-18 12:53:00,0,ok,17,18.77,0.49,22.35,50.0,1.82,3401.3,0.16933,17.17,19.9,,,,
AL1-20241118-1701,C6.0,C5.5,2024-11-18 17:06:00,0,ok,5,17.47,1.72,17.68,50.0,2.19,537.4,0.11278,16.75,19.37,,,,
AL1-20241118-1743,M1.9,M1.8,2024-11-18 17:49:00,0,ok,20,17.6,0.68,20.71,90.0,1.692,1802.2,0.17273,15.2,17.38,1.0,,,
AL1-20241118-1759,C6.3,C6.5,2024-11-18 18:04:00,0,no fittable bins,,,,,,,,,,,,,,
AL1-20241118-1847,M1.8,M2.0,2024-11-18 19:14:00,0,ok,120,14.48,0.73,19.28,1170.0,1.429,1826.4,0.12226,12.08,13.53,0.848,,,
AL1-20241118-2041,C6.5,C6.8,2024-11-18 20:45:00,0,no fittable bins,,,,,,,,,,,,,,
AL1-20241118-2047,M1.1,,2024-11-18 20:51:00,0,ok,7,16.25,1.21,23.36,70.0,1.931,1054.2,0.09939,15.13,17.27,,,,
AL1-20241118-2355,M1.1,M1.1,2024-11-19 00:00:00,0,ok,6,16.68,1.0,19.36,90.0,1.721,1060.1,0.14221,,,,,,
AL1-20241119-1724,C8.6,C8.9,2024-11-19 17:28:00,0,ok,5,20.52,2.16,20.52,10.0,1.452,838.9,0.09506,18.41,21.47,,,,
AL1-20241119-1830,C7.9,C7.8,2024-11-19 18:34:00,0,ok,5,17.36,1.23,18.44,30.0,1.477,749.6,0.10889,15.52,17.78,,,,
AL1-20241119-2113,C7.3,C7.0,2024-11-19 21:27:00,0,ok,28,14.98,1.35,21.35,210.0,2.473,660.3,0.12214,14.11,16.02,0.883,,,
AL1-20241120-1911,M1.1,M1.1,2024-11-20 19:48:00,0,ok,127,13.52,1.03,17.35,-610.0,1.283,1144.3,0.09692,11.04,12.28,0.14,,,
AL1-20241121-1752,C5.8,C5.9,2024-11-21 18:07:00,0,no fittable bins,,,,,,,,,,,,,,
AL1-20241122-0321,C8.3,C8.9,2024-11-22 03:44:00,0,ok,47,13.85,1.29,18.92,430.0,1.787,764.8,0.09833,12.01,13.45,0.515,,,
AL1-20241122-1541,M1.6,,2024-11-22 15:46:00,0,ok,17,20.77,0.94,21.82,50.0,1.418,1317.0,nan,18.66,21.86,,,,
AL1-20241122-1814,C5.1,,2024-11-22 18:26:00,0,ok,2,17.38,1.95,17.38,-10.0,1.124,488.6,nan,,,,,,
AL1-20241122-2143,M1.0,M1.0,2024-11-22 22:11:00,0,ok,50,11.4,1.32,16.73,410.0,0.709,1045.2,0.08574,8.85,9.7,0.181,,,
AL1-20241123-0309,C6.7,C7.0,2024-11-23 03:20:00,0,ok,8,13.59,1.56,14.21,-30.0,1.16,653.0,0.08109,13.22,14.92,,,,
AL1-20241123-1557,M1.0,M1.1,2024-11-23 16:06:00,0,ok,23,12.16,1.1,20.33,170.0,2.531,998.0,0.08965,12.16,13.62,0.738,,,
AL1-20241123-1743,M1.0,M1.1,2024-11-23 18:10:00,0,ok,60,13.43,1.07,18.58,550.0,1.655,1024.5,0.09611,12.11,13.57,0.827,,,
AL1-20241123-2250,C5.5,C5.5,2024-11-23 22:58:00,0,ok,4,15.03,1.56,18.15,30.0,2.228,529.6,0.09255,14.84,16.92,,,,
AL1-20241123-2304,C5.1,C5.3,2024-11-23 23:10:00,0,no fittable bins,,,,,,,,,,,,,,
AL1-20241124-0041,C5.3,C5.4,2024-11-24 00:52:00,0,no fittable bins,,,,,,,,,,,,,,
AL1-20241124-0103,C7.4,C7.6,2024-11-24 01:08:00,0,ok,6,15.24,1.51,20.25,-70.0,2.247,730.8,0.10154,14.61,16.62,,,,
AL1-20241124-0330,C5.2,C5.6,2024-11-24 03:36:00,0,no fittable bins,,,,,,,,,,,,,,
AL1-20241124-0626,C5.2,C5.6,2024-11-24 06:33:00,0,no fittable bins,,,,,,,,,,,,,,
AL1-20241124-0738,C5.2,C5.5,2024-11-24 07:53:00,0,no fittable bins,,,,,,,,,,,,,,
AL1-20241124-1304,C5.1,C5.6,2024-11-24 13:12:00,0,no fittable bins,,,,,,,,,,,,,,
AL1-20241124-1622,C6.1,C6.6,2024-11-24 16:30:00,0,ok,5,17.19,2.03,23.33,90.0,1.826,601.1,0.08517,,,,,,
AL1-20241124-2012,M1.1,M1.0,2024-11-24 20:22:00,0,ok,30,15.63,0.97,22.02,190.0,1.578,984.1,0.13759,15.63,17.92,0.881,,,
AL1-20241125-0016,C8.7,C8.3,2024-11-25 00:29:00,0,ok,29,17.73,1.31,25.19,230.0,2.07,811.7,0.13726,14.23,16.17,0.842,,,
AL1-20241125-0138,M1.0,M1.1,2024-11-25 01:58:00,0,ok,43,12.05,0.97,22.31,430.0,2.179,991.6,0.09423,11.28,12.57,0.818,,,
AL1-20241125-0322,C7.4,C7.6,2024-11-25 03:34:00,0,ok,23,15.36,1.42,21.66,230.0,1.585,690.8,0.10146,14.43,16.41,0.667,,,
AL1-20241125-0439,M1.7,M1.7,2024-11-25 04:53:00,0,ok,35,16.99,0.75,20.43,110.0,2.136,1557.0,0.15563,15.96,18.35,0.818,,,
AL1-20241125-1545,C5.6,C5.7,2024-11-25 15:59:00,0,no fittable bins,,,,,,,,,,,,,,
AL1-20241125-1615,C9.6,M1.0,2024-11-25 16:35:00,0,ok,50,12.05,1.37,18.99,370.0,1.294,984.8,0.088,12.11,13.55,0.512,,,
AL1-20241125-1658,M1.4,M1.5,2024-11-25 17:07:00,0,ok,33,15.87,1.28,19.17,50.0,1.919,1446.3,0.09914,16.19,18.58,0.473,,,
AL1-20241125-2023,M1.7,M1.9,2024-11-25 20:54:00,0,ok,106,12.89,0.81,17.34,830.0,1.434,1781.4,0.08619,12.49,14.03,0.442,,,
AL1-20241126-0000,C7.1,C7.3,2024-11-26 00:08:00,0,no pre-flare background,,,,,,,,,,,,,,
AL1-20241126-0011,C8.9,C9.4,2024-11-26 00:22:00,0,ok,6,13.46,1.81,20.95,130.0,1.835,893.0,0.10306,14.55,16.45,,,,
AL1-20241127-1001,C9.3,C9.4,2024-11-27 10:19:00,0,ok,27,16.17,1.35,17.7,150.0,1.756,928.5,0.10159,13.85,15.69,0.633,,,
AL1-20241127-1127,C7.7,C7.8,2024-11-27 11:44:00,0,ok,29,14.55,1.54,20.6,270.0,2.441,768.7,0.09986,13.41,15.14,0.367,,,
AL1-20241127-1756,C5.9,C6.0,2024-11-27 18:11:00,0,no fittable bins,,,,,,,,,,,,,,
AL1-20241128-0422,C5.5,,2024-11-28 04:53:00,0,no fittable bins,,,,,,,,,,,,,,
AL1-20241129-2022,C5.5,C5.4,2024-11-29 20:29:00,0,ok,4,15.68,1.81,17.49,-30.0,2.645,549.2,0.10017,16.17,18.59,,,,
AL1-20241203-0535,C6.7,C6.0,2024-12-03 05:44:00,0,ok,8,19.02,1.86,23.6,30.0,2.609,608.4,0.11526,16.18,18.62,,,,
AL1-20241203-2233,C5.7,C5.4,2024-12-03 22:47:00,0,ok,10,16.88,1.89,19.84,110.0,1.676,522.6,0.10418,14.93,17.05,,,,
AL1-20241204-0320,C5.8,C5.6,2024-12-04 03:29:00,0,no fittable bins,,,,,,,,,,,,,,
AL1-20241204-2030,M1.3,M1.3,2024-12-04 20:46:00,0,ok,51,13.78,0.88,21.96,350.0,1.522,1337.2,0.10551,13.2,14.89,0.863,,,
AL1-20241204-2057,M1.4,M1.4,2024-12-04 21:05:00,0,ok,24,15.56,1.44,19.86,190.0,1.82,1396.0,0.1036,12.36,13.83,0.048,,,
AL1-20241205-0007,C5.3,C5.3,2024-12-05 00:14:00,0,ok,4,17.12,1.93,23.01,30.0,2.365,486.8,0.10513,15.28,17.48,,,,
AL1-20241205-2107,C6.4,,2024-12-05 21:14:00,0,ok,6,14.83,1.6,17.3,30.0,2.533,590.5,nan,13.72,15.55,,,,
AL1-20241206-2242,C6.9,C6.7,2024-12-06 22:56:00,0,ok,7,15.05,1.5,18.12,-10.0,2.318,619.2,0.10439,14.46,16.45,,,,
AL1-20241207-2153,M3.3,M3.2,2024-12-07 22:14:00,0,ok,60,18.79,0.51,20.04,130.0,1.488,2961.6,0.19666,17.04,19.73,0.835,,,
AL1-20241208-0106,C5.8,C5.5,2024-12-08 01:17:00,0,ok,17,10.53,1.12,21.68,230.0,2.659,527.4,0.11221,11.04,12.29,0.829,,,
AL1-20241210-0312,C9.9,C9.6,2024-12-10 03:27:00,0,ok,34,15.66,1.08,21.59,110.0,2.411,954.8,0.13369,13.99,15.86,0.783,,,
AL1-20241210-1613,C5.4,C5.0,2024-12-10 16:20:00,0,no fittable bins,,,,,,,,,,,,,,
AL1-20241210-1754,M1.6,M1.6,2024-12-10 17:58:00,0,ok,17,15.08,0.77,20.85,70.0,2.658,1398.2,0.14465,14.22,16.15,,,,
AL1-20241210-2047,C5.9,C5.8,2024-12-10 20:53:00,0,ok,8,14.69,1.61,19.12,90.0,2.436,512.8,0.09637,15.6,17.89,,,,
AL1-20241210-2210,C9.1,C8.3,2024-12-10 22:21:00,0,ok,30,12.93,1.01,22.88,270.0,2.311,881.4,0.12316,14.49,16.49,0.77,,,
AL1-20241211-0320,C6.7,C6.8,2024-12-11 03:26:00,0,ok,4,15.86,1.5,20.32,-10.0,2.012,528.1,0.10945,15.46,17.71,,,,
AL1-20241211-0555,M1.9,M1.9,2024-12-11 06:04:00,0,ok,18,17.12,0.76,20.94,110.0,2.023,1779.7,0.13077,14.16,16.08,0.829,,,
AL1-20241213-0332,C9.2,C9.1,2024-12-13 03:41:00,0,ok,14,14.87,1.32,16.23,-70.0,1.466,851.4,0.11716,16.15,18.59,,,,
AL1-20241213-1107,M2.3,M2.0,2024-12-13 11:24:00,0,ok,24,20.43,0.63,28.89,150.0,2.454,2022.6,0.2414,18.27,21.35,0.976,,,
AL1-20241213-1416,M1.1,M1.0,2024-12-13 14:24:00,0,ok,18,18.92,1.28,18.92,10.0,2.381,894.1,0.14413,17.84,20.79,0.886,,,
AL1-20241213-1631,C6.0,C5.1,2024-12-13 16:38:00,0,ok,7,14.9,1.43,18.68,30.0,2.404,496.8,0.1356,16.61,19.18,,,,
AL1-20241213-1713,M1.1,C9.8,2024-12-13 17:20:00,0,ok,23,20.11,1.21,24.53,90.0,2.032,899.2,0.18728,18.52,21.65,0.667,,,
AL1-20241213-2041,C5.0,C4.7,2024-12-13 20:50:00,0,no fittable bins,,,,,,,,,,,,,,
AL1-20241214-1713,C6.1,C5.9,2024-12-14 17:29:00,0,no fittable bins,,,,,,,,,,,,,,
AL1-20241215-0928,C7.6,C7.2,2024-12-15 09:39:00,0,ok,23,17.72,1.59,19.85,110.0,1.51,707.4,0.11233,15.38,17.61,0.783,,,
AL1-20241215-1103,C9.0,,2024-12-15 11:07:00,0,ok,9,18.32,1.38,23.27,70.0,2.296,803.8,0.14552,16.57,19.11,,,,
AL1-20241215-2007,M2.9,M3.0,2024-12-15 20:24:00,0,ok,11,19.8,0.52,22.6,90.0,2.798,2984.7,0.17857,18.48,21.63,,,,
AL1-20241215-2050,C7.5,C7.5,2024-12-15 21:00:00,0,ok,16,15.31,1.81,21.37,310.0,1.029,728.5,0.08775,,,,,,
AL1-20241219-0915,C5.2,C5.0,2024-12-19 09:19:00,0,no fittable bins,,,,,,,,,,,,,,
AL1-20241219-1021,M1.6,M1.6,2024-12-19 10:37:00,0,ok,73,14.5,0.74,24.53,410.0,1.888,1558.5,0.13103,13.67,15.48,0.896,,,
AL1-20241219-1346,C7.8,C7.1,2024-12-19 13:52:00,0,ok,17,12.05,1.07,20.25,70.0,2.601,774.7,0.10836,11.89,13.31,-0.143,,,
AL1-20241219-1424,C7.7,C7.6,2024-12-19 14:31:00,0,ok,15,15.99,1.54,23.55,90.0,3.047,749.6,0.10806,15.04,17.17,,,,
AL1-20241219-1503,C6.3,C5.9,2024-12-19 15:07:00,0,ok,5,14.72,1.41,16.55,30.0,3.015,612.3,0.10087,14.85,16.94,,,,
AL1-20241219-1528,M3.9,M3.7,2024-12-19 15:34:00,0,ok,20,22.24,0.63,23.9,-10.0,2.411,2577.9,0.25505,21.95,26.36,0.771,,,
AL1-20241219-1704,C5.9,C5.9,2024-12-19 17:16:00,0,no fittable bins,,,,,,,,,,,,,,
AL1-20241219-1748,C7.5,C7.2,2024-12-19 18:10:00,0,ok,29,11.9,1.26,18.65,570.0,1.619,753.4,0.08292,11.69,13.06,0.817,,,
AL1-20241220-0720,M2.1,M2.1,2024-12-20 07:26:00,0,ok,29,18.52,0.68,22.84,150.0,2.482,1978.0,0.17419,16.75,19.36,1.0,,,
AL1-20241220-0855,C9.8,C9.3,2024-12-20 09:01:00,0,ok,16,17.89,1.14,22.73,70.0,2.204,928.0,0.1407,16.62,19.18,,,,
AL1-20241220-1003,C9.9,C9.3,2024-12-20 10:11:00,0,ok,15,21.02,1.47,21.02,10.0,1.628,872.9,0.13857,18.9,22.18,,,,
AL1-20241220-1114,M2.9,M2.4,2024-12-20 11:18:00,0,ok,8,22.78,1.5,22.78,10.0,2.475,891.6,0.23118,20.85,24.83,,,,
AL1-20241221-2030,C8.4,C8.3,2024-12-21 20:36:00,0,ok,18,17.5,1.39,21.93,110.0,1.784,786.9,0.12128,14.54,16.54,0.314,,,
AL1-20241221-2159,C6.7,C6.7,2024-12-21 22:08:00,0,ok,6,16.34,1.85,16.34,10.0,1.992,627.2,0.0941,14.94,17.05,,,,
AL1-20241221-2301,C9.3,C9.5,2024-12-21 23:05:00,0,ok,6,18.99,1.93,18.99,10.0,1.748,592.4,0.09821,16.34,18.83,,,,
AL1-20241224-0014,M4.6,M4.7,2024-12-24 00:19:00,0,ok,16,20.66,0.47,22.92,90.0,2.31,4233.9,0.18668,18.38,21.49,,,,
AL1-20241224-0143,C9.2,,2024-12-24 02:07:00,0,ok,63,14.17,1.24,19.85,690.0,1.639,902.9,0.09787,13.35,15.06,0.785,,,
AL1-20241224-0837,M4.0,M4.1,2024-12-24 08:41:00,0,ok,17,21.24,0.5,22.91,50.0,2.49,3549.8,0.20696,19.3,22.72,,,,
AL1-20241224-0934,C8.9,C8.9,2024-12-24 09:40:00,0,ok,26,15.25,1.16,21.84,110.0,2.389,830.3,0.11341,13.42,15.16,0.6,,,
AL1-20241224-1125,C6.3,,2024-12-24 11:53:00,0,no fittable bins,,,,,,,,,,,,,,
AL1-20241224-1310,C5.5,C5.8,2024-12-24 13:15:00,0,no fittable bins,,,,,,,,,,,,,,
AL1-20241224-1402,M1.1,M1.1,2024-12-24 14:09:00,0,ok,14,18.67,1.56,21.52,70.0,1.175,1053.5,0.10118,14.53,16.52,,,,
AL1-20241224-1507,C8.2,C8.4,2024-12-24 15:23:00,0,ok,27,10.5,1.2,19.6,630.0,1.497,839.2,0.07361,,,0.833,,,
AL1-20241224-1624,M1.2,M1.3,2024-12-24 16:34:00,0,ok,18,17.11,1.27,19.14,110.0,2.036,1238.5,0.09931,14.16,16.07,0.314,,,
AL1-20241224-1819,M1.1,M1.0,2024-12-24 18:24:00,0,ok,16,19.9,1.49,19.9,10.0,2.177,800.1,0.11657,17.32,20.1,0.943,,,
AL1-20241224-1930,C5.5,C5.8,2024-12-24 19:39:00,0,no fittable bins,,,,,,,,,,,,,,
AL1-20241224-1947,C5.8,C6.6,2024-12-24 19:54:00,0,no fittable bins,,,,,,,,,,,,,,
AL1-20241224-2009,C9.6,M1.0,2024-12-24 20:27:00,0,ok,34,12.23,1.17,17.08,290.0,0.971,965.1,0.08408,11.34,12.63,0.673,,,
AL1-20241224-2223,M1.1,M1.2,2024-12-24 22:33:00,0,ok,35,17.56,1.0,19.44,150.0,1.975,1111.2,0.1351,15.33,17.54,0.655,,,
AL1-20241224-2315,C6.0,,2024-12-24 23:44:00,0,no fittable bins,,,,,,,,,,,,,,
AL1-20241225-0413,M2.7,M2.8,2024-12-25 04:29:00,0,ok,43,18.83,0.62,20.64,390.0,2.128,2515.8,0.16554,17.36,20.15,0.701,,,
AL1-20241228-0352,C6.9,C7.6,2024-12-28 04:04:00,0,ok,3,15.35,1.79,17.23,50.0,1.014,715.5,0.074,,,,,,
AL1-20241228-0444,C8.0,,2024-12-28 05:05:00,0,no fittable bins,,,,,,,,,,,,,,
AL1-20241228-0712,C5.7,C6.2,2024-12-28 07:16:00,0,no fittable bins,,,,,,,,,,,,,,
AL1-20241228-0803,C7.8,C7.9,2024-12-28 08:08:00,0,ok,8,15.31,1.27,19.53,50.0,2.035,764.5,0.09464,14.68,16.73,,,,
AL1-20241228-1104,C7.2,C7.1,2024-12-28 11:08:00,0,ok,3,19.77,2.24,19.77,10.0,1.153,681.4,0.09096,17.38,20.14,,,,
AL1-20241228-1112,M4.2,M4.5,2024-12-28 11:21:00,0,ok,43,18.99,0.46,22.97,310.0,1.922,4058.2,0.1787,17.43,20.24,0.556,,,
AL1-20241228-1514,M1.3,M1.3,2024-12-28 15:18:00,0,ok,17,18.91,0.99,21.02,90.0,2.66,1287.0,0.13464,17.4,20.21,,,,
AL1-20241228-2206,M1.2,M1.2,2024-12-28 22:14:00,0,ok,26,17.39,1.36,19.31,110.0,1.803,1200.3,0.09027,15.46,17.7,0.762,,,
AL1-20241229-0222,C9.2,M1.0,2024-12-29 02:35:00,0,ok,5,16.26,1.65,16.26,10.0,0.898,968.7,0.06351,15.1,17.24,,,,
AL1-20241229-0238,M1.2,M1.3,2024-12-29 02:45:00,0,ok,9,17.25,1.92,22.08,-10.0,1.091,1162.3,0.09742,15.91,18.21,,,,
AL1-20241229-0325,M1.2,M1.3,2024-12-29 03:30:00,0,ok,17,18.4,1.7,24.88,50.0,1.265,1260.3,0.09505,15.98,18.31,0.2,,,
AL1-20241229-0355,M1.1,M1.2,2024-12-29 04:05:00,0,ok,16,14.38,1.55,17.87,210.0,0.744,1151.3,0.07569,13.13,14.79,,,,
AL1-20241229-0421,M1.7,M2.0,2024-12-29 04:30:00,0,ok,59,14.53,0.98,22.11,350.0,1.495,1805.2,0.09413,13.45,15.21,0.811,,,
AL1-20241229-0514,M2.9,M3.1,2024-12-29 05:26:00,0,ok,40,14.67,0.6,29.27,550.0,1.627,2887.6,0.11141,14.33,16.28,0.945,,,
AL1-20241229-0540,M3.5,M3.5,2024-12-29 05:46:00,0,ok,34,20.88,0.7,21.73,110.0,1.363,2591.3,0.19744,18.84,22.08,0.409,,,
AL1-20241229-0646,M3.0,M3.0,2024-12-29 06:58:00,0,ok,51,22.05,0.74,24.28,50.0,1.755,2793.3,0.17887,20.76,24.68,0.203,,,
AL1-20241229-0708,X1.1,X1.1,2024-12-29 07:18:00,0,ok,63,21.64,0.29,33.1,450.0,1.072,10090.1,0.25759,19.29,22.69,0.283,,,
AL1-20241229-1029,M2.4,M2.6,2024-12-29 10:39:00,0,ok,57,17.97,0.91,20.65,390.0,2.204,2465.4,0.1037,16.75,19.32,0.751,,,
AL1-20241229-1215,M1.7,M1.6,2024-12-29 12:24:00,0,ok,16,23.57,0.94,23.57,10.0,1.649,1563.5,0.16152,19.82,23.43,,,,
AL1-20241229-1238,C8.3,,2024-12-29 12:48:00,0,ok,3,19.45,2.04,19.45,-10.0,1.206,904.8,0.06415,,,,,,
AL1-20241229-1250,M1.2,M1.3,2024-12-29 12:55:00,0,ok,10,16.8,1.99,20.52,-10.0,1.003,1116.9,0.10549,17.24,19.92,,,,
AL1-20241229-1407,M1.1,,2024-12-29 14:33:00,0,ok,58,14.41,1.44,17.55,590.0,0.733,1133.6,0.07309,13.83,15.66,0.523,,,
AL1-20241229-1504,M7.1,M7.1,2024-12-29 15:09:00,0,ok,43,23.53,0.38,28.3,190.0,1.765,6345.9,0.28275,21.71,26.03,0.833,,,
AL1-20241229-1657,M3.2,M3.3,2024-12-29 17:07:00,0,ok,45,19.8,0.53,23.31,210.0,2.177,2996.7,0.20443,18.13,21.16,0.65,,,
AL1-20241229-1827,M3.1,M3.3,2024-12-29 18:41:00,0,ok,41,18.8,0.63,25.62,570.0,1.595,2967.2,0.15562,16.91,19.55,0.291,,,
AL1-20241229-1959,C8.2,C8.8,2024-12-29 20:03:00,0,ok,4,13.27,1.45,18.36,-110.0,1.638,827.4,0.07611,14.27,16.2,,,,
AL1-20241229-2032,M1.0,M1.0,2024-12-29 20:39:00,0,ok,18,17.21,1.14,19.07,70.0,2.157,1030.5,0.11465,17.5,20.34,0.893,,,
AL1-20241229-2144,M1.7,M1.8,2024-12-29 22:06:00,0,ok,57,13.73,0.76,23.6,1010.0,1.828,1659.7,0.11217,13.89,15.74,0.393,,,
AL1-20241229-2248,C7.6,,2024-12-29 22:57:00,0,no fittable bins,,,,,,,,,,,,,,
AL1-20241229-2323,M1.8,M1.9,2024-12-29 23:30:00,0,ok,19,18.05,0.81,22.14,130.0,1.565,1835.8,0.13106,17.24,19.99,0.943,,,
AL1-20241230-0036,M1.6,M1.7,2024-12-30 00:47:00,0,ok,45,17.67,0.83,21.52,310.0,1.531,1550.8,0.14809,17.72,20.62,0.814,,,
AL1-20241230-0249,M1.6,M1.7,2024-12-30 03:00:00,0,ok,29,16.42,0.87,19.78,190.0,1.754,1622.5,0.1222,16.13,18.56,0.733,,,
AL1-20241230-0400,X1.5,X1.5,2024-12-30 04:14:00,0,ok,84,22.8,0.23,26.92,170.0,1.182,13210.5,0.29266,20.3,24.08,0.877,,,
AL1-20241230-0613,M3.3,M3.5,2024-12-30 06:24:00,0,ok,65,17.73,0.55,19.72,170.0,1.621,3110.3,0.1595,16.15,18.58,0.606,,,
AL1-20241230-0833,M1.6,M1.7,2024-12-30 08:50:00,0,ok,51,16.59,0.89,23.91,770.0,1.809,1609.7,0.11496,14.88,16.97,0.436,,,
AL1-20241230-0955,M1.6,M1.7,2024-12-30 10:10:00,0,ok,27,18.26,0.91,19.86,90.0,1.591,1556.7,0.12542,15.82,18.17,0.833,,,
AL1-20241230-1352,C5.7,C6.0,2024-12-30 14:00:00,0,no fittable bins,,,,,,,,,,,,,,
AL1-20241230-1435,M3.6,M3.5,2024-12-30 14:46:00,0,ok,33,19.31,0.47,24.79,110.0,1.685,3368.2,0.21066,18.31,21.39,0.709,,,
AL1-20241230-1648,M5.3,M5.0,2024-12-30 16:54:00,0,ok,12,26.01,0.88,26.01,10.0,1.923,1841.0,0.28532,24.46,29.97,,,,
AL1-20241230-1712,M1.1,M1.2,2024-12-30 17:30:00,0,ok,27,14.76,1.06,20.1,90.0,1.505,1125.4,0.09901,13.33,15.05,0.433,,,
AL1-20241230-1736,M1.6,M1.6,2024-12-30 17:42:00,0,ok,22,17.27,1.02,26.11,170.0,2.576,1601.3,0.13828,18.0,20.93,0.571,,,
AL1-20241230-1812,M1.7,M1.7,2024-12-30 18:32:00,0,ok,61,16.38,0.82,22.36,650.0,1.424,1627.2,0.13748,16.04,18.44,0.532,,,
AL1-20241230-2021,C5.1,C5.5,2024-12-30 20:28:00,0,no fittable bins,,,,,,,,,,,,,,
AL1-20241230-2125,C6.7,C6.5,2024-12-30 21:33:00,0,ok,3,21.08,1.47,21.08,-30.0,2.205,770.2,0.10168,,,,,,
AL1-20241230-2147,C7.0,C7.6,2024-12-30 22:25:00,0,no fittable bins,,,,,,,,,,,,,,
AL1-20241230-2234,C8.8,C9.9,2024-12-30 22:41:00,0,ok,10,14.89,1.61,23.34,110.0,1.88,907.4,0.07259,13.67,15.45,,,,
AL1-20241231-0004,C6.9,C7.2,2024-12-31 00:15:00,0,ok,5,15.33,1.66,15.33,10.0,1.255,708.0,0.07753,13.42,15.17,,,,
AL1-20241231-0455,C9.2,M1.0,2024-12-31 05:00:00,0,ok,10,16.05,1.35,22.23,50.0,2.419,926.4,0.08817,13.28,14.98,,,,
AL1-20241231-0858,C6.8,C7.5,2024-12-31 09:24:00,0,no fittable bins,,,,,,,,,,,,,,
AL1-20241231-1614,C5.3,C5.7,2024-12-31 16:31:00,0,no fittable bins,,,,,,,,,,,,,,
AL1-20241231-2108,C6.5,,2024-12-31 21:21:00,0,ok,1,13.39,1.47,13.39,-50.0,2.009,683.9,0.07905,,,,,,
AL1-20241231-2122,M1.8,M2.0,2024-12-31 21:50:00,0,ok,87,11.61,0.89,18.17,1030.0,1.256,1932.5,0.09279,10.73,11.92,0.803,,,
AL1-20241231-2202,M2.6,M2.7,2024-12-31 22:15:00,0,ok,73,13.87,0.94,21.72,330.0,2.01,2650.8,0.10466,13.67,15.44,0.669,,,
AL1-20241231-2246,M2.5,M2.9,2024-12-31 22:50:00,0,ok,20,18.46,0.78,24.78,150.0,2.172,2631.9,0.1079,15.97,18.34,0.829,,,
AL1-20250101-0338,C7.8,C8.1,2025-01-01 03:50:00,0,ok,14,17.82,1.9,17.82,10.0,0.628,821.0,0.08012,17.2,19.92,,,,
AL1-20250101-0434,M1.1,M1.1,2025-01-01 04:44:00,0,ok,43,15.17,1.09,22.62,250.0,2.265,1045.8,0.11024,14.24,16.17,0.857,,,
AL1-20250101-1007,C6.6,C7.0,2025-01-01 10:20:00,0,no fittable bins,,,,,,,,,,,,,,
AL1-20250101-1148,C5.6,C5.8,2025-01-01 11:54:00,0,no fittable bins,,,,,,,,,,,,,,
AL1-20250101-1324,C5.1,C5.6,2025-01-01 13:34:00,0,no fittable bins,,,,,,,,,,,,,,
AL1-20250101-1511,C9.8,M1.0,2025-01-01 15:24:00,0,ok,28,18.09,1.43,18.09,10.0,1.648,1001.5,0.10091,14.57,16.58,0.667,,,
AL1-20250101-1722,C5.9,,2025-01-01 17:58:00,0,no fittable bins,,,,,,,,,,,,,,
AL1-20250101-1804,M1.2,M1.2,2025-01-01 18:16:00,0,ok,37,18.89,1.29,24.96,270.0,1.764,1156.8,0.12011,18.22,21.25,0.813,,,
AL1-20250101-1936,C7.4,C7.9,2025-01-01 19:48:00,0,ok,10,11.67,1.35,18.99,210.0,3.096,759.6,0.07564,12.34,13.85,,,,
AL1-20250101-2132,M1.1,M1.1,2025-01-01 21:41:00,0,ok,9,17.28,1.45,21.01,50.0,2.1,1077.5,0.09639,15.51,17.73,,,,
AL1-20250101-2220,C7.3,C7.6,2025-01-01 22:39:00,0,ok,1,15.23,1.79,15.23,730.0,0.592,663.5,0.06652,,,,,,
AL1-20250102-0608,C7.2,C7.5,2025-01-02 06:18:00,0,ok,14,15.32,1.53,18.39,110.0,1.143,713.9,0.08763,15.14,17.31,,,,
AL1-20250102-1207,C6.5,C6.4,2025-01-02 12:19:00,0,ok,8,13.73,1.45,18.04,30.0,2.444,668.5,0.08536,12.11,13.57,,,,
AL1-20250102-1709,M1.1,M1.1,2025-01-02 17:39:00,0,ok,28,16.89,1.44,16.95,-10.0,1.252,1030.0,0.08637,16.11,18.53,0.433,,,
AL1-20250103-1128,X1.1,X1.2,2025-01-03 11:39:00,0,ok,45,21.13,0.25,27.39,290.0,1.439,10282.1,0.27826,19.56,23.07,0.8,,,
AL1-20250103-2018,C9.7,C9.7,2025-01-03 20:39:00,0,ok,64,16.08,1.11,19.35,130.0,1.42,937.2,0.12683,14.74,16.8,0.694,,,
AL1-20250103-2149,M2.3,M2.3,2025-01-03 22:11:00,0,ok,66,16.08,0.62,22.44,310.0,1.506,2118.2,0.16709,15.01,17.14,0.923,,,
AL1-20250103-2236,X1.1,X1.1,2025-01-03 22:41:00,0,ok,35,20.6,0.27,23.64,150.0,1.537,9582.0,0.24366,18.49,21.63,0.936,,,
AL1-20250103-2314,M1.8,M1.9,2025-01-03 23:24:00,0,ok,45,15.37,0.97,23.62,390.0,1.227,1765.5,0.13465,15.92,18.23,0.714,,,
AL1-20250103-2350,M5.6,M5.8,2025-01-03 23:56:00,0,ok,25,20.74,0.41,28.28,230.0,2.035,5266.6,0.22068,18.89,22.16,0.619,,,
AL1-20250104-0346,C5.6,C5.9,2025-01-04 03:52:00,0,no fittable bins,,,,,,,,,,,,,,
AL1-20250104-0500,M7.8,M7.6,2025-01-04 05:17:00,0,ok,54,21.26,0.32,25.09,170.0,1.384,6623.1,0.26857,19.61,23.14,0.759,,,
AL1-20250104-0828,C8.7,C8.6,2025-01-04 08:49:00,0,ok,49,15.31,1.27,19.71,390.0,0.958,828.8,0.1143,12.23,13.72,0.829,,,
AL1-20250104-1118,C7.0,C7.1,2025-01-04 11:32:00,0,ok,7,13.93,1.51,15.21,-30.0,1.314,672.6,0.08785,13.65,15.45,,,,
AL1-20250104-1235,X1.7,X1.8,2025-01-04 12:47:00,0,ok,40,23.26,0.22,25.24,130.0,1.351,14547.3,0.30341,20.93,24.94,0.956,,,
AL1-20250104-1416,C8.3,,2025-01-04 15:08:00,0,ok,1,12.05,1.41,12.05,730.0,1.012,854.9,0.05956,,,,,,
AL1-20250104-1836,C7.0,,2025-01-04 19:11:00,0,no fittable bins,,,,,,,,,,,,,,
AL1-20250104-2135,C5.2,C5.8,2025-01-04 21:42:00,0,no fittable bins,,,,,,,,,,,,,,
AL1-20250104-2302,M2.1,M2.1,2025-01-04 23:25:00,0,ok,54,17.85,0.69,19.63,410.0,2.023,1951.5,0.17234,16.73,19.33,0.752,,,
AL1-20250105-0211,M1.6,,2025-01-05 02:26:00,0,ok,20,20.3,0.89,22.39,190.0,1.744,1427.0,0.16779,17.88,20.83,0.464,,,
AL1-20250105-0228,M4.0,M4.1,2025-01-05 02:38:00,0,ok,49,18.06,0.64,27.3,390.0,1.777,3670.9,0.20794,17.19,19.95,0.929,,,
AL1-20250105-0648,C7.8,C7.2,2025-01-05 06:58:00,0,ok,5,19.14,2.03,20.97,-10.0,1.528,519.8,0.1315,20.39,24.21,,,,
AL1-20250105-0704,M2.1,M2.1,2025-01-05 07:18:00,0,ok,82,17.38,0.73,21.97,270.0,1.933,1967.5,0.18039,16.5,19.03,0.918,,,
AL1-20250105-0908,M4.0,M4.1,2025-01-05 09:35:00,0,ok,86,17.39,0.44,19.52,330.0,1.962,3790.4,0.19462,16.3,18.78,0.851,,,
AL1-20250105-1518,M2.4,M2.4,2025-01-05 15:37:00,0,ok,32,15.87,0.59,19.97,210.0,1.728,2248.3,0.15056,14.61,16.64,0.964,,,
AL1-20250106-0143,M3.3,M3.1,2025-01-06 01:51:00,0,ok,44,24.03,0.65,24.03,10.0,1.497,2536.8,0.26858,21.56,25.82,0.987,,,
AL1-20250106-0252,C5.6,C5.3,2025-01-06 02:57:00,0,ok,5,17.9,2.01,17.9,-10.0,1.435,491.8,0.11395,,,,,,
AL1-20250106-0333,C8.5,,2025-01-06 03:44:00,0,ok,6,18.79,1.36,19.47,50.0,2.059,646.6,0.16011,16.09,18.51,,,,
AL1-20250106-0345,M1.4,M1.4,2025-01-06 03:50:00,0,ok,13,16.6,1.07,18.84,30.0,1.742,1266.8,0.14432,15.62,17.9,,,,
AL1-20250106-0948,C6.6,C6.6,2025-01-06 09:58:00,0,ok,2,16.64,1.92,16.64,130.0,0.824,556.7,0.09557,,,,,,
AL1-20250106-1616,M4.5,M4.8,2025-01-06 16:23:00,0,ok,25,18.94,0.45,22.23,130.0,2.591,3760.8,0.21117,18.06,21.07,0.976,,,
AL1-20250106-1657,C8.5,C9.0,2025-01-06 17:10:00,0,ok,40,15.07,1.47,22.55,330.0,1.472,785.0,0.11607,14.92,16.99,0.956,,,
AL1-20250107-2235,M1.1,M1.1,2025-01-07 23:07:00,0,ok,62,12.69,1.04,16.46,530.0,1.042,1109.6,0.09378,11.32,12.63,0.599,,,
AL1-20250108-0627,C9.3,C9.8,2025-01-08 06:37:00,0,ok,14,14.07,1.03,16.49,-10.0,2.318,829.5,0.11406,14.8,16.88,,,,
AL1-20250109-0021,M1.1,M1.1,2025-01-09 00:26:00,0,ok,20,19.44,1.11,22.75,30.0,2.267,881.1,0.17747,17.5,20.33,0.964,,,
AL1-20250109-2133,C5.1,C5.0,2025-01-09 21:40:00,0,ok,3,18.07,1.88,18.07,10.0,2.137,478.2,0.11899,17.07,19.77,,,,
AL1-20250110-0925,C6.0,C6.1,2025-01-10 09:42:00,0,no fittable bins,,,,,,,,,,,,,,
AL1-20250110-2229,M1.0,C9.9,2025-01-10 22:46:00,0,ok,22,16.05,1.07,20.43,110.0,1.645,928.4,0.13093,15.16,17.34,0.929,,,
AL1-20250114-1519,C6.6,C6.2,2025-01-14 15:26:00,0,ok,10,15.11,1.65,19.09,70.0,2.39,671.0,0.09872,15.14,17.29,,,,
AL1-20250115-0850,C6.6,C6.2,2025-01-15 08:56:00,0,ok,7,18.07,1.55,18.25,30.0,0.994,643.6,0.11092,14.03,15.92,,,,
AL1-20250116-1658,C5.1,C5.1,2025-01-16 17:02:00,0,no fittable bins,,,,,,,,,,,,,,
AL1-20250116-1711,C6.0,C5.8,2025-01-16 17:22:00,0,no fittable bins,,,,,,,,,,,,,,
AL1-20250117-0156,M1.3,M1.2,2025-01-17 02:11:00,0,ok,21,18.34,0.99,25.86,170.0,1.263,1181.5,0.15651,17.08,19.78,0.643,,,
AL1-20250117-0242,C8.0,C7.9,2025-01-17 02:54:00,0,ok,13,17.26,1.63,19.7,30.0,1.829,726.1,0.10569,16.36,18.85,,,,
AL1-20250117-0312,M1.1,M1.1,2025-01-17 03:20:00,0,ok,40,16.14,1.14,22.09,250.0,1.872,1029.0,0.11506,14.45,16.43,0.688,,,
AL1-20250118-0222,C9.0,C8.8,2025-01-18 02:29:00,0,ok,17,16.6,1.65,23.9,130.0,1.725,663.4,0.10658,15.41,17.6,,,,
AL1-20250118-0303,M1.1,M1.1,2025-01-18 03:07:00,0,ok,10,18.29,1.64,19.03,30.0,1.422,859.4,0.09404,17.1,19.76,,,,
AL1-20250118-0831,C9.4,C8.4,2025-01-18 08:36:00,0,ok,14,22.24,1.42,22.24,10.0,1.913,631.2,0.15475,19.6,23.12,,,,
AL1-20250118-1143,C5.9,C5.0,2025-01-18 11:47:00,0,ok,5,16.87,1.78,16.87,10.0,1.414,366.3,0.09693,16.74,19.34,,,,
AL1-20250118-1305,C5.4,C5.0,2025-01-18 13:11:00,0,ok,1,16.69,1.87,16.69,10.0,1.072,360.8,0.08806,13.92,15.78,,,,
AL1-20250118-1348,C6.2,C6.1,2025-01-18 14:38:00,0,ok,1,18.93,2.09,18.93,10.0,2.137,406.1,0.0758,17.53,20.36,,,,
AL1-20250118-1546,C7.1,C6.9,2025-01-18 15:50:00,0,ok,3,18.12,1.61,18.12,10.0,2.046,464.1,0.09711,17.77,20.68,,,,
AL1-20250119-1404,C5.4,C4.9,2025-01-19 14:15:00,0,ok,2,14.22,1.51,16.73,30.0,2.481,353.8,0.0945,12.86,14.48,,,,
AL1-20250119-1703,C8.3,C8.1,2025-01-19 17:07:00,0,ok,10,18.57,1.51,21.79,50.0,1.899,534.9,0.10932,17.02,19.71,,,,
AL1-20250119-2100,C5.6,C5.1,2025-01-19 21:09:00,0,ok,2,13.56,1.54,15.37,30.0,1.607,381.2,0.07652,13.99,15.86,,,,
AL1-20250120-0831,C5.3,C5.0,2025-01-20 08:36:00,0,no fittable bins,,,,,,,,,,,,,,
AL1-20250120-1113,C5.4,C4.3,2025-01-20 11:19:00,0,ok,4,18.58,1.88,21.55,30.0,1.798,320.6,0.09418,17.12,19.84,,,,
AL1-20250120-1309,C7.5,C6.0,2025-01-20 13:15:00,0,ok,9,16.48,1.34,20.91,50.0,1.306,449.5,0.12288,14.25,16.19,,,,
AL1-20250122-0600,C7.6,C7.1,2025-01-22 06:34:00,0,ok,81,11.53,1.28,20.12,1430.0,0.83,512.8,0.09745,11.91,13.32,0.623,,,
AL1-20250122-1044,M1.2,M1.3,2025-01-22 11:06:00,0,ok,91,12.86,1.09,17.02,90.0,1.623,1044.8,0.08214,12.58,14.15,0.702,,,
AL1-20250123-0155,C9.9,C9.1,2025-01-23 02:03:00,0,ok,48,19.79,1.26,24.25,150.0,2.123,703.7,0.15551,16.16,18.6,0.876,,,
AL1-20250123-1629,C9.0,C8.0,2025-01-23 16:36:00,0,ok,14,16.18,1.32,19.04,90.0,1.481,610.6,0.11607,15.54,17.81,,,,
AL1-20250124-1115,C6.1,C5.7,2025-01-24 11:36:00,0,no fittable bins,,,,,,,,,,,,,,
AL1-20250124-1148,M1.1,C9.8,2025-01-24 12:21:00,0,ok,104,11.79,1.23,20.19,1250.0,1.689,840.9,0.10267,12.67,14.22,0.458,,,
AL1-20250124-1347,C7.2,,2025-01-24 14:03:00,0,no fittable bins,,,,,,,,,,,,,,
AL1-20250124-1612,C8.3,C8.7,2025-01-24 16:19:00,0,ok,3,14.48,1.54,14.57,-10.0,1.23,632.8,0.06475,14.67,16.7,,,,
AL1-20250124-1719,C5.0,C5.1,2025-01-24 17:24:00,0,no fittable bins,,,,,,,,,,,,,,
AL1-20250124-2048,M2.7,M2.7,2025-01-24 21:03:00,0,ok,60,17.62,0.6,22.19,370.0,2.065,2346.6,0.16331,16.44,18.96,0.623,,,
AL1-20250125-0018,C6.8,C6.5,2025-01-25 00:22:00,0,ok,3,14.49,1.68,19.85,-70.0,2.191,491.9,0.08632,,,,,,
AL1-20250125-0725,C6.1,C5.8,2025-01-25 07:32:00,0,ok,6,13.87,1.59,18.71,-30.0,2.382,392.8,0.09568,13.52,15.28,,,,
AL1-20250125-1716,C6.2,C5.4,2025-01-25 17:26:00,0,ok,9,15.05,1.62,18.46,110.0,1.768,414.4,0.08855,12.72,14.31,,,,
AL1-20250126-1535,C5.1,C4.5,2025-01-26 15:47:00,0,no fittable bins,,,,,,,,,,,,,,
AL1-20250128-1654,C5.5,C5.3,2025-01-28 17:04:00,0,no fittable bins,,,,,,,,,,,,,,
AL1-20250128-1927,M1.6,M1.6,2025-01-28 19:44:00,0,ok,14,17.62,1.12,18.29,-70.0,2.468,904.1,0.16044,17.1,19.81,,,,
AL1-20250131-0547,C9.9,M1.0,2025-01-31 06:10:00,0,ok,20,14.02,1.49,16.48,210.0,1.214,804.9,0.08142,13.09,14.73,-0.571,,,
AL1-20250131-0955,C6.1,C6.0,2025-01-31 10:24:00,0,no fittable bins,,,,,,,,,,,,,,
AL1-20250131-1123,C5.7,C5.2,2025-01-31 11:30:00,0,no fittable bins,,,,,,,,,,,,,,
AL1-20250131-1341,M6.4,M6.6,2025-01-31 14:06:00,0,ok,104,17.15,0.35,23.81,1030.0,1.592,5939.8,0.17843,16.18,18.62,0.751,,,
AL1-20250131-1658,C5.4,C5.4,2025-01-31 17:03:00,0,no fittable bins,,,,,,,,,,,,,,
AL1-20250131-1744,C6.4,C5.7,2025-01-31 17:49:00,0,ok,5,19.52,2.06,20.24,30.0,1.797,430.7,0.08896,17.66,20.54,,,,
AL1-20250131-2019,M1.9,M1.8,2025-01-31 20:23:00,0,ok,17,19.2,0.77,23.17,70.0,2.37,1415.1,0.17248,17.16,19.89,,,,
AL1-20250201-0140,C7.4,C7.1,2025-02-01 01:47:00,0,ok,17,18.16,1.57,18.16,10.0,2.391,483.6,0.11967,16.26,18.73,,,,
AL1-20250201-0842,C5.9,C6.0,2025-02-01 08:56:00,0,no fittable bins,,,,,,,,,,,,,,
AL1-20250201-1313,M2.3,M2.4,2025-02-01 13:18:00,0,ok,17,20.68,0.73,23.26,90.0,2.566,1597.5,0.21548,19.43,22.9,,,,
AL1-20250202-1001,M3.3,M3.0,2025-02-02 10:12:00,0,ok,33,20.25,0.56,21.81,170.0,1.934,2680.9,0.2168,18.26,21.33,0.736,,,
AL1-20250202-1153,C6.6,C6.3,2025-02-02 12:00:00,0,no fittable bins,,,,,,,,,,,,,,
AL1-20250202-1241,M1.5,M1.4,2025-02-02 12:50:00,0,ok,35,17.13,0.82,21.66,170.0,1.712,1187.1,0.15737,16.11,18.53,0.864,,,
AL1-20250202-1314,C6.4,C6.0,2025-02-02 13:24:00,0,no fittable bins,,,,,,,,,,,,,,
AL1-20250202-1358,M4.4,M5.0,2025-02-02 14:04:00,0,ok,12,20.43,0.55,21.84,50.0,2.332,3028.8,0.2163,18.81,22.07,,,,
AL1-20250202-1446,M1.0,M1.1,2025-02-02 15:13:00,0,ok,7,16.59,1.06,16.96,-10.0,2.189,896.1,0.08561,15.97,18.36,,,,
AL1-20250202-1519,M2.9,M2.7,2025-02-02 15:32:00,0,ok,47,17.36,0.57,23.4,450.0,1.527,2370.7,0.18517,16.38,18.88,0.782,,,
AL1-20250202-1926,C8.8,C8.2,2025-02-02 19:46:00,0,ok,36,14.91,1.34,19.31,70.0,1.589,610.8,0.10607,12.44,13.96,0.764,,,
AL1-20250202-2107,C6.9,,2025-02-02 21:22:00,0,no fittable bins,,,,,,,,,,,,,,
AL1-20250202-2240,C7.8,C7.5,2025-02-02 22:53:00,0,ok,8,16.6,1.7,19.94,30.0,1.359,494.4,0.10423,16.29,18.74,,,,
AL1-20250202-2309,M4.1,M4.1,2025-02-02 23:24:00,0,ok,77,18.66,0.44,21.71,110.0,1.708,3705.2,0.20056,17.6,20.46,0.611,,,
AL1-20250208-0035,C5.2,C4.9,2025-02-08 00:51:00,0,no fittable bins,,,,,,,,,,,,,,
AL1-20250208-0900,M1.0,,2025-02-08 09:07:00,0,ok,9,19.06,1.33,19.06,10.0,2.677,620.8,0.13577,16.96,19.63,,,,
AL1-20250208-0909,M2.1,M2.0,2025-02-08 09:27:00,0,ok,46,13.72,1.09,17.68,450.0,1.375,1839.3,0.12785,12.79,14.42,0.539,,,
AL1-20250208-1058,C8.3,C7.8,2025-02-08 11:02:00,0,ok,5,19.9,1.43,19.9,10.0,2.96,564.7,0.09984,17.53,20.37,,,,
AL1-20250210-0026,M1.0,C9.9,2025-02-10 00:46:00,0,ok,54,15.54,1.04,20.3,130.0,2.421,800.2,0.12211,15.04,17.18,0.747,,,
AL1-20250211-0521,M1.6,M1.6,2025-02-11 05:34:00,0,ok,55,17.59,0.82,21.63,330.0,2.231,1392.5,0.15985,17.01,19.7,0.789,,,
AL1-20250211-0614,C7.1,C6.6,2025-02-11 06:19:00,0,ok,1,15.62,1.74,15.62,10.0,0.599,499.2,0.07537,15.04,17.15,,,,
AL1-20250211-1325,C8.8,C7.6,2025-02-11 14:04:00,0,ok,112,11.08,0.9,23.22,1210.0,2.21,633.1,0.11214,12.47,14.01,0.846,,,
AL1-20250211-1805,C7.8,C7.2,2025-02-11 18:24:00,0,ok,24,12.42,1.35,15.38,330.0,0.715,554.2,0.08056,11.64,13.0,0.717,,,
AL1-20250213-2212,C8.8,C8.9,2025-02-13 22:43:00,0,ok,46,10.42,0.99,17.8,430.0,2.25,667.5,0.08649,10.55,11.69,0.657,,,
AL1-20250214-0213,M1.3,M1.2,2025-02-14 02:28:00,0,ok,66,18.23,0.94,19.54,270.0,1.009,1023.2,0.16367,15.71,18.03,0.749,,,
AL1-20250214-0734,C7.0,C6.5,2025-02-14 07:45:00,0,ok,11,14.29,1.5,17.78,70.0,1.553,466.4,0.09544,13.65,15.44,,,,
AL1-20250214-0946,M1.3,M1.2,2025-02-14 10:06:00,0,ok,52,15.17,0.94,23.05,470.0,1.921,1012.9,0.12136,13.68,15.49,0.806,,,
AL1-20250214-1409,C5.5,C4.6,2025-02-14 14:17:00,0,no fittable bins,,,,,,,,,,,,,,
AL1-20250214-2046,M1.9,M1.8,2025-02-14 20:57:00,0,ok,31,14.93,0.67,23.43,250.0,2.327,1543.3,0.13876,14.21,16.14,0.903,,,
AL1-20250217-0426,C5.9,C5.9,2025-02-17 04:45:00,0,no fittable bins,,,,,,,,,,,,,,
AL1-20250217-1446,C6.2,C5.6,2025-02-17 14:54:00,0,ok,2,12.53,1.46,13.32,-10.0,2.19,397.3,0.08373,,,,,,
AL1-20250217-1506,M1.2,M1.0,2025-02-17 15:13:00,0,ok,28,14.74,0.98,24.79,150.0,2.648,907.9,0.12976,13.4,15.14,0.9,,,
AL1-20250218-0049,C5.7,C5.6,2025-02-18 01:08:00,0,no fittable bins,,,,,,,,,,,,,,
AL1-20250218-0151,C5.4,,2025-02-18 02:14:00,0,no fittable bins,,,,,,,,,,,,,,
AL1-20250219-2325,C8.0,C8.0,2025-02-19 23:45:00,0,no fittable bins,,,,,,,,,,,,,,
AL1-20250221-1112,C5.9,C5.8,2025-02-21 11:19:00,0,no fittable bins,,,,,,,,,,,,,,
AL1-20250221-1209,M3.1,M3.3,2025-02-21 12:15:00,0,ok,14,22.77,0.65,24.51,30.0,2.54,2246.2,0.20737,21.77,26.11,,,,
AL1-20250221-1554,C7.2,C7.6,2025-02-21 15:59:00,0,no fittable bins,,,,,,,,,,,,,,
AL1-20250222-0240,C8.3,C8.0,2025-02-22 03:04:00,0,ok,32,10.52,1.07,15.97,-50.0,2.287,616.4,0.08077,9.99,11.03,0.419,,,
AL1-20250222-2055,C9.4,C8.2,2025-02-22 21:06:00,0,ok,42,15.73,1.29,20.34,350.0,1.192,667.7,0.11971,15.59,17.86,0.646,,,
AL1-20250222-2149,C6.0,C5.7,2025-02-22 21:54:00,0,ok,7,18.19,1.99,21.08,-70.0,1.576,326.1,0.1182,17.91,20.86,,,,
AL1-20250223-0200,M5.3,M4.8,2025-02-23 02:13:00,0,ok,42,18.73,0.37,22.81,230.0,1.486,4673.0,0.23134,17.34,20.13,0.631,,,
AL1-20250223-0427,C6.1,C6.2,2025-02-23 04:48:00,0,ok,11,9.99,1.13,18.72,330.0,3.083,412.6,0.07362,,,,,,
AL1-20250223-0901,C7.8,C7.5,2025-02-23 09:13:00,0,ok,8,21.81,2.2,21.81,10.0,1.267,498.1,0.10234,17.76,20.66,,,,
AL1-20250223-1147,M1.7,M1.6,2025-02-23 11:58:00,0,ok,42,14.88,0.67,19.89,230.0,1.59,1449.5,0.16053,14.56,16.57,0.881,,,
AL1-20250223-1618,M1.1,M1.0,2025-02-23 16:35:00,0,ok,46,15.3,1.1,22.23,390.0,1.763,818.5,0.12526,14.61,16.63,0.811,,,
AL1-20250223-1717,C9.7,C9.4,2025-02-23 17:21:00,0,ok,16,18.77,1.65,21.32,90.0,1.638,740.5,0.10331,17.01,19.66,,,,
AL1-20250223-1902,C5.5,C5.4,2025-02-23 19:07:00,0,no fittable bins,,,,,,,,,,,,,,
AL1-20250223-1921,X1.8,X1.9,2025-02-23 19:27:00,0,ok,28,23.72,0.21,27.48,130.0,1.45,15539.1,0.30896,21.62,25.91,0.983,,,
AL1-20250224-0114,C5.9,,2025-02-24 01:25:00,0,no fittable bins,,,,,,,,,,,,,,
AL1-20250224-0133,C7.1,,2025-02-24 01:38:00,0,no fittable bins,,,,,,,,,,,,,,
AL1-20250224-0140,M1.2,M1.3,2025-02-24 01:45:00,0,ok,24,17.16,1.4,21.16,150.0,1.341,1190.1,0.11067,14.06,15.93,0.69,,,
AL1-20250224-0637,C5.1,C5.8,2025-02-24 06:46:00,0,no fittable bins,,,,,,,,,,,,,,
AL1-20250224-0654,M3.1,M3.2,2025-02-24 07:02:00,0,ok,18,19.03,0.58,20.76,110.0,2.224,3079.0,0.1678,17.49,20.32,0.371,,,
AL1-20250224-1136,C6.4,C6.2,2025-02-24 11:43:00,0,ok,7,19.59,2.07,21.54,130.0,1.384,703.4,0.08487,19.72,23.28,,,,
AL1-20250224-1303,C8.2,C8.6,2025-02-24 13:19:00,0,ok,39,11.14,1.07,20.06,470.0,2.869,861.8,0.08342,9.88,10.9,0.637,,,
AL1-20250224-2055,M1.4,M1.5,2025-02-24 21:01:00,0,ok,27,17.44,0.95,20.15,50.0,2.231,1420.7,0.11963,16.82,19.46,0.75,,,
AL1-20250224-2132,C7.7,C8.1,2025-02-24 21:39:00,0,ok,11,15.66,1.65,22.33,90.0,1.406,765.1,0.09825,13.67,15.45,,,,
AL1-20250224-2148,M3.6,M3.8,2025-02-24 23:07:00,0,ok,215,13.7,0.51,20.93,4090.0,1.462,3573.3,0.12094,13.19,14.88,0.653,,,
AL1-20250225-0243,M1.2,M1.3,2025-02-25 02:47:00,0,ok,22,20.15,1.36,20.98,50.0,2.158,1324.8,0.10896,17.22,19.96,0.964,,,
AL1-20250225-1120,M3.3,M3.5,2025-02-25 11:58:00,0,ok,146,15.17,0.5,25.92,1650.0,1.996,3257.8,0.14516,13.66,15.46,0.751,,,
AL1-20250226-1232,C5.5,C5.7,2025-02-26 12:41:00,0,no fittable bins,,,,,,,,,,,,,,
AL1-20250227-0617,C6.1,C5.6,2025-02-27 06:33:00,0,ok,10,12.88,1.44,14.76,30.0,1.202,618.6,0.09183,11.72,13.1,,,,
AL1-20250227-1222,C7.7,C7.4,2025-02-27 12:35:00,0,ok,22,16.16,1.52,19.17,90.0,1.68,760.6,0.09926,15.45,17.68,0.476,,,
AL1-20250227-1452,C8.1,C8.0,2025-02-27 15:11:00,0,ok,24,12.89,1.19,19.96,310.0,2.53,810.3,0.09646,11.44,12.76,0.381,,,
AL1-20250227-2314,C9.4,C9.2,2025-02-27 23:24:00,0,ok,29,16.96,1.21,20.21,150.0,1.533,896.6,0.12176,14.88,16.97,0.782,,,
AL1-20250228-1623,C5.1,C5.1,2025-02-28 16:28:00,0,no fittable bins,,,,,,,,,,,,,,
AL1-20250301-0821,C6.5,C6.3,2025-03-01 08:30:00,0,ok,4,9.86,1.04,16.8,30.0,3.217,611.5,0.08592,10.19,11.28,,,,
AL1-20250301-2245,C9.1,C9.5,2025-03-01 23:01:00,0,ok,30,12.0,1.15,15.48,130.0,1.471,902.5,0.08597,11.61,12.97,0.918,,,
AL1-20250307-2053,M1.5,M1.6,2025-03-07 21:00:00,0,ok,36,16.98,0.82,21.72,230.0,2.442,1473.0,0.15052,14.8,16.88,0.846,,,
AL1-20250311-1258,M1.1,M1.0,2025-03-11 13:04:00,0,ok,9,18.27,1.21,18.27,10.0,2.834,835.9,0.12888,15.89,18.25,,,,
AL1-20250311-1818,C6.5,C6.1,2025-03-11 18:27:00,0,ok,19,16.56,1.5,19.41,30.0,2.418,592.4,0.13927,15.2,17.39,0.321,,,
AL1-20250311-1905,C7.7,C7.2,2025-03-11 19:15:00,0,ok,20,14.6,1.38,16.98,170.0,2.205,698.5,0.12009,14.01,15.9,0.929,,,
AL1-20250311-2110,M1.0,C9.6,2025-03-11 21:21:00,0,ok,12,18.01,1.29,18.01,10.0,2.625,687.1,0.15582,17.31,20.08,,,,
AL1-20250312-0220,C9.1,C8.7,2025-03-12 02:30:00,0,ok,19,15.2,1.28,17.17,50.0,1.717,783.0,0.12729,13.4,15.13,0.486,,,
AL1-20250312-0934,C6.3,,2025-03-12 09:48:00,0,ok,8,15.09,1.48,15.09,10.0,1.759,403.4,nan,12.89,14.52,,,,
AL1-20250312-1209,C7.1,C5.9,2025-03-12 12:17:00,0,ok,20,12.95,1.29,19.31,70.0,1.93,412.1,0.12287,12.07,13.51,0.75,,,
AL1-20250313-0740,C7.2,C6.8,2025-03-13 07:52:00,0,ok,12,13.73,1.37,18.04,130.0,2.479,493.0,0.09551,14.27,16.21,,,,
AL1-20250313-1913,C7.3,C7.9,2025-03-13 19:36:00,0,ok,14,11.55,1.36,18.38,510.0,2.942,521.2,0.06114,,,,,,
AL1-20250319-2021,M1.5,M1.5,2025-03-19 20:40:00,0,ok,32,14.6,0.79,17.62,30.0,2.555,1255.3,0.12099,14.25,16.19,0.745,,,
AL1-20250319-2308,C5.9,,2025-03-20 00:02:00,0,no fittable bins,,,,,,,,,,,,,,
AL1-20250320-0337,C5.6,C5.6,2025-03-20 03:44:00,0,no fittable bins,,,,,,,,,,,,,,
AL1-20250322-1707,C5.0,,2025-03-22 17:28:00,0,no fittable bins,,,,,,,,,,,,,,
AL1-20250323-1418,C5.5,C4.5,2025-03-23 14:27:00,0,ok,1,19.09,2.12,19.09,310.0,1.292,339.2,0.0721,,,,,,
AL1-20250324-0721,C5.7,C5.1,2025-03-24 07:37:00,0,no fittable bins,,,,,,,,,,,,,,
AL1-20250325-1219,C9.4,C9.4,2025-03-25 12:28:00,0,ok,27,13.63,1.25,15.24,-10.0,1.981,661.9,0.09281,12.92,14.55,0.636,,,
AL1-20250326-0744,M1.1,C9.9,2025-03-26 08:09:00,0,ok,56,14.25,1.06,18.28,730.0,1.834,849.0,0.10894,14.95,17.07,0.697,,,
AL1-20250326-0907,C6.9,,2025-03-26 09:11:00,0,ok,10,14.68,1.55,17.29,-30.0,2.463,326.9,nan,12.61,14.17,,,,
AL1-20250326-1913,C7.6,C6.9,2025-03-26 19:23:00,0,ok,19,15.96,1.47,21.81,70.0,2.022,519.4,0.1124,15.52,17.77,0.25,,,
AL1-20250327-0020,M2.1,M2.0,2025-03-27 00:35:00,0,ok,70,15.85,0.64,24.5,470.0,2.073,1769.1,0.16458,14.89,16.99,0.93,,,
AL1-20250327-2216,C9.4,C8.8,2025-03-27 22:24:00,0,ok,29,15.57,1.14,25.07,150.0,2.442,686.5,0.13117,14.42,16.4,0.817,,,
AL1-20250328-1500,X1.0,X1.1,2025-03-28 15:22:00,0,ok,109,16.45,0.26,24.41,910.0,1.338,9809.5,0.17506,15.35,17.57,0.622,,,
AL1-20250328-1754,C9.8,M1.0,2025-03-28 18:01:00,0,ok,1,11.62,1.41,11.62,10.0,2.424,829.6,0.07262,,,,,,
AL1-20250328-1914,M1.3,M1.1,2025-03-28 19:25:00,0,ok,49,14.7,0.95,24.44,410.0,2.209,968.6,0.13475,13.83,15.67,0.868,,,
AL1-20250328-2317,M1.8,M1.7,2025-03-28 23:39:00,0,ok,70,15.6,0.69,23.21,650.0,1.36,1549.7,0.15147,13.15,14.84,0.948,,,
AL1-20250329-1108,C5.0,C4.5,2025-03-29 11:12:00,0,no fittable bins,,,,,,,,,,,,,,
AL1-20250329-1150,C8.6,C7.4,2025-03-29 12:00:00,0,ok,18,19.23,1.35,20.07,-30.0,1.936,554.8,0.17008,19.2,22.59,0.771,,,
AL1-20250329-1753,C7.4,C6.5,2025-03-29 18:06:00,0,ok,28,19.23,1.61,21.89,250.0,1.798,458.6,0.14831,15.12,17.28,0.733,,,
AL1-20250329-1846,C7.6,C6.6,2025-03-29 18:51:00,0,ok,14,19.91,1.57,20.33,50.0,2.34,476.5,0.16422,16.74,19.33,,,,
AL1-20250329-2111,M1.4,M1.4,2025-03-29 21:38:00,0,ok,88,14.01,0.83,20.77,490.0,1.933,1180.0,0.12565,15.05,17.18,0.774,,,
AL1-20250329-2233,M1.8,M1.8,2025-03-29 22:58:00,0,ok,105,17.07,0.79,22.88,810.0,1.724,1568.2,0.14974,16.78,19.39,0.72,,,
AL1-20250330-0118,M1.5,M1.5,2025-03-30 01:48:00,0,ok,80,15.65,0.84,19.33,710.0,1.494,1301.5,0.12879,13.85,15.69,0.747,,,
AL1-20250330-0431,C5.1,C4.9,2025-03-30 04:37:00,0,no fittable bins,,,,,,,,,,,,,,
AL1-20250330-0958,C8.9,C8.2,2025-03-30 10:11:00,0,ok,29,16.4,1.27,22.89,190.0,1.662,611.5,0.12939,14.32,16.28,0.867,,,
AL1-20250330-1627,M1.7,M1.5,2025-03-30 16:42:00,0,ok,69,19.04,0.79,22.33,210.0,2.05,1390.5,0.18632,18.07,21.09,0.967,,,
AL1-20250330-1659,M1.5,M1.4,2025-03-30 17:07:00,0,ok,18,21.04,1.46,24.63,130.0,1.929,1233.5,0.1363,19.38,22.74,0.886,,,
AL1-20250330-1936,C5.1,C4.9,2025-03-30 19:44:00,0,no fittable bins,,,,,,,,,,,,,,
AL1-20250330-2226,C9.1,C8.4,2025-03-30 22:35:00,0,ok,20,17.84,1.16,24.17,90.0,2.508,650.1,0.15587,16.7,19.29,0.857,,,
AL1-20250330-2242,M1.5,M1.4,2025-03-30 22:49:00,0,ok,30,18.33,0.97,25.28,250.0,2.088,1250.7,0.15595,17.8,20.7,0.6,,,
AL1-20250330-2310,M1.5,M1.5,2025-03-30 23:19:00,0,ok,50,16.79,0.83,22.54,210.0,1.45,1273.4,0.15523,15.4,17.63,0.953,,,
AL1-20250330-2341,M1.0,M1.0,2025-03-30 23:47:00,0,ok,9,23.61,2.51,23.61,-10.0,2.047,778.6,0.09575,22.51,27.05,,,,
AL1-20250331-0034,C5.8,C5.5,2025-03-31 00:41:00,0,no fittable bins,,,,,,,,,,,,,,
AL1-20250331-0217,C9.0,C8.9,2025-03-31 02:35:00,0,ok,27,14.07,1.44,19.83,330.0,0.606,694.2,0.07733,12.33,13.83,0.917,,,
AL1-20250331-0311,C6.8,C6.5,2025-03-31 03:30:00,0,ok,2,15.85,1.85,15.85,810.0,1.602,414.6,0.0877,,,,,,
AL1-20250331-0344,C8.0,C7.5,2025-03-31 03:52:00,0,ok,11,16.78,1.62,21.03,90.0,3.321,590.4,0.09504,16.57,19.1,,,,
AL1-20250331-0504,C5.2,C4.7,2025-03-31 05:08:00,0,no fittable bins,,,,,,,,,,,,,,
AL1-20250331-1015,M1.3,M1.2,2025-03-31 10:24:00,0,ok,40,18.0,0.98,21.65,190.0,2.387,1063.7,0.15717,16.21,18.67,0.923,,,
AL1-20250331-1744,C6.3,C6.0,2025-03-31 17:50:00,0,no fittable bins,,,,,,,,,,,,,,
AL1-20250401-0637,M5.4,M5.5,2025-04-01 06:46:00,0,ok,34,19.36,0.4,23.8,170.0,2.018,5026.5,0.20132,17.87,20.82,0.918,,,
AL1-20250401-0746,C5.5,C5.2,2025-04-01 07:55:00,0,ok,6,16.85,1.87,18.66,70.0,2.154,353.4,0.09924,15.73,18.05,,,,
AL1-20250401-1030,C6.5,C5.8,2025-04-01 10:40:00,0,ok,7,17.23,1.84,17.58,-50.0,2.014,358.1,0.116,15.01,17.15,,,,
AL1-20250401-2217,M2.4,M2.4,2025-04-01 22:30:00,0,ok,50,16.7,0.62,27.0,350.0,2.222,2033.4,0.1591,15.43,17.67,0.853,,,
AL1-20250402-1039,C8.2,C8.0,2025-04-02 10:52:00,0,ok,38,15.04,1.22,20.97,90.0,2.286,567.1,0.11633,14.62,16.65,0.839,,,
AL1-20250404-2321,C6.0,C5.7,2025-04-04 23:37:00,0,ok,2,13.86,1.62,14.05,30.0,2.503,402.4,0.09169,,,,,,
AL1-20250405-1954,C9.1,M1.0,2025-04-05 20:05:00,0,ok,19,15.86,1.18,18.11,50.0,2.508,670.9,0.12616,16.42,18.94,0.886,,,
AL1-20250408-2211,M1.5,M1.5,2025-04-08 22:21:00,0,ok,54,19.14,0.86,21.87,130.0,1.701,1206.2,0.17188,16.95,19.62,0.899,,,
AL1-20250409-1724,C9.5,C8.9,2025-04-09 17:30:00,0,ok,17,13.37,0.99,18.39,30.0,2.09,640.8,0.12359,13.43,15.17,0.829,,,
AL1-20250410-0741,C5.6,C5.3,2025-04-10 07:52:00,0,no fittable bins,,,,,,,,,,,,,,
AL1-20250411-1152,C8.1,C7.1,2025-04-11 12:15:00,0,ok,43,15.31,1.3,18.71,450.0,0.841,512.6,0.12504,13.48,15.24,0.582,,,
AL1-20250411-1620,C8.4,C7.3,2025-04-11 16:24:00,0,ok,18,19.19,1.56,21.8,130.0,1.058,501.9,0.14276,17.39,20.19,0.771,,,
AL1-20250411-1640,M1.2,M1.0,2025-04-11 16:50:00,0,ok,38,13.47,1.33,26.6,350.0,1.955,844.6,0.15363,12.98,14.6,0.819,,,
AL1-20250411-1836,C7.4,,2025-04-11 19:05:00,0,ok,15,10.59,1.27,17.25,770.0,1.995,504.4,0.09853,,,,,,
AL1-20250411-2207,C6.8,,2025-04-11 22:12:00,0,no fittable bins,,,,,,,,,,,,,,
AL1-20250411-2213,M1.1,M1.0,2025-04-11 22:19:00,0,ok,21,17.04,1.66,26.43,190.0,1.057,749.8,0.12584,12.96,14.56,0.714,,,
AL1-20250412-0037,C5.9,,2025-04-12 00:50:00,0,no fittable bins,,,,,,,,,,,,,,
AL1-20250412-0333,C9.0,C8.1,2025-04-12 03:39:00,0,ok,9,14.7,1.19,17.85,-10.0,2.093,620.2,0.11519,15.16,17.32,,,,
AL1-20250412-0440,M1.2,M1.1,2025-04-12 04:45:00,0,ok,54,19.82,1.16,23.79,50.0,2.309,846.7,0.16238,18.58,21.75,0.674,,,
AL1-20250412-0536,M1.3,M1.2,2025-04-12 05:49:00,0,ok,32,17.06,1.05,18.93,30.0,1.517,1020.6,0.12837,15.44,17.68,-0.118,,,
AL1-20250412-0712,M1.1,M1.0,2025-04-12 07:19:00,0,ok,11,15.27,1.28,19.31,90.0,2.201,660.1,0.12021,16.51,19.05,,,,
AL1-20250412-0734,C9.3,C8.3,2025-04-12 07:47:00,0,ok,34,16.49,1.27,18.96,150.0,1.756,675.2,0.13696,15.32,17.52,0.419,,,
AL1-20250412-0952,C5.9,C5.8,2025-04-12 10:16:00,0,no fittable bins,,,,,,,,,,,,,,
AL1-20250412-1021,C9.7,C9.1,2025-04-12 10:25:00,0,ok,12,16.88,1.81,19.19,-10.0,1.838,704.6,0.10631,15.83,18.12,,,,
AL1-20250412-1108,M2.1,M2.0,2025-04-12 11:17:00,0,ok,36,18.92,0.69,23.68,290.0,1.917,1764.7,0.19285,17.42,20.22,0.524,,,
AL1-20250412-1135,M2.7,M2.6,2025-04-12 11:43:00,0,ok,16,18.85,0.79,26.47,230.0,1.373,2528.2,0.12551,17.28,20.01,0.829,,,
AL1-20250412-1232,M2.4,M2.3,2025-04-12 12:39:00,0,ok,55,19.65,0.76,21.84,190.0,1.827,1896.7,0.19507,17.63,20.48,0.595,,,
AL1-20250412-1506,M1.4,M1.3,2025-04-12 15:12:00,0,ok,23,13.86,1.03,16.51,-30.0,1.565,1053.8,0.12786,13.32,15.03,0.643,,,
AL1-20250412-1654,C7.4,,2025-04-12 17:11:00,0,no fittable bins,,,,,,,,,,,,,,
AL1-20250412-2043,C8.2,C6.1,2025-04-12 20:59:00,0,ok,8,15.11,1.6,17.04,330.0,1.346,550.6,0.08748,13.21,14.89,,,,
AL1-20250412-2120,C8.6,,2025-04-12 21:34:00,0,ok,14,20.17,2.19,23.47,-10.0,1.035,617.7,0.1068,19.58,23.03,,,,
AL1-20250412-2135,M1.6,,2025-04-12 22:02:00,0,ok,118,14.14,0.96,22.92,1310.0,1.374,1337.3,0.15445,12.73,14.33,0.685,,,
AL1-20250412-2332,M1.3,,2025-04-12 23:59:00,0,ok,57,15.22,1.02,22.82,1050.0,1.117,1061.5,0.13473,13.63,15.41,-0.474,,,
AL1-20250413-0121,M1.1,M1.0,2025-04-13 01:28:00,0,ok,27,17.22,1.42,21.44,130.0,1.247,879.8,0.10593,14.64,16.65,0.367,,,
AL1-20250413-0234,C6.3,C6.5,2025-04-13 02:41:00,0,no fittable bins,,,,,,,,,,,,,,
AL1-20250413-0327,C6.9,C6.5,2025-04-13 03:33:00,0,no fittable bins,,,,,,,,,,,,,,
AL1-20250413-0341,C7.8,,2025-04-13 03:53:00,0,no fittable bins,,,,,,,,,,,,,,
AL1-20250413-0400,M1.2,M1.1,2025-04-13 04:04:00,0,ok,25,19.83,1.87,23.36,-250.0,1.738,740.4,0.13842,18.79,21.99,0.738,,,
AL1-20250413-0448,M2.3,M2.2,2025-04-13 04:52:00,0,ok,11,20.56,0.68,22.57,30.0,1.895,2151.7,0.18854,19.43,22.88,,,,
AL1-20250413-0637,M1.1,M1.0,2025-04-13 06:51:00,0,ok,71,16.38,1.25,19.31,190.0,1.986,805.0,0.13215,15.35,17.55,0.707,,,
AL1-20250413-0810,C8.0,C7.5,2025-04-13 08:16:00,0,ok,5,14.69,1.67,18.37,50.0,1.574,580.8,0.08558,14.35,16.3,,,,
AL1-20250413-0943,M1.4,M1.3,2025-04-13 09:55:00,0,ok,64,15.15,0.8,21.33,430.0,1.44,1155.0,0.14643,14.05,15.94,0.84,,,
AL1-20250413-1348,C9.1,C8.3,2025-04-13 14:01:00,0,ok,39,17.33,1.44,20.82,70.0,1.154,653.7,0.12114,14.35,16.31,0.503,,,
AL1-20250413-1458,C6.2,C6.2,2025-04-13 15:22:00,0,no fittable bins,,,,,,,,,,,,,,
AL1-20250413-1528,M1.3,M1.2,2025-04-13 15:41:00,0,ok,68,15.85,0.96,21.28,270.0,1.3,1049.7,0.14229,14.67,16.7,0.517,,,
AL1-20250413-1810,C6.7,,2025-04-13 18:22:00,0,no fittable bins,,,,,,,,,,,,,,
AL1-20250413-1831,C7.1,C6.8,2025-04-13 18:35:00,0,ok,1,18.4,2.1,18.4,30.0,1.182,489.8,0.08762,,,,,,
AL1-20250413-1838,M3.4,M3.1,2025-04-13 18:51:00,0,ok,38,20.06,0.58,23.99,130.0,1.446,2823.1,0.19983,17.79,20.71,0.594,,,
AL1-20250413-2037,C5.1,C4.8,2025-04-13 20:42:00,0,no fittable bins,,,,,,,,,,,,,,
AL1-20250413-2154,M1.7,M1.6,2025-04-13 22:02:00,0,ok,32,19.06,0.76,22.27,70.0,1.635,1377.8,0.19119,18.4,21.51,0.842,,,
AL1-20250414-0014,C7.1,C6.3,2025-04-14 00:20:00,0,ok,20,16.07,1.52,26.65,170.0,1.361,464.9,0.11332,15.37,17.59,0.829,,,
AL1-20250414-0438,C5.3,C5.0,2025-04-14 04:48:00,0,no fittable bins,,,,,,,,,,,,,,
AL1-20250414-0548,C8.7,C8.0,2025-04-14 05:55:00,0,ok,14,17.25,1.32,21.28,70.0,1.891,522.9,0.14085,17.19,19.93,,,,
AL1-20250414-0559,M1.5,M1.4,2025-04-14 06:05:00,0,ok,23,18.35,1.15,31.73,190.0,1.849,1204.7,0.15132,17.01,19.65,0.905,,,
AL1-20250414-0636,M4.2,M4.2,2025-04-14 06:50:00,0,ok,48,18.89,0.43,27.3,310.0,1.839,3849.2,0.20947,16.93,19.59,0.685,,,
AL1-20250414-1224,C6.3,C5.5,2025-04-14 12:32:00,0,ok,14,15.12,1.74,23.21,190.0,2.262,398.9,0.11431,13.75,15.55,,,,
AL1-20250414-1532,C5.6,C4.9,2025-04-14 15:40:00,0,ok,6,21.54,2.3,21.54,10.0,0.797,348.5,0.12049,17.34,20.12,,,,
AL1-20250414-1832,C6.8,C6.1,2025-04-14 18:41:00,0,ok,4,18.26,2.02,18.26,-10.0,1.024,396.6,0.11032,,,,,,
AL1-20250414-1927,C7.7,C6.8,2025-04-14 19:59:00,0,ok,44,11.22,1.2,19.61,570.0,1.086,502.8,0.11261,10.29,11.39,0.794,,,
AL1-20250415-0459,C5.1,,2025-04-15 05:18:00,0,no fittable bins,,,,,,,,,,,,,,
AL1-20250415-0755,C5.1,,2025-04-15 08:16:00,0,no fittable bins,,,,,,,,,,,,,,
AL1-20250415-1002,M1.7,M1.4,2025-04-15 10:20:00,0,ok,45,23.65,0.84,29.7,150.0,1.789,1301.2,0.25547,21.19,25.31,0.829,,,
AL1-20250415-1726,C5.2,,2025-04-15 17:51:00,0,ok,1,16.41,1.9,16.41,430.0,1.319,280.9,0.10517,,,,,,
AL1-20250415-1757,M1.4,M1.2,2025-04-15 18:11:00,0,ok,65,18.81,0.92,26.0,450.0,1.65,1108.5,0.20587,17.19,19.91,0.963,,,
AL1-20250418-2321,M4.5,M4.3,2025-04-18 23:52:00,0,ok,85,17.53,0.4,26.1,1010.0,1.467,3918.1,0.22609,16.52,19.06,0.675,,,
AL1-20250420-1137,M1.1,M1.0,2025-04-20 12:09:00,0,ok,114,14.88,1.08,20.85,790.0,1.345,824.6,0.11957,12.21,13.69,0.783,,,
AL1-20250421-1827,M1.9,M1.9,2025-04-21 18:36:00,0,ok,21,19.71,0.75,21.12,50.0,2.436,1409.5,0.1961,18.07,21.09,0.964,,,
AL1-20250422-0053,C9.7,C9.8,2025-04-22 01:00:00,0,ok,18,15.67,1.17,18.75,130.0,2.706,769.8,0.10826,14.57,16.59,0.429,,,
AL1-20250422-0959,C5.8,,2025-04-22 10:17:00,0,no fittable bins,,,,,,,,,,,,,,
AL1-20250422-1018,M1.2,,2025-04-22 10:46:00,0,ok,58,10.71,1.15,19.73,630.0,1.143,1038.3,0.08228,9.88,10.9,0.742,,,
AL1-20250430-0740,M2.1,M1.9,2025-04-30 07:51:00,0,ok,20,21.26,0.73,26.89,90.0,2.784,1626.1,0.20156,19.4,22.86,0.886,,,
AL1-20250504-1226,C5.5,C5.4,2025-05-04 12:31:00,0,ok,4,13.92,1.63,18.14,70.0,2.436,338.5,0.10648,12.69,14.27,,,,
AL1-20250508-1131,C7.1,C6.9,2025-05-08 11:41:00,0,ok,9,19.9,2.01,19.9,10.0,2.235,432.8,0.11723,16.47,19.0,,,,
AL1-20250508-1350,C7.4,C6.3,2025-05-08 13:56:00,0,ok,4,21.24,2.02,21.24,-10.0,1.99,412.4,0.11371,,,,,,
AL1-20250508-1454,C6.7,C6.9,2025-05-08 15:00:00,0,ok,11,19.25,1.91,19.25,10.0,1.18,452.3,0.09877,16.77,19.38,,,,
AL1-20250509-1114,C5.1,C4.8,2025-05-09 11:21:00,0,ok,3,19.52,2.02,19.52,10.0,2.338,307.6,0.1061,14.78,16.86,,,,
AL1-20250510-1616,C5.8,C5.5,2025-05-10 16:20:00,0,ok,6,18.08,1.73,18.92,-10.0,2.879,322.9,0.1327,15.75,18.07,,,,
AL1-20250511-2334,C5.3,C5.1,2025-05-11 23:44:00,0,ok,3,14.74,1.63,15.7,50.0,1.706,332.0,0.09644,13.79,15.63,,,,
AL1-20250511-2355,M1.6,M1.9,2025-05-11 23:59:00,0,ok,4,23.99,1.08,23.99,10.0,3.034,850.3,0.2898,22.13,26.62,,,,
AL1-20250513-1525,X1.1,X1.1,2025-05-13 15:37:00,0,ok,28,19.45,0.27,22.55,190.0,1.685,9642.8,0.21588,17.63,20.51,0.9,,,
AL1-20250514-0305,M5.4,M5.2,2025-05-14 03:24:00,0,ok,58,18.48,0.36,25.12,530.0,1.053,4626.6,0.23643,17.12,19.84,0.828,,,
AL1-20250514-0701,C6.2,C5.4,2025-05-14 07:20:00,0,ok,20,16.24,1.79,16.94,350.0,1.243,376.1,0.10881,16.08,18.5,,,,
AL1-20250514-0736,M1.1,M1.1,2025-05-14 07:45:00,0,ok,26,11.62,0.93,18.28,110.0,2.657,898.4,0.10251,12.78,14.38,0.717,,,
AL1-20250514-0803,X2.4,X2.4,2025-05-14 08:24:00,0,ok,39,23.42,0.19,30.2,410.0,0.944,18245.7,0.3207,21.44,25.65,0.94,,,
AL1-20250514-1106,M7.7,M7.5,2025-05-14 11:19:00,0,ok,61,19.88,0.3,26.32,290.0,1.417,6771.6,0.27379,18.91,22.2,0.958,,,
AL1-20250514-1801,M4.5,M4.6,2025-05-14 18:10:00,0,ok,36,20.5,0.44,21.09,50.0,1.52,3959.1,0.2474,19.33,22.76,0.965,,,
AL1-20250519-0814,M3.4,M3.1,2025-05-19 08:21:00,0,ok,18,21.56,0.62,21.56,10.0,2.883,2204.1,0.2266,18.61,21.8,1.0,,,
AL1-20250524-1027,C6.0,C5.9,2025-05-24 10:31:00,0,ok,8,18.98,2.07,19.53,-10.0,2.087,375.3,0.15055,17.68,20.57,,,,
AL1-20250524-1235,C6.1,C6.0,2025-05-24 12:43:00,0,ok,6,13.24,1.44,15.84,-10.0,2.813,486.6,0.11472,11.86,13.28,,,,
AL1-20250524-1643,C5.5,C5.3,2025-05-24 16:47:00,0,no fittable bins,,,,,,,,,,,,,,
AL1-20250524-2013,M2.2,M2.1,2025-05-24 20:23:00,0,ok,25,18.09,0.67,22.97,130.0,2.136,1800.3,0.20209,17.84,20.78,0.929,,,
AL1-20250524-2343,C8.0,C7.6,2025-05-24 23:50:00,0,ok,24,18.7,1.62,18.7,10.0,1.187,616.7,0.14758,17.37,20.15,0.524,,,
AL1-20250526-0219,C5.9,C5.6,2025-05-26 02:29:00,0,ok,16,13.13,1.39,17.28,150.0,2.13,506.0,0.12059,11.77,13.16,,,,
AL1-20250526-0704,C6.9,C6.5,2025-05-26 07:15:00,0,ok,22,14.37,1.22,19.22,110.0,1.747,558.2,0.14686,16.82,19.44,0.679,,,
AL1-20250526-1252,M2.9,M2.9,2025-05-26 13:06:00,0,ok,37,18.29,0.55,23.22,190.0,1.795,2701.5,0.18776,16.69,19.29,0.937,,,
AL1-20250526-1327,M1.4,M1.4,2025-05-26 13:37:00,0,ok,34,17.77,1.24,25.07,290.0,2.5,1301.9,0.13175,16.93,19.52,0.736,,,
AL1-20250526-2244,C9.8,C9.7,2025-05-26 22:50:00,0,ok,33,17.84,1.18,18.94,150.0,2.111,860.6,0.15816,16.96,19.63,0.7,,,
AL1-20250529-0253,C7.1,C7.0,2025-05-29 03:01:00,0,ok,8,14.21,1.18,20.2,-30.0,2.933,535.1,0.14141,14.55,16.57,,,,
AL1-20250530-0553,M3.2,M3.4,2025-05-30 06:12:00,0,ok,43,19.99,0.55,23.2,370.0,2.259,2885.8,0.20605,17.91,20.88,0.829,,,
AL1-20250530-1824,M1.5,,2025-05-30 18:45:00,0,ok,75,15.94,0.93,20.78,1010.0,1.931,1428.2,0.1353,15.17,17.34,0.591,,,
AL1-20250530-2331,M6.5,M8.1,2025-05-31 00:04:00,0,ok,66,17.87,0.38,24.34,1550.0,1.612,5439.8,0.1678,,,0.481,,,
AL1-20250531-0510,M2.0,M2.4,2025-05-31 05:18:00,0,ok,12,18.45,0.67,22.3,110.0,1.97,1990.0,0.14153,16.86,19.51,,,,
AL1-20250531-0722,C6.4,C7.0,2025-05-31 07:27:00,0,ok,7,19.0,1.66,22.69,30.0,1.979,512.9,0.13217,19.26,22.66,,,,
AL1-20250531-0812,M4.0,M4.5,2025-05-31 08:18:00,0,ok,20,22.36,0.51,22.36,10.0,1.917,3583.1,0.24518,20.64,24.55,1.0,,,
AL1-20250531-1000,C8.4,C3.2,2025-05-31 10:14:00,0,ok,11,18.58,1.36,22.2,50.0,1.836,629.6,0.15457,16.48,19.01,,,,
AL1-20250531-1539,M2.7,M2.9,2025-05-31 15:48:00,0,ok,38,18.04,0.58,22.51,270.0,2.592,2502.4,0.18748,17.51,20.35,0.909,,,
AL1-20250601-1433,C8.9,C8.9,2025-06-01 14:43:00,0,ok,21,18.4,1.22,22.5,70.0,3.259,751.4,0.1831,17.4,20.2,1.0,,,
AL1-20250602-1102,M3.1,M3.3,2025-06-02 11:19:00,0,ok,79,18.29,0.58,22.79,550.0,2.123,2953.8,0.16799,16.63,19.21,0.91,,,
AL1-20250602-2037,C9.0,C9.2,2025-06-02 20:59:00,0,ok,79,14.19,1.09,19.59,330.0,1.334,796.2,0.13281,12.86,14.49,0.885,,,
AL1-20250602-2135,M1.1,M1.1,2025-06-02 21:41:00,0,ok,24,17.97,1.16,22.38,210.0,2.177,1025.2,0.14148,16.6,19.15,0.929,,,
AL1-20250603-1252,M1.4,M1.4,2025-06-03 13:03:00,0,ok,49,17.58,0.89,24.14,430.0,1.928,1295.9,0.15291,15.86,18.22,0.829,,,
AL1-20250604-2300,M1.0,M1.1,2025-06-04 23:28:00,0,ok,43,13.38,0.97,18.77,430.0,2.013,967.9,0.11848,11.13,12.39,0.875,,,
AL1-20250605-1531,C8.4,C8.7,2025-06-05 15:46:00,0,ok,39,15.74,1.21,22.17,250.0,1.981,728.5,0.13097,13.69,15.5,0.703,,,
AL1-20250605-1639,C5.1,,2025-06-05 17:12:00,0,no fittable bins,,,,,,,,,,,,,,
AL1-20250612-1742,C6.1,C5.8,2025-06-12 17:48:00,0,ok,3,13.46,1.55,15.3,-30.0,1.226,362.7,0.09333,11.96,13.39,,,,
AL1-20250613-2102,M1.3,M1.2,2025-06-13 21:10:00,0,ok,31,17.18,1.09,23.5,210.0,2.536,981.1,0.1585,16.41,18.88,0.806,,,
AL1-20250614-0231,C5.0,C5.0,2025-06-14 02:42:00,0,no fittable bins,,,,,,,,,,,,,,
AL1-20250614-1753,M1.1,M1.0,2025-06-14 18:04:00,0,ok,29,16.69,0.99,24.13,150.0,2.386,804.9,0.15649,14.6,16.62,0.879,,,
AL1-20250614-2110,C8.0,C8.3,2025-06-14 21:37:00,0,ok,45,16.35,1.46,18.99,510.0,1.458,552.0,0.11789,17.87,20.81,0.618,,,
AL1-20250614-2252,M6.8,M6.8,2025-06-14 23:00:00,0,ok,43,21.93,0.36,25.9,270.0,2.024,5758.1,0.26496,20.43,24.26,0.78,,,
AL1-20250615-0258,C7.2,C7.5,2025-06-15 03:27:00,0,ok,70,16.29,1.68,20.85,710.0,1.253,484.9,0.09598,13.34,15.07,0.823,,,
AL1-20250615-0744,M2.1,M2.2,2025-06-15 07:56:00,0,ok,38,15.12,0.63,18.11,190.0,1.969,1899.5,0.13266,14.33,16.29,0.51,,,
AL1-20250615-1035,M2.0,M1.9,2025-06-15 10:46:00,0,ok,34,18.52,0.68,22.95,110.0,2.499,1575.1,0.18978,17.31,20.08,0.82,,,
AL1-20250615-1750,M7.3,M8.4,2025-06-15 18:05:00,0,ok,90,22.11,0.35,24.37,650.0,1.788,6380.3,0.27237,19.97,23.64,0.589,,,
AL1-20250615-1919,C7.0,C7.9,2025-06-15 19:31:00,0,ok,4,16.24,1.72,16.75,-30.0,1.366,467.0,0.09379,15.16,17.3,,,,
AL1-20250615-1938,C9.0,C9.8,2025-06-15 19:48:00,0,ok,29,16.02,1.58,21.88,210.0,1.73,630.4,0.12327,14.08,15.94,0.547,,,
AL1-20250615-2031,C6.9,C7.9,2025-06-15 20:38:00,0,ok,2,13.06,1.57,16.98,-30.0,2.036,459.4,0.09522,13.29,14.97,,,,
AL1-20250615-2233,C7.4,C7.2,2025-06-15 22:40:00,0,ok,2,16.53,2.07,16.53,30.0,1.484,473.6,0.10878,,,,,,
AL1-20250615-2345,M1.1,M1.2,2025-06-15 23:57:00,0,ok,27,16.31,1.1,20.37,270.0,1.975,821.4,0.14197,14.95,17.06,0.75,,,
AL1-20250616-0141,C6.4,C6.5,2025-06-16 01:48:00,0,no fittable bins,,,,,,,,,,,,,,
AL1-20250616-0258,C6.6,C6.7,2025-06-16 03:14:00,0,no fittable bins,,,,,,,,,,,,,,
AL1-20250616-0409,M1.5,M1.8,2025-06-16 04:22:00,0,ok,77,16.28,0.75,25.97,350.0,1.926,1249.0,0.16375,15.27,17.46,0.855,,,
AL1-20250616-0916,M5.3,M6.3,2025-06-16 09:37:00,0,ok,61,20.5,0.39,22.97,110.0,2.021,4550.7,0.23616,18.49,21.64,0.91,,,
AL1-20250616-1130,M1.3,M1.4,2025-06-16 11:39:00,0,ok,26,16.42,1.07,20.54,250.0,1.543,1058.8,0.11299,14.82,16.89,0.45,,,
AL1-20250616-1444,M1.2,M1.1,2025-06-16 14:54:00,0,ok,40,16.89,1.0,23.08,330.0,1.86,917.4,0.14182,14.81,16.89,0.929,,,
AL1-20250616-2011,C8.0,,2025-06-16 20:51:00,0,ok,13,12.43,1.43,15.2,30.0,1.994,582.4,0.0873,10.7,11.86,-0.371,,,
AL1-20250617-0111,C6.2,C6.9,2025-06-17 01:26:00,0,no fittable bins,,,,,,,,,,,,,,
AL1-20250618-0259,C9.2,C9.2,2025-06-18 03:12:00,0,ok,21,16.82,1.31,20.68,-110.0,2.232,588.0,0.14121,18.31,21.4,0.929,,,
AL1-20250618-0913,C7.5,C6.9,2025-06-18 09:29:00,0,ok,37,18.37,1.66,21.05,170.0,2.406,480.1,0.13418,17.95,20.92,0.374,,,
AL1-20250618-1122,C5.1,C4.7,2025-06-18 11:30:00,0,no fittable bins,,,,,,,,,,,,,,
AL1-20250618-1228,C5.9,C5.2,2025-06-18 12:34:00,0,ok,5,17.58,1.92,18.77,50.0,1.606,365.1,0.09064,12.84,14.46,,,,
AL1-20250619-0408,C5.1,C4.4,2025-06-19 04:12:00,0,ok,1,18.32,2.06,18.32,-10.0,2.017,295.2,0.11734,,,,,,
AL1-20250619-0639,C6.7,C5.9,2025-06-19 06:50:00,0,ok,14,14.32,1.46,19.2,150.0,2.202,396.1,0.13025,14.39,16.37,,,,
AL1-20250619-0713,C7.3,C6.0,2025-06-19 07:27:00,0,ok,46,17.7,1.44,21.78,330.0,2.848,450.9,0.15804,16.14,18.58,0.76,,,
AL1-20250619-0908,C8.5,C8.0,2025-06-19 09:16:00,0,ok,63,17.06,1.36,21.3,30.0,2.864,557.1,0.15428,16.98,19.66,0.725,,,
AL1-20250619-1916,C6.8,C5.9,2025-06-19 19:28:00,0,ok,15,14.46,1.4,18.47,110.0,2.484,420.6,0.12929,14.02,15.91,,,,
AL1-20250619-2337,X1.6,X1.8,2025-06-19 23:50:00,0,ok,25,26.06,0.26,26.37,30.0,1.857,14689.0,0.30084,23.36,28.38,0.905,,,
AL1-20250620-1723,M1.0,M1.0,2025-06-20 17:39:00,0,ok,60,11.68,0.9,17.07,390.0,2.562,1012.0,0.10372,12.09,13.54,0.756,,,
AL1-20250623-1209,C5.4,C5.0,2025-06-23 12:23:00,0,no fittable bins,,,,,,,,,,,,,,
AL1-20250708-0343,M2.2,M2.4,2025-07-08 04:17:00,0,ok,115,13.55,0.65,19.53,1010.0,1.366,2200.1,0.11133,12.58,14.14,0.944,,,
AL1-20250709-0413,M1.3,M1.3,2025-07-09 04:25:00,0,ok,45,15.48,0.9,21.18,110.0,2.71,1183.3,0.13978,14.07,15.97,0.964,,,
AL1-20250710-1932,C9.8,C8.9,2025-07-10 19:36:00,0,ok,12,19.97,1.08,23.86,70.0,2.468,739.1,0.21022,18.82,22.07,,,,
AL1-20250730-0610,C5.3,C4.7,2025-07-30 06:16:00,0,no fittable bins,,,,,,,,,,,,,,
AL1-20250803-1350,M2.9,M2.9,2025-08-03 13:57:00,0,ok,18,20.81,0.6,25.72,130.0,2.418,2399.2,0.19537,17.86,20.81,0.429,,,
AL1-20250803-2143,C7.1,C6.8,2025-08-03 21:56:00,0,ok,35,15.91,1.45,20.29,290.0,2.26,448.0,0.1295,14.19,16.11,0.776,,,
AL1-20250804-0125,C9.5,C8.7,2025-08-04 01:30:00,0,ok,15,16.84,1.12,21.95,110.0,2.425,637.0,0.13917,15.64,17.94,,,,
AL1-20250804-0451,M2.1,M2.0,2025-08-04 04:57:00,0,ok,70,18.65,0.66,23.54,130.0,2.037,1719.1,0.20275,16.77,19.38,0.783,,,
AL1-20250804-1026,C5.3,C5.0,2025-08-04 10:53:00,0,no fittable bins,,,,,,,,,,,,,,
AL1-20250806-0601,C5.5,C5.2,2025-08-06 06:13:00,0,ok,1,17.18,1.95,17.18,-30.0,1.274,352.6,0.08797,,,,,,
AL1-20250806-0746,C6.4,C6.0,2025-08-06 07:55:00,0,ok,12,16.18,1.71,18.38,110.0,1.43,426.2,0.1005,14.99,17.1,,,,
AL1-20250806-1141,C9.4,C8.5,2025-08-06 11:50:00,0,ok,20,15.39,1.06,17.6,90.0,1.328,659.9,0.13412,13.32,15.05,0.964,,,
AL1-20250806-1322,M1.0,C9.6,2025-08-06 13:28:00,0,ok,16,16.57,1.02,20.82,90.0,1.907,755.1,0.14862,14.77,16.84,,,,
AL1-20250806-1638,M1.1,M1.0,2025-08-06 17:01:00,0,ok,17,20.04,1.8,20.04,10.0,1.416,429.8,0.14328,18.38,21.5,0.943,,,
AL1-20250807-0209,C9.5,C9.1,2025-08-07 02:17:00,0,ok,16,16.94,1.32,17.86,110.0,1.561,654.2,0.11827,15.38,17.6,0.829,,,
AL1-20250807-0225,M2.2,M2.2,2025-08-07 02:31:00,0,ok,47,18.77,0.77,23.36,150.0,2.09,1769.5,0.16719,17.39,20.18,0.957,,,
AL1-20250807-2028,C8.9,,2025-08-07 20:39:00,0,ok,48,17.33,1.28,19.74,230.0,1.928,626.0,nan,15.11,17.27,,,,
AL1-20250808-0027,C5.6,C5.3,2025-08-08 00:43:00,0,ok,2,16.02,1.77,16.02,10.0,1.909,341.5,0.10244,,,,,,
AL1-20250808-0046,C7.6,C7.2,2025-08-08 00:57:00,0,no fittable bins,,,,,,,,,,,,,,
AL1-20250808-0328,M2.8,M2.8,2025-08-08 03:52:00,0,ok,43,19.2,0.59,22.97,210.0,1.672,2276.8,0.21097,16.73,19.33,0.785,,,
AL1-20250808-1415,C8.4,C8.1,2025-08-08 14:35:00,0,ok,50,12.28,1.06,18.54,110.0,2.653,585.8,0.11483,14.07,15.96,0.561,,,
AL1-20250808-1629,C9.4,C9.7,2025-08-08 16:55:00,0,ok,36,13.73,1.16,17.38,50.0,2.638,723.5,0.10352,12.21,13.68,0.832,,,
AL1-20250808-1741,C7.7,C7.7,2025-08-08 18:08:00,0,ok,29,10.82,1.32,16.83,570.0,1.773,448.4,0.09935,,,0.697,,,
AL1-20250808-1851,C9.8,M1.0,2025-08-08 19:10:00,0,ok,29,15.26,1.24,19.61,70.0,2.173,734.0,0.11249,15.56,17.83,0.267,,,
AL1-20250808-2211,C5.6,C4.9,2025-08-08 22:18:00,0,ok,7,16.35,1.56,17.46,30.0,2.112,309.8,0.13738,15.73,18.05,,,,
AL1-20250809-0258,C5.5,C5.3,2025-08-09 03:03:00,0,no fittable bins,,,,,,,,,,,,,,
AL1-20250809-0647,C9.2,C9.1,2025-08-09 07:02:00,0,ok,22,17.63,1.32,18.61,30.0,1.731,655.3,0.12772,15.68,17.99,0.571,,,
AL1-20250809-0858,C5.2,,2025-08-09 09:24:00,0,no fittable bins,,,,,,,,,,,,,,
AL1-20250809-1040,C5.9,C6.1,2025-08-09 10:49:00,0,no fittable bins,,,,,,,,,,,,,,
AL1-20250809-1609,M1.6,M1.6,2025-08-09 16:20:00,0,ok,38,18.88,0.78,24.5,170.0,2.142,1277.8,0.19465,18.12,21.15,0.93,,,
AL1-20250809-1632,M1.7,M1.7,2025-08-09 16:40:00,0,ok,27,16.77,0.88,20.51,110.0,2.484,1396.2,0.15888,15.66,17.94,0.533,,,
AL1-20250810-0243,M1.6,M1.7,2025-08-10 03:12:00,0,ok,104,15.12,0.74,18.18,870.0,1.74,1401.0,0.13535,13.87,15.72,0.501,,,
AL1-20250810-1159,C9.0,C8.8,2025-08-10 12:09:00,0,ok,34,13.72,1.13,17.9,150.0,1.425,651.7,0.10491,13.9,15.75,0.755,,,
AL1-20250810-1455,M2.3,M2.2,2025-08-10 15:07:00,0,ok,14,18.76,0.68,22.94,70.0,1.973,1682.0,0.16579,17.09,19.79,,,,
AL1-20250810-2253,M1.7,M1.7,2025-08-10 23:04:00,0,ok,44,18.07,0.81,22.04,250.0,1.381,1425.9,0.15688,16.65,19.23,0.833,,,
AL1-20250811-0301,C9.9,C9.9,2025-08-11 03:05:00,0,ok,8,21.23,1.4,21.23,10.0,2.729,634.8,0.12265,17.76,20.67,,,,
AL1-20250811-0341,M1.3,M1.3,2025-08-11 03:52:00,0,ok,33,17.8,0.98,22.34,250.0,1.263,1079.3,0.14542,16.29,18.76,0.9,,,
AL1-20250811-0526,C7.8,C7.3,2025-08-11 05:35:00,0,ok,13,12.22,1.36,22.24,150.0,1.133,549.2,0.09608,13.45,15.2,,,,
AL1-20250811-0559,C7.4,C7.5,2025-08-11 06:09:00,0,no fittable bins,,,,,,,,,,,,,,
AL1-20250811-0834,C9.3,C8.9,2025-08-11 08:42:00,0,ok,29,17.79,1.24,21.84,170.0,1.869,639.2,0.14033,16.82,19.44,0.855,,,
AL1-20250811-1025,C7.9,C7.5,2025-08-11 10:53:00,0,ok,6,18.74,1.93,18.74,-10.0,1.602,520.8,0.10196,16.99,19.64,,,,
AL1-20250811-1223,C7.7,C7.2,2025-08-11 12:39:00,0,ok,32,13.31,1.24,21.26,210.0,1.381,511.9,0.11209,12.74,14.34,0.374,,,
AL1-20250811-1349,C6.7,C5.9,2025-08-11 13:56:00,0,ok,5,14.65,1.58,19.16,-10.0,2.171,372.5,0.11551,14.83,16.9,,,,
AL1-20250811-1420,M1.5,M1.5,2025-08-11 14:32:00,0,ok,77,14.42,0.76,20.17,210.0,1.531,1202.2,0.14319,13.12,14.8,0.851,,,
AL1-20250811-1518,M1.6,M1.6,2025-08-11 15:35:00,0,ok,42,14.98,0.84,23.62,650.0,1.629,1322.6,0.13556,13.97,15.83,-0.134,,,
AL1-20250811-1708,C6.6,,2025-08-11 17:33:00,0,no fittable bins,,,,,,,,,,,,,,
AL1-20250811-1904,C6.4,,2025-08-11 19:26:00,0,no fittable bins,,,,,,,,,,,,,,
AL1-20250811-2017,C5.9,C5.5,2025-08-11 20:27:00,0,no fittable bins,,,,,,,,,,,,,,
AL1-20250811-2153,C9.7,M1.0,2025-08-11 22:18:00,0,ok,69,16.39,1.45,18.79,770.0,0.72,741.8,0.10323,14.47,16.44,0.756,,,
AL1-20250812-0042,M1.6,M1.5,2025-08-12 00:57:00,0,ok,89,14.7,0.69,22.53,370.0,1.757,1214.7,0.18595,14.72,16.78,0.848,,,
AL1-20250812-0118,M1.7,M1.8,2025-08-12 01:22:00,0,ok,13,14.9,1.75,20.71,50.0,1.457,1389.6,0.11217,14.61,16.58,,,,
AL1-20250812-0332,C7.6,C7.7,2025-08-12 03:37:00,0,ok,12,18.28,1.73,18.28,10.0,2.555,469.6,0.1136,16.74,19.34,,,,
AL1-20250812-0413,C6.2,C5.8,2025-08-12 04:28:00,0,ok,6,15.62,1.69,16.79,110.0,0.566,385.1,0.10284,15.8,18.13,,,,
AL1-20250812-1147,C8.2,C7.7,2025-08-12 11:52:00,0,ok,8,14.79,1.33,18.78,-10.0,2.655,447.5,0.11704,16.44,18.96,,,,
AL1-20250812-1203,C6.8,C6.1,2025-08-12 12:18:00,0,ok,27,13.83,1.65,17.8,470.0,0.799,430.4,0.11096,12.88,14.49,0.783,,,
AL1-20250812-1251,C5.1,C5.0,2025-08-12 12:55:00,0,no fittable bins,,,,,,,,,,,,,,
AL1-20250812-1806,C8.7,C8.3,2025-08-12 18:43:00,0,ok,49,14.44,1.27,16.04,430.0,1.597,637.9,0.10215,13.94,15.8,0.696,,,
AL1-20250819-0352,M1.1,M1.1,2025-08-19 04:36:00,0,ok,80,11.28,0.95,14.85,470.0,1.213,929.2,0.08371,10.47,11.6,0.584,,,
AL1-20250822-1751,M1.7,M1.7,2025-08-22 18:58:00,0,ok,123,13.51,0.83,17.21,1890.0,1.616,1542.5,0.09503,11.95,13.38,0.045,,,
AL1-20250824-0652,C6.3,C5.7,2025-08-24 07:05:00,0,ok,10,13.66,1.45,21.33,110.0,2.248,399.9,0.10496,16.12,18.54,,,,
AL1-20250824-0826,M1.3,M1.3,2025-08-24 08:35:00,0,ok,29,17.05,0.94,22.08,90.0,2.624,1018.5,0.15668,17.22,19.96,0.77,,,
AL1-20250824-2349,C9.1,,2025-08-25 00:17:00,0,no fittable bins,,,,,,,,,,,,,,
AL1-20250825-0501,C7.3,,2025-08-25 05:12:00,0,ok,8,14.29,1.65,18.32,70.0,1.35,528.2,0.0827,,,,,,
AL1-20250825-0514,M4.3,M4.5,2025-08-25 05:23:00,0,ok,63,20.14,0.51,24.08,370.0,2.09,3980.8,0.19869,18.8,22.05,0.81,,,
AL1-20250825-0845,M1.1,M1.0,2025-08-25 09:06:00,0,ok,45,16.65,1.2,24.85,830.0,1.643,716.9,0.12439,15.61,17.9,0.918,,,
AL1-20250825-1028,C5.9,C5.5,2025-08-25 10:42:00,0,ok,4,15.62,1.7,20.34,30.0,1.438,387.8,0.08891,13.43,15.18,,,,
AL1-20250825-1506,M1.2,M1.2,2025-08-25 15:18:00,0,ok,32,19.72,1.23,21.62,390.0,1.733,978.1,0.12948,18.65,21.85,0.182,,,
AL1-20250825-1529,M1.1,M1.1,2025-08-25 15:37:00,0,ok,12,19.05,1.88,20.67,110.0,2.288,894.6,0.10815,17.45,20.17,,,,
AL1-20250827-0000,C7.2,C7.5,2025-08-27 00:08:00,0,no pre-flare background,,,,,,,,,,,,,,
AL1-20250827-1230,C5.4,,2025-08-27 12:38:00,0,no fittable bins,,,,,,,,,,,,,,
AL1-20250827-1239,C9.1,C9.2,2025-08-27 12:50:00,0,ok,10,17.95,2.31,19.04,90.0,0.833,711.3,0.09236,,,,,,
AL1-20250827-1426,C5.1,C5.4,2025-08-27 14:32:00,0,no fittable bins,,,,,,,,,,,,,,
AL1-20250828-0004,C6.2,C6.6,2025-08-28 00:16:00,0,no fittable bins,,,,,,,,,,,,,,
AL1-20250828-1401,C8.7,C8.5,2025-08-28 14:07:00,0,ok,19,17.07,1.28,21.27,90.0,2.232,598.4,0.12461,13.76,15.58,0.943,,,
AL1-20250828-1411,M1.1,M1.1,2025-08-28 14:16:00,0,ok,14,19.24,2.01,26.63,90.0,2.61,856.1,0.13169,18.37,21.36,,,,
AL1-20250828-1652,M1.3,M1.2,2025-08-28 17:10:00,0,ok,25,19.71,1.06,20.38,70.0,1.6,901.5,0.15147,18.42,21.55,0.738,,,
AL1-20250828-1846,C5.1,,2025-08-28 18:56:00,0,no fittable bins,,,,,,,,,,,,,,
AL1-20250828-1857,M1.0,M1.0,2025-08-28 19:02:00,0,ok,12,16.4,1.46,21.66,50.0,1.941,715.9,0.12189,17.09,19.76,,,,
AL1-20250828-2013,C6.6,M1.5,2025-08-28 20:35:00,0,no fittable bins,,,,,,,,,,,,,,
AL1-20250828-2036,M1.5,M1.5,2025-08-28 20:40:00,0,ok,16,22.63,1.09,22.63,10.0,1.566,1258.0,0.1493,18.27,21.32,,,,
AL1-20250828-2145,C5.3,C5.5,2025-08-28 21:53:00,0,no fittable bins,,,,,,,,,,,,,,
AL1-20250828-2234,C7.7,C7.0,2025-08-28 22:42:00,0,ok,5,20.41,2.12,22.91,-30.0,2.339,425.1,0.10452,,,,,,
AL1-20250829-0018,C6.1,C6.5,2025-08-29 00:28:00,0,no fittable bins,,,,,,,,,,,,,,
AL1-20250829-0037,C6.6,C6.9,2025-08-29 00:48:00,0,no fittable bins,,,,,,,,,,,,,,
AL1-20250829-0407,M1.0,M1.0,2025-08-29 04:15:00,0,ok,6,21.08,1.57,21.08,-10.0,2.425,557.4,0.13626,20.34,24.09,,,,
AL1-20250829-1238,C5.8,C5.9,2025-08-29 12:44:00,0,no fittable bins,,,,,,,,,,,,,,
AL1-20250829-1704,C5.2,C5.0,2025-08-29 17:15:00,0,ok,1,16.55,1.89,16.55,30.0,2.244,337.5,0.09051,,,,,,
AL1-20250830-1029,C5.1,C4.9,2025-08-30 10:37:00,0,no fittable bins,,,,,,,,,,,,,,
AL1-20250830-1405,M1.3,M1.3,2025-08-30 14:10:00,0,ok,49,18.83,1.09,21.92,-270.0,1.64,959.5,0.15103,15.63,17.92,0.394,,,
AL1-20250830-1552,M1.2,M1.2,2025-08-30 15:58:00,0,ok,47,19.54,0.98,23.67,150.0,3.025,965.8,0.167,18.76,22.0,0.982,,,
AL1-20250830-1907,M2.5,M2.7,2025-08-30 20:01:00,0,ok,173,14.44,0.59,23.74,2190.0,1.631,2225.6,0.12498,14.35,16.32,0.564,,,
AL1-20250902-1440,C6.6,C6.1,2025-09-02 14:51:00,0,ok,18,16.48,1.52,21.83,150.0,1.79,426.4,0.11183,12.52,14.06,0.6,,,
AL1-20250902-2344,C5.0,C4.9,2025-09-02 23:50:00,0,ok,1,16.69,1.83,16.69,10.0,3.215,324.3,0.08798,,,,,,
AL1-20250904-0522,C8.5,C9.2,2025-09-04 05:32:00,0,ok,20,14.8,1.1,22.06,90.0,2.229,576.4,0.12487,14.83,16.93,0.929,,,
AL1-20250904-1336,C9.4,M1.0,2025-09-04 13:43:00,0,ok,17,16.89,1.19,20.29,90.0,2.026,614.2,0.13544,16.13,18.56,,,,
AL1-20250905-0107,M1.2,M1.4,2025-09-05 01:16:00,0,ok,26,17.49,0.96,23.11,230.0,2.056,968.5,0.14427,15.76,18.09,0.883,,,
AL1-20250906-1032,C5.3,C4.8,2025-09-06 10:41:00,0,ok,1,16.62,1.87,16.62,10.0,1.782,329.8,0.09657,,,,,,
AL1-20250906-2159,M1.2,M1.2,2025-09-06 22:15:00,0,ok,6,19.4,1.02,20.33,30.0,2.794,942.2,0.11796,16.42,18.94,,,,
AL1-20250907-0041,M1.0,C9.5,2025-09-07 00:47:00,0,ok,9,20.12,1.34,21.21,30.0,2.575,679.2,0.12285,16.84,19.47,,,,
AL1-20250907-0513,C6.7,C6.3,2025-09-07 05:20:00,0,ok,5,14.58,1.72,18.61,30.0,2.688,432.4,0.09728,13.21,14.88,,,,
AL1-20250911-1511,C9.1,C7.6,2025-09-11 15:21:00,0,ok,30,19.35,1.38,19.52,170.0,1.451,649.2,0.13709,17.21,19.95,0.976,,,
AL1-20250919-2047,C5.7,C5.8,2025-09-19 21:12:00,0,no fittable bins,,,,,,,,,,,,,,
AL1-20250919-2122,M1.4,M1.5,2025-09-19 21:41:00,0,ok,64,13.28,0.86,21.12,450.0,1.416,1188.9,0.10643,12.13,13.59,0.662,,,
AL1-20250923-1027,M1.1,M1.0,2025-09-23 10:34:00,0,ok,12,15.56,1.02,17.01,50.0,2.658,794.1,0.11617,14.68,16.74,,,,
AL1-20250930-0043,M1.2,,2025-09-30 00:56:00,0,ok,7,18.03,1.11,18.05,-10.0,2.785,800.6,0.09835,17.49,20.32,,,,
AL1-20250930-0152,C5.8,C5.8,2025-09-30 02:13:00,0,no fittable bins,,,,,,,,,,,,,,
AL1-20250930-0934,M2.5,,2025-09-30 09:40:00,0,ok,24,17.57,0.64,20.72,130.0,2.146,2261.7,0.13449,15.21,17.39,1.0,,,
AL1-20250930-1201,M1.8,M1.7,2025-09-30 12:27:00,0,ok,107,15.98,0.74,20.84,370.0,1.587,1463.1,0.15194,16.25,18.72,0.75,,,
AL1-20251001-0114,C8.2,C7.8,2025-10-01 01:28:00,0,ok,47,15.64,1.33,20.7,130.0,1.388,543.6,0.12181,14.62,16.66,0.776,,,
AL1-20251001-0214,M1.2,M1.2,2025-10-01 02:25:00,0,ok,45,19.33,1.16,19.71,190.0,1.373,929.0,0.13411,16.12,18.54,0.732,,,
AL1-20251001-0956,C7.8,,2025-10-01 10:35:00,0,no fittable bins,,,,,,,,,,,,,,
AL1-20251001-1128,C7.8,C8.5,2025-10-01 11:34:00,0,ok,1,14.12,1.72,14.12,30.0,1.69,560.9,0.07183,,,,,,
AL1-20251001-1638,M1.2,M1.2,2025-10-01 16:50:00,0,ok,39,17.13,0.99,20.33,190.0,2.026,923.5,0.13082,15.04,17.19,0.775,,,
AL1-20251002-0200,M1.2,M1.1,2025-10-02 02:08:00,0,ok,10,19.15,1.3,20.06,-70.0,2.298,615.2,0.16228,18.05,21.06,,,,
AL1-20251003-0500,M1.4,M1.5,2025-10-03 05:21:00,0,ok,82,12.98,0.83,19.74,650.0,2.186,1150.3,0.10602,13.01,14.66,0.681,,,
AL1-20251003-0602,C9.5,C9.7,2025-10-03 06:11:00,0,ok,33,18.2,1.39,22.35,170.0,2.073,694.4,0.10695,16.5,19.02,0.745,,,
AL1-20251003-1221,C6.1,C6.1,2025-10-03 12:36:00,0,ok,1,15.25,1.7,15.25,50.0,1.291,421.6,0.07392,,,,,,
AL1-20251003-1420,M1.2,M1.2,2025-10-03 14:35:00,0,ok,73,15.79,1.03,24.05,450.0,1.943,1009.8,0.11863,15.52,17.79,0.871,,,
AL1-20251003-1659,C7.7,C7.2,2025-10-03 17:17:00,0,ok,49,14.78,1.35,21.96,450.0,2.635,540.2,0.11961,13.49,15.26,0.535,,,
AL1-20251004-0134,C5.7,C5.5,2025-10-04 01:41:00,0,ok,2,15.19,1.7,15.19,-10.0,1.352,348.1,0.10127,,,,,,
AL1-20251006-2018,C5.5,C5.1,2025-10-06 20:37:00,0,no fittable bins,,,,,,,,,,,,,,
AL1-20251007-1123,C6.3,C5.5,2025-10-07 11:29:00,0,ok,10,17.69,1.72,19.75,70.0,2.556,377.4,0.12635,16.0,18.4,,,,
AL1-20251007-1957,C9.3,C9.2,2025-10-07 20:07:00,0,ok,32,15.95,1.32,18.91,130.0,1.352,684.4,0.10392,13.5,15.26,0.745,,,
AL1-20251009-1214,M2.1,M2.0,2025-10-09 12:30:00,0,ok,83,14.79,0.67,19.76,450.0,2.143,1744.0,0.13845,14.61,16.65,0.907,,,
AL1-20251012-1317,C9.2,C9.4,2025-10-12 13:48:00,0,ok,107,13.23,1.14,17.76,930.0,1.731,646.1,0.11454,11.54,12.89,0.783,,,
AL1-20251013-0001,C6.6,C6.4,2025-10-13 00:12:00,0,no pre-flare background,,,,,,,,,,,,,,
AL1-20251013-0017,C8.9,C9.3,2025-10-13 00:35:00,0,no fittable bins,,,,,,,,,,,,,,
AL1-20251013-0404,C6.2,C5.7,2025-10-13 04:12:00,0,ok,6,20.26,2.3,20.26,10.0,1.08,354.6,0.12578,18.8,22.02,,,,
AL1-20251013-0457,M1.8,M1.9,2025-10-13 05:24:00,0,ok,103,16.06,0.71,19.78,730.0,2.063,1505.0,0.16023,14.61,16.64,0.782,,,
AL1-20251013-0649,C7.9,C7.4,2025-10-13 06:54:00,0,ok,6,20.1,2.04,20.71,70.0,1.011,534.3,0.11461,16.54,19.04,,,,
AL1-20251013-0721,C5.9,C5.7,2025-10-13 07:30:00,0,no fittable bins,,,,,,,,,,,,,,
AL1-20251013-0739,M1.0,C9.8,2025-10-13 07:47:00,0,ok,28,18.4,1.24,21.97,70.0,1.582,744.2,0.14312,18.89,22.14,0.583,,,
AL1-20251013-0855,M2.8,,2025-10-13 09:19:00,0,ok,78,15.81,0.54,18.24,250.0,1.667,2334.8,0.16551,14.97,17.1,0.967,,,
AL1-20251013-1032,M1.0,C9.4,2025-10-13 10:46:00,0,ok,50,13.65,0.97,18.79,350.0,2.441,735.8,0.13274,13.22,14.92,0.558,,,
AL1-20251013-1304,M1.3,M1.2,2025-10-13 13:17:00,0,ok,85,17.02,0.96,22.44,530.0,2.367,1017.4,0.16797,17.02,19.7,0.739,,,
AL1-20251013-1639,C7.8,C7.2,2025-10-13 16:52:00,0,ok,18,17.24,1.45,20.86,150.0,1.606,489.4,0.13222,14.23,16.16,0.886,,,
AL1-20251013-1847,C6.5,C6.1,2025-10-13 18:58:00,0,ok,10,16.38,1.55,21.31,90.0,2.028,390.0,0.1191,14.97,17.09,,,,
AL1-20251013-1901,C8.5,C8.0,2025-10-13 19:07:00,0,no fittable bins,,,,,,,,,,,,,,
AL1-20251014-0035,M2.1,M2.0,2025-10-14 00:40:00,0,ok,17,24.02,0.86,26.23,90.0,2.652,1298.3,0.23016,21.11,25.2,,,,
AL1-20251014-0833,C6.6,,2025-10-14 08:46:00,0,ok,7,16.15,1.85,17.92,-10.0,0.996,402.8,nan,18.54,21.69,,,,
AL1-20251014-1241,M1.8,M1.9,2025-10-14 12:47:00,0,ok,35,18.9,0.86,22.52,110.0,2.134,1552.2,0.15363,17.23,19.99,0.773,,,
AL1-20251014-1525,C5.1,C5.0,2025-10-14 15:39:00,0,no fittable bins,,,,,,,,,,,,,,
AL1-20251014-1746,C7.2,C6.6,2025-10-14 17:53:00,0,ok,1,18.78,2.12,18.78,-30.0,1.549,488.4,0.0969,,,,,,
AL1-20251014-1924,C7.5,C7.0,2025-10-14 19:42:00,0,ok,12,12.36,1.29,17.92,70.0,1.996,460.5,0.11046,15.77,18.1,,,,
AL1-20251014-2027,M3.2,M3.1,2025-10-14 20:35:00,0,ok,34,21.13,0.58,24.22,90.0,1.764,2518.3,0.21888,18.88,22.15,0.973,,,
AL1-20251014-2132,C8.0,C7.8,2025-10-14 21:43:00,0,ok,18,12.92,1.36,18.39,-10.0,1.266,552.2,0.09857,13.76,15.57,0.486,,,
AL1-20251014-2356,C5.5,C5.3,2025-10-15 00:10:00,0,no fittable bins,,,,,,,,,,,,,,
AL1-20251015-0123,C8.0,C7.7,2025-10-15 01:43:00,0,ok,18,11.62,1.35,16.32,50.0,2.384,520.2,0.09692,10.88,12.09,0.886,,,
AL1-20251015-0340,C9.2,C9.1,2025-10-15 03:44:00,0,ok,8,23.21,1.97,25.29,30.0,2.353,477.4,0.13156,21.57,25.81,,,,
AL1-20251015-0348,M1.5,,2025-10-15 03:57:00,0,ok,17,17.08,0.96,31.7,270.0,2.9,1197.8,0.16802,15.17,17.32,,,,
AL1-20251015-0358,M4.9,M4.8,2025-10-15 04:16:00,0,ok,85,17.35,0.5,30.17,850.0,1.163,4377.8,0.198,16.17,18.62,0.814,,,
AL1-20251015-0704,M3.7,M3.7,2025-10-15 07:17:00,0,ok,39,18.67,0.49,22.99,230.0,1.931,3024.4,0.19943,16.91,19.57,0.863,,,
AL1-20251015-1401,M1.2,M1.1,2025-10-15 14:10:00,0,ok,71,16.07,0.97,22.64,110.0,2.442,926.8,0.12994,15.13,17.29,0.725,,,
AL1-20251015-1802,C8.1,C8.3,2025-10-15 18:07:00,0,ok,4,16.06,1.4,19.66,30.0,1.836,609.1,0.09664,13.7,15.49,,,,
AL1-20251015-2146,M2.7,M2.7,2025-10-15 22:27:00,0,ok,101,16.29,0.6,24.93,1650.0,0.994,2324.6,0.16346,14.53,16.55,0.482,,,
AL1-20251015-2337,M2.3,M2.4,2025-10-15 23:44:00,0,ok,31,18.86,0.85,25.38,170.0,1.828,1948.9,0.14382,16.8,19.38,0.733,,,
AL1-20251017-0119,M1.6,M1.5,2025-10-17 01:27:00,0,ok,45,21.28,1.0,21.82,30.0,1.948,1128.0,0.17166,17.98,20.96,0.536,,,
AL1-20251018-0217,M1.2,M1.1,2025-10-18 02:37:00,0,ok,68,17.14,1.03,23.74,850.0,1.472,937.7,0.13865,14.96,17.08,0.553,,,
AL1-20251018-0429,C7.5,,2025-10-18 05:09:00,0,no fittable bins,,,,,,,,,,,,,,
AL1-20251018-0538,M1.0,C9.9,2025-10-18 06:04:00,0,ok,49,11.33,1.17,16.44,610.0,1.742,801.6,0.08323,11.9,13.31,0.376,,,
AL1-20251018-0632,M1.4,M1.2,2025-10-18 06:39:00,0,ok,28,17.81,1.01,24.0,250.0,1.688,1117.9,0.123,15.5,17.75,0.517,,,
AL1-20251018-0649,M1.4,M1.3,2025-10-18 06:57:00,0,ok,26,17.2,1.23,25.94,270.0,2.369,1142.2,0.12231,17.17,19.87,0.683,,,
AL1-20251018-0734,C6.9,C5.9,2025-10-18 07:47:00,0,ok,8,16.76,1.79,16.78,-50.0,1.895,470.2,0.0902,12.88,14.5,,,,
AL1-20251018-0832,C9.2,,2025-10-18 09:06:00,0,ok,87,13.53,1.3,19.03,810.0,1.723,693.8,0.09845,13.76,15.58,0.816,,,
AL1-20251018-1036,M1.6,M1.5,2025-10-18 10:51:00,0,ok,39,15.2,0.85,19.64,250.0,2.682,1344.8,0.12279,14.95,17.06,0.725,,,
AL1-20251018-1440,C8.0,,2025-10-18 15:13:00,0,ok,2,14.03,1.61,14.3,70.0,0.546,603.5,0.07034,,,,,,
AL1-20251018-2149,C8.9,C7.9,2025-10-18 21:53:00,0,ok,11,19.66,1.96,20.17,50.0,1.916,575.0,0.14223,17.97,20.88,,,,
AL1-20251019-0144,M1.1,M1.0,2025-10-19 01:56:00,0,ok,21,15.13,1.02,20.55,150.0,2.828,861.6,0.13063,15.44,17.67,0.943,,,
AL1-20251019-0747,C5.6,C4.7,2025-10-19 08:02:00,0,no fittable bins,,,,,,,,,,,,,,
AL1-20251019-2004,M2.0,M1.8,2025-10-19 20:14:00,0,ok,48,17.15,0.68,25.15,250.0,1.801,1592.6,0.17993,15.62,17.92,0.921,,,
AL1-20251020-0225,C6.3,C5.9,2025-10-20 02:34:00,0,no fittable bins,,,,,,,,,,,,,,
AL1-20251020-0509,M1.1,M1.0,2025-10-20 05:27:00,0,ok,43,12.93,1.15,16.11,390.0,1.605,877.0,0.08272,12.28,13.77,0.38,,,
AL1-20251023-1519,C5.7,C5.2,2025-10-23 15:23:00,0,no fittable bins,,,,,,,,,,,,,,
AL1-20251031-1957,C7.5,,2025-10-31 20:41:00,0,ok,86,16.34,1.7,17.28,390.0,1.135,478.6,0.12046,12.56,14.11,0.831,,,
AL1-20251101-1649,C5.1,C4.6,2025-11-01 16:55:00,0,ok,3,15.07,1.74,16.89,50.0,1.997,286.9,0.12052,,,,,,
AL1-20251102-0013,M1.1,M1.0,2025-11-02 00:26:00,0,ok,42,14.18,0.88,23.33,350.0,2.425,802.8,0.14904,11.93,13.35,0.851,,,
AL1-20251102-1226,C8.6,C8.2,2025-11-02 12:46:00,0,ok,10,13.52,1.68,16.88,110.0,1.049,639.0,0.08967,15.02,17.1,,,,
AL1-20251103-0413,C7.7,C7.1,2025-11-03 04:29:00,0,no fittable bins,,,,,,,,,,,,,,
AL1-20251103-0839,M1.4,,2025-11-03 09:16:00,0,ok,85,13.36,0.85,21.17,1190.0,1.586,1211.2,0.10439,12.76,14.36,0.73,,,
AL1-20251103-0937,M4.7,M5.0,2025-11-03 10:11:00,0,ok,142,17.07,0.45,24.57,1570.0,1.631,4344.7,0.16368,15.34,17.55,0.274,,,
AL1-20251103-1217,M3.1,M3.2,2025-11-03 12:47:00,0,ok,81,14.2,0.5,25.11,1350.0,1.824,2795.4,0.13842,13.86,15.72,0.623,,,
AL1-20251103-2336,C8.3,C8.7,2025-11-04 00:07:00,0,ok,18,14.27,1.49,16.23,550.0,1.687,547.0,0.08127,,,,,,
AL1-20251104-0124,C6.5,C6.5,2025-11-04 01:28:00,0,no fittable bins,,,,,,,,,,,,,,
AL1-20251104-0131,M3.4,M3.5,2025-11-04 01:48:00,0,ok,85,17.09,0.51,29.24,750.0,1.78,3014.8,0.18902,15.1,17.26,0.758,,,
AL1-20251104-1005,C5.0,C4.6,2025-11-04 10:13:00,0,no fittable bins,,,,,,,,,,,,,,
AL1-20251104-1714,X1.6,X1.7,2025-11-04 17:34:00,0,ok,90,20.81,0.21,25.77,410.0,1.341,14118.6,0.27429,19.26,22.67,0.898,,,
AL1-20251104-2010,C9.5,C9.3,2025-11-04 20:18:00,0,ok,27,14.88,1.06,19.02,50.0,1.662,669.6,0.13506,13.36,15.09,0.733,,,
AL1-20251104-2150,X1.1,X1.1,2025-11-04 22:01:00,0,ok,54,20.87,0.27,24.3,210.0,2.022,9797.2,0.26206,19.28,22.7,0.926,,,
AL1-20251104-2231,M1.5,,2025-11-04 22:43:00,0,ok,17,15.28,1.92,18.33,110.0,0.787,1311.5,0.08262,11.85,13.17,0.143,,,
AL1-20251105-0147,C6.5,C6.2,2025-11-05 01:54:00,0,ok,13,17.07,1.68,20.55,-10.0,1.272,415.9,0.10865,17.32,20.09,,,,
AL1-20251105-0255,C8.0,C8.0,2025-11-05 03:00:00,0,ok,10,15.86,1.9,19.46,90.0,2.282,528.9,0.10647,14.49,16.45,,,,
AL1-20251105-0453,M1.0,C9.9,2025-11-05 05:04:00,0,ok,21,18.15,1.11,22.05,30.0,1.755,693.1,0.15657,15.35,17.57,0.821,,,
AL1-20251105-0741,C5.3,C4.9,2025-11-05 07:48:00,0,no fittable bins,,,,,,,,,,,,,,
AL1-20251105-1037,M6.9,M7.4,2025-11-05 11:18:00,0,ok,151,13.94,0.29,23.66,1670.0,1.244,6335.7,0.15233,13.78,15.61,0.8,,,
AL1-20251105-1424,C8.2,C8.3,2025-11-05 14:31:00,0,ok,11,14.09,1.5,18.65,50.0,1.464,589.4,0.08043,13.49,15.24,,,,
AL1-20251105-2153,M8.4,M8.6,2025-11-05 22:07:00,0,ok,45,19.25,0.3,22.46,330.0,1.829,7549.6,0.21167,17.68,20.57,0.863,,,
AL1-20251106-0416,M1.2,M1.1,2025-11-06 04:30:00,0,ok,47,14.97,0.88,19.87,450.0,2.271,841.9,0.14557,13.33,15.05,0.718,,,
AL1-20251106-0651,C5.5,C5.3,2025-11-06 06:56:00,0,no fittable bins,,,,,,,,,,,,,,
AL1-20251106-1813,C5.2,C5.6,2025-11-06 18:25:00,0,no fittable bins,,,,,,,,,,,,,,
AL1-20251106-1943,C9.3,C9.3,2025-11-06 20:02:00,0,ok,34,15.0,1.12,20.19,130.0,2.18,680.4,0.1247,14.5,16.5,0.874,,,
AL1-20251107-0524,C5.2,C5.1,2025-11-07 05:28:00,0,ok,4,21.37,2.33,21.37,10.0,1.919,263.8,0.11881,16.27,18.74,,,,
AL1-20251107-0626,M1.6,M1.7,2025-11-07 07:12:00,0,ok,131,15.89,0.79,18.69,1370.0,1.201,1361.0,0.13821,14.52,16.53,0.485,,,
AL1-20251107-0918,C8.8,C8.7,2025-11-07 09:26:00,0,ok,18,16.72,1.25,20.26,90.0,2.203,582.3,0.14282,15.28,17.49,0.829,,,
AL1-20251107-1547,C7.0,C6.9,2025-11-07 15:51:00,0,ok,9,20.77,1.63,20.8,30.0,1.977,420.4,0.14157,17.89,20.85,,,,
AL1-20251107-2026,C5.9,C5.8,2025-11-07 20:45:00,0,no fittable bins,,,,,,,,,,,,,,
AL1-20251109-0356,C6.2,C6.2,2025-11-09 04:13:00,0,ok,17,15.71,1.67,16.43,170.0,1.943,398.0,0.10351,14.17,16.09,,,,
AL1-20251109-0700,X1.4,X1.7,2025-11-09 07:33:00,0,ok,130,19.76,0.22,25.01,1010.0,1.163,12465.4,0.23721,18.26,21.34,0.779,,,
AL1-20251109-1811,C5.1,C5.4,2025-11-09 18:38:00,0,no fittable bins,,,,,,,,,,,,,,
AL1-20251110-0849,X1.1,X1.2,2025-11-10 09:18:00,0,ok,99,20.37,0.27,25.9,710.0,1.602,9772.5,0.2481,18.56,21.74,0.554,,,
AL1-20251110-1407,C5.9,C6.0,2025-11-10 14:16:00,0,ok,12,16.08,1.84,20.74,-30.0,2.6,546.7,0.11208,13.9,15.74,,,,
AL1-20251110-1511,C7.8,C7.7,2025-11-10 15:22:00,0,ok,18,17.96,1.57,20.23,70.0,1.697,686.8,0.12836,16.18,18.61,0.943,,,
AL1-20251110-1752,C5.9,C5.3,2025-11-10 18:13:00,0,ok,19,14.77,1.54,20.99,50.0,2.04,514.0,0.13245,16.61,19.17,0.657,,,
AL1-20251110-1942,M1.5,M1.5,2025-11-10 19:57:00,0,ok,21,18.72,0.88,21.62,90.0,1.807,1244.8,0.16895,17.42,20.23,0.857,,,
AL1-20251110-2217,C5.7,C5.8,2025-11-10 22:21:00,0,no fittable bins,,,,,,,,,,,,,,
AL1-20251113-0232,C5.9,C6.0,2025-11-13 03:34:00,0,no fittable bins,,,,,,,,,,,,,,
AL1-20251113-1320,C5.3,C4.9,2025-11-13 13:26:00,0,ok,2,17.39,1.99,17.39,10.0,1.646,487.3,0.10607,13.39,15.12,,,,
AL1-20251114-0708,M1.8,M1.8,2025-11-14 07:38:00,0,ok,62,17.18,0.81,22.89,810.0,2.054,1737.0,0.13658,15.22,17.41,0.62,,,
AL1-20251114-0744,M3.5,,2025-11-14 08:08:00,0,ok,47,16.43,0.73,20.49,490.0,1.892,3402.5,0.16244,14.64,16.68,-0.086,,,
AL1-20251114-0809,X3.0,X4.0,2025-11-14 08:29:00,0,ok,83,26.38,0.2,30.73,170.0,1.232,21607.8,0.31838,23.69,28.84,0.839,,,
AL1-20251114-2003,M1.4,M1.3,2025-11-14 20:12:00,0,ok,17,17.86,0.8,26.43,130.0,3.077,1224.0,0.18349,17.34,20.12,,,,
AL1-20251114-2051,C5.2,C4.7,2025-11-14 20:59:00,0,ok,2,13.19,1.56,14.67,-10.0,3.01,476.4,0.11685,14.62,16.67,,,,
AL1-20251114-2120,M1.3,M1.3,2025-11-14 21:31:00,0,ok,13,22.51,1.1,25.14,50.0,2.295,1146.8,0.16841,19.33,22.76,,,,
AL1-20251115-2242,M1.0,C8.7,2025-11-15 22:51:00,0,ok,16,24.14,1.39,24.62,30.0,2.033,808.8,0.19887,20.56,24.43,,,,
AL1-20251119-0929,M1.1,C9.9,2025-11-19 09:52:00,0,ok,77,15.97,1.15,18.44,730.0,1.641,842.4,0.12163,15.62,17.92,0.822,,,
AL1-20251121-1323,C5.1,C3.8,2025-11-21 13:30:00,0,ok,1,13.46,1.56,13.46,-30.0,3.549,312.8,0.10483,,,,,,
AL1-20251122-1126,C6.7,C4.8,2025-11-22 11:46:00,0,ok,5,19.61,1.47,19.92,30.0,1.783,353.8,0.13839,18.83,22.09,,,,
AL1-20251122-1849,C7.2,C6.3,2025-11-22 19:00:00,0,ok,21,14.49,1.37,17.84,210.0,1.742,473.1,0.11311,12.78,14.39,0.464,,,
AL1-20251128-1334,C5.8,C4.9,2025-11-28 13:44:00,0,ok,4,19.75,2.0,25.19,-50.0,1.201,387.8,0.11591,,,,,,
AL1-20251128-1602,C5.5,C5.1,2025-11-28 16:46:00,0,no fittable bins,,,,,,,,,,,,,,
AL1-20251128-1821,C5.4,C5.3,2025-11-28 18:28:00,0,no fittable bins,,,,,,,,,,,,,,
AL1-20251128-1849,C5.8,C5.3,2025-11-28 18:56:00,0,no fittable bins,,,,,,,,,,,,,,
AL1-20251128-2211,M5.8,M5.9,2025-11-28 22:21:00,0,ok,21,23.32,0.61,27.26,-30.0,2.201,2562.8,0.34729,22.86,27.66,0.607,,,
AL1-20251128-2352,C7.8,M1.6,2025-11-28 23:59:00,0,no fittable bins,,,,,,,,,,,,,,
AL1-20251129-1303,M1.2,M1.1,2025-11-29 13:16:00,0,ok,29,17.11,0.98,24.54,190.0,2.021,888.3,0.14871,16.86,19.5,0.855,,,
AL1-20251129-1536,M3.0,M2.8,2025-11-29 16:06:00,0,ok,124,16.91,0.53,20.6,430.0,1.446,2512.9,0.18792,15.38,17.6,0.778,,,
AL1-20251129-2007,M1.4,M1.4,2025-11-29 20:14:00,0,ok,16,18.44,0.94,23.0,90.0,2.682,1150.5,0.15579,16.87,19.51,,,,
AL1-20251129-2136,M1.5,M1.4,2025-11-29 21:47:00,0,ok,35,19.17,0.96,19.57,330.0,1.983,1171.8,0.15556,17.34,20.12,0.345,,,
AL1-20251130-0003,C8.2,C8.0,2025-11-30 00:38:00,0,ok,46,13.65,1.44,15.87,550.0,0.849,578.8,0.08934,11.96,13.39,0.453,,,
AL1-20251130-0532,C6.4,,2025-11-30 06:03:00,0,no fittable bins,,,,,,,,,,,,,,
AL1-20251130-0858,C6.5,C6.7,2025-11-30 09:17:00,0,ok,2,13.87,1.64,19.56,630.0,2.129,397.9,0.06105,,,,,,
AL1-20251130-1007,C8.8,C8.3,2025-11-30 10:21:00,0,ok,23,13.63,1.13,18.1,150.0,1.96,624.5,0.1112,14.97,17.09,0.69,,,
AL1-20251130-1043,C8.7,C8.9,2025-11-30 10:53:00,0,ok,1,16.71,1.97,16.71,-50.0,1.161,700.2,0.07693,,,,,,
AL1-20251130-1230,C9.7,,2025-11-30 12:58:00,0,ok,85,13.4,1.25,16.18,-270.0,1.411,757.7,0.09309,13.92,15.77,-0.194,,,
AL1-20251130-1926,C5.2,C5.4,2025-11-30 19:42:00,0,no fittable bins,,,,,,,,,,,,,,
AL1-20251130-2033,C5.4,C5.3,2025-11-30 20:47:00,0,no fittable bins,,,,,,,,,,,,,,
AL1-20251130-2157,C5.6,C5.5,2025-11-30 22:01:00,0,ok,4,16.14,1.86,16.6,-90.0,1.571,357.6,0.093,,,,,,
AL1-20251201-0224,X1.6,X1.9,2025-12-01 02:49:00,0,ok,86,20.11,0.2,26.52,510.0,1.271,14762.0,0.2485,18.77,22.01,0.829,,,
AL1-20251201-0946,C5.8,C6.0,2025-12-01 10:12:00,0,no fittable bins,,,,,,,,,,,,,,
AL1-20251202-2032,C5.8,C5.4,2025-12-02 20:38:00,0,ok,6,14.61,1.66,17.89,-30.0,3.042,546.1,0.10568,14.19,16.12,,,,
AL1-20251203-1241,C5.3,C5.4,2025-12-03 12:52:00,0,no fittable bins,,,,,,,,,,,,,,
AL1-20251204-0011,C9.1,C9.2,2025-12-04 00:16:00,0,ok,11,24.69,1.43,26.47,50.0,2.248,779.3,0.17028,21.4,25.59,,,,
AL1-20251204-0228,M5.5,M6.0,2025-12-04 02:50:00,0,ok,45,18.53,0.37,21.28,210.0,2.019,5212.8,0.19852,17.18,19.92,0.907,,,
AL1-20251204-2318,C6.9,C6.8,2025-12-04 23:23:00,0,ok,15,17.2,1.63,28.49,110.0,2.435,595.4,0.13911,17.51,20.31,,,,
AL1-20251206-0114,C5.5,C5.7,2025-12-06 01:22:00,0,no fittable bins,,,,,,,,,,,,,,
AL1-20251206-0259,C6.1,C6.4,2025-12-06 03:08:00,0,ok,16,16.85,1.62,19.62,210.0,1.249,545.1,0.10856,16.81,19.43,0.943,,,
AL1-20251206-1858,C9.3,M1.1,2025-12-06 19:20:00,0,ok,51,13.73,1.04,19.49,330.0,2.021,862.5,0.11591,13.72,15.53,0.745,,,
AL1-20251206-2031,M6.5,M8.1,2025-12-06 20:39:00,0,ok,39,17.12,0.33,22.38,150.0,1.889,6133.6,0.17382,15.84,18.19,0.919,,,
AL1-20251207-1150,C7.5,C7.5,2025-12-07 12:03:00,0,ok,12,17.25,1.6,18.8,70.0,1.947,676.6,0.09919,15.44,17.68,,,,
AL1-20251207-2041,C6.1,C6.3,2025-12-07 20:45:00,0,ok,4,17.07,1.87,19.24,-30.0,2.126,561.7,0.10201,,,,,,
AL1-20251207-2240,C6.4,C6.7,2025-12-07 22:48:00,0,ok,9,12.5,1.5,18.2,-30.0,2.669,600.6,0.08767,13.18,14.86,,,,
AL1-20251207-2355,M2.2,M2.4,2025-12-08 00:11:00,0,no fittable bins,,,,,,,,,,,,,,
AL1-20251208-0418,C6.0,C6.2,2025-12-08 04:27:00,0,ok,12,12.56,1.36,18.43,170.0,2.266,540.8,0.09904,11.19,12.46,,,,
AL1-20251208-0454,X1.1,X1.1,2025-12-08 05:01:00,0,ok,20,22.06,0.27,24.85,70.0,2.11,9887.3,0.23023,19.61,23.14,0.943,,,
AL1-20251208-0640,M1.5,M1.8,2025-12-08 06:53:00,0,ok,49,15.04,0.81,23.11,270.0,2.255,1395.4,0.12567,14.1,16.01,0.815,,,
AL1-20251208-0849,C8.0,C8.0,2025-12-08 08:57:00,0,ok,21,16.22,1.42,18.28,-190.0,1.826,733.9,0.11293,14.01,15.9,0.357,,,
AL1-20251208-1220,C5.3,C5.2,2025-12-08 12:28:00,0,ok,3,15.03,1.74,16.82,130.0,2.449,521.1,0.09874,,,,,,
AL1-20251208-1242,M1.0,M1.0,2025-12-08 13:04:00,0,ok,50,13.34,1.0,19.2,330.0,1.916,997.6,0.11019,12.42,13.94,0.871,,,
AL1-20251208-2113,M3.3,M3.1,2025-12-08 21:17:00,0,ok,24,26.43,0.76,27.8,30.0,2.526,2266.3,0.26743,23.51,28.59,0.976,,,
AL1-20251208-2204,M1.2,M1.2,2025-12-08 22:28:00,0,ok,48,12.33,0.97,16.12,290.0,2.016,1136.7,0.10096,13.69,15.5,0.762,,,
AL1-20251209-1158,C6.3,C6.0,2025-12-09 12:03:00,0,no fittable bins,,,,,,,,,,,,,,
AL1-20251209-1318,C5.7,C5.6,2025-12-09 13:34:00,0,no fittable bins,,,,,,,,,,,,,,
AL1-20251209-1454,M1.5,M1.5,2025-12-09 15:13:00,0,ok,29,17.37,0.84,21.44,50.0,2.26,1287.7,0.16093,16.81,19.43,0.867,,,
AL1-20251209-2313,M1.5,M1.5,2025-12-09 23:26:00,0,ok,42,17.32,0.82,23.65,230.0,2.759,1341.2,0.17704,16.69,19.28,0.807,,,
AL1-20251210-0120,C7.4,C7.8,2025-12-10 01:25:00,0,no fittable bins,,,,,,,,,,,,,,
AL1-20251210-0240,C8.1,C7.9,2025-12-10 02:47:00,0,ok,10,14.77,1.61,19.84,50.0,2.256,719.6,0.11167,14.06,15.93,,,,
AL1-20251210-0305,C6.5,,2025-12-10 03:13:00,0,no fittable bins,,,,,,,,,,,,,,
AL1-20251210-0317,C9.3,C9.5,2025-12-10 03:22:00,0,ok,17,19.59,2.25,21.21,90.0,1.317,890.0,0.12304,17.81,20.63,,,,
AL1-20251210-0417,M1.3,M1.2,2025-12-10 04:22:00,0,ok,17,20.29,1.05,22.68,90.0,1.811,1175.0,0.14957,17.29,20.06,,,,
AL1-20251210-0731,M2.0,M1.9,2025-12-10 07:36:00,0,ok,20,20.86,0.9,21.39,70.0,1.818,1383.5,0.2057,20.41,24.22,0.943,,,
AL1-20251210-0945,M1.0,M1.0,2025-12-10 09:54:00,0,ok,32,16.62,1.11,20.49,170.0,2.249,968.9,0.14195,17.03,19.71,0.736,,,
AL1-20251210-1332,M1.6,M1.6,2025-12-10 13:42:00,0,ok,28,19.5,0.85,23.55,170.0,2.462,1481.3,0.18613,17.68,20.56,0.633,,,
AL1-20251210-2203,M4.3,M4.4,2025-12-10 22:08:00,0,ok,24,20.46,0.47,22.63,110.0,2.374,4008.8,0.23215,18.82,22.08,0.357,,,
AL1-20251211-0933,C6.0,C5.0,2025-12-11 09:37:00,0,ok,6,19.85,2.2,19.85,10.0,1.926,466.3,0.1397,17.37,20.15,,,,
AL1-20251211-1516,C5.2,C5.0,2025-12-11 15:28:00,0,ok,3,16.09,1.83,16.46,450.0,1.694,505.4,0.07307,,,,,,
AL1-20251211-1539,M1.0,C9.7,2025-12-11 15:46:00,0,ok,20,19.38,1.21,20.66,30.0,1.441,964.2,0.14522,16.97,19.64,0.857,,,
AL1-20251212-0451,M2.0,M2.0,2025-12-12 05:04:00,0,ok,55,16.81,0.71,18.95,330.0,2.031,1815.2,0.15961,15.95,18.34,0.631,,,
AL1-20251212-0528,M1.1,,2025-12-12 05:38:00,0,ok,13,14.47,2.01,23.72,210.0,1.596,1036.0,0.10032,,,,,,
AL1-20251213-1036,C9.8,C8.6,2025-12-13 10:51:00,0,ok,39,14.47,1.14,19.34,210.0,1.895,954.9,0.12093,13.87,15.72,0.888,,,
AL1-20251219-1535,M1.1,M1.0,2025-12-19 15:57:00,0,ok,50,15.57,0.96,21.42,690.0,1.569,832.4,0.14404,14.22,16.16,0.818,,,
AL1-20251220-0745,M1.1,M1.0,2025-12-20 07:56:00,0,ok,38,15.25,1.03,20.04,330.0,1.731,860.6,0.11848,14.51,16.51,0.49,,,
AL1-20251221-1816,M1.5,M1.3,2025-12-21 18:27:00,0,ok,47,19.29,0.86,21.02,350.0,1.69,1112.1,0.21025,18.42,21.55,0.971,,,
AL1-20251221-1950,C7.1,C6.1,2025-12-21 20:00:00,0,no fittable bins,,,,,,,,,,,,,,
AL1-20251221-2015,C5.3,C4.0,2025-12-21 20:23:00,0,ok,5,17.23,1.89,18.66,-70.0,1.44,293.6,0.15015,15.87,18.21,,,,
AL1-20251221-2051,C7.7,C6.2,2025-12-21 21:01:00,0,ok,25,16.63,1.46,21.33,210.0,1.361,451.9,0.1538,13.91,15.76,0.817,,,
AL1-20251222-2218,C9.5,C8.6,2025-12-22 22:31:00,0,ok,55,22.33,1.5,23.58,110.0,1.563,689.1,0.15497,19.4,22.85,0.849,,,
AL1-20251224-1007,C5.4,C4.9,2025-12-24 10:20:00,0,no fittable bins,,,,,,,,,,,,,,
AL1-20251226-0908,C7.2,C6.8,2025-12-26 09:14:00,0,ok,9,14.73,1.33,18.2,-90.0,2.84,503.6,0.11727,13.3,15.02,,,,
AL1-20251227-0138,M4.9,M5.1,2025-12-27 01:49:00,0,ok,45,17.85,0.4,22.95,350.0,2.34,4538.1,0.18449,16.92,19.58,0.582,,,
AL1-20251227-1626,C5.0,,2025-12-27 17:06:00,0,no fittable bins,,,,,,,,,,,,,,
AL1-20251227-2215,C9.0,C9.8,2025-12-27 22:31:00,0,ok,36,13.16,1.23,17.64,330.0,2.863,670.6,0.09047,12.1,13.55,0.608,,,
AL1-20251229-0257,C9.2,C8.9,2025-12-29 03:05:00,0,ok,14,15.27,1.02,21.59,90.0,2.778,646.3,0.13929,15.22,17.41,,,,
AL1-20251229-0633,M1.0,M1.0,2025-12-29 06:50:00,0,ok,16,16.08,1.13,19.76,70.0,1.957,652.4,0.14161,15.18,17.36,,,,
AL1-20251229-2036,C6.3,C6.5,2025-12-29 20:40:00,0,ok,2,18.32,2.19,18.32,-30.0,1.477,429.4,0.0939,16.16,18.55,,,,
AL1-20251230-0018,C5.2,C4.9,2025-12-30 00:26:00,0,no fittable bins,,,,,,,,,,,,,,
AL1-20251230-1551,C5.3,C4.9,2025-12-30 15:55:00,0,ok,2,15.03,1.77,15.52,-10.0,2.337,313.9,0.09909,13.22,14.92,,,,
AL1-20260101-0215,C9.8,C9.6,2026-01-01 02:24:00,0,ok,30,18.47,1.08,25.09,130.0,1.925,653.2,0.179,18.35,21.46,0.891,,,
AL1-20260101-0642,C5.6,C5.3,2026-01-01 06:48:00,0,ok,5,19.09,1.71,19.09,10.0,1.904,371.4,0.11129,16.75,19.36,,,,
AL1-20260101-1746,C5.6,C6.2,2026-01-01 17:58:00,0,no fittable bins,,,,,,,,,,,,,,
AL1-20260102-0011,C6.4,C6.5,2026-01-02 00:17:00,0,ok,8,14.11,1.54,16.79,50.0,2.179,424.9,0.09086,11.81,13.21,,,,
AL1-20260102-0244,C6.3,C5.5,2026-01-02 02:54:00,0,ok,9,15.87,1.51,17.9,30.0,2.562,365.3,0.12493,14.47,16.47,,,,
AL1-20260102-0352,C5.9,C5.7,2026-01-02 03:57:00,0,ok,4,10.62,1.19,17.01,-50.0,2.541,367.6,0.09263,11.29,12.59,,,,
AL1-20260103-1722,C8.5,C8.3,2026-01-03 17:29:00,0,ok,11,16.73,1.24,19.92,110.0,2.291,607.0,0.11404,16.13,18.56,,,,
AL1-20260108-1640,C5.6,C5.5,2026-01-08 17:19:00,0,no fittable bins,,,,,,,,,,,,,,
AL1-20260111-2153,M3.3,,2026-01-11 23:03:00,0,ok,219,14.53,0.47,22.68,3010.0,1.728,2946.5,0.1545,13.26,14.97,0.865,,,
AL1-20260112-1003,C5.8,C5.2,2026-01-12 10:14:00,0,ok,2,12.03,1.4,14.04,50.0,2.205,347.9,0.10315,16.1,18.52,,,,
AL1-20260114-0345,M1.1,C9.6,2026-01-14 03:49:00,0,ok,15,18.88,1.22,21.61,70.0,1.794,628.6,0.18325,16.35,18.84,,,,
AL1-20260114-2011,M1.7,M1.6,2026-01-14 20:32:00,0,ok,83,17.59,0.7,22.98,470.0,1.915,1365.5,0.20566,17.29,20.06,0.861,,,
AL1-20260115-0623,C9.6,C9.7,2026-01-15 06:36:00,0,ok,45,14.83,1.15,18.03,150.0,1.582,715.9,0.11206,13.53,15.31,0.701,,,
AL1-20260116-0849,C7.7,C6.6,2026-01-16 09:09:00,0,ok,37,12.44,1.21,19.84,170.0,2.466,494.3,0.11422,11.62,12.98,0.17,,,
AL1-20260116-2306,C5.8,C5.2,2026-01-16 23:10:00,0,ok,2,19.8,2.31,19.8,-10.0,1.262,347.1,0.13266,17.33,20.06,,,,
AL1-20260118-0601,C7.2,C7.1,2026-01-18 06:20:00,0,ok,20,13.91,1.49,16.88,350.0,1.434,501.8,0.08077,12.08,13.53,0.679,,,
AL1-20260118-1721,X1.6,X1.9,2026-01-18 18:08:00,0,ok,148,18.32,0.2,22.22,1270.0,1.215,14600.3,0.19864,16.84,19.48,0.847,,,
AL1-20260119-0158,C6.1,,2026-01-19 02:33:00,0,no fittable bins,,,,,,,,,,,,,,
AL1-20260119-1114,M1.0,M1.1,2026-01-19 11:18:00,0,ok,13,20.11,1.51,23.46,30.0,1.548,529.5,0.19967,20.02,23.76,,,,
AL1-20260121-0118,C9.7,M1.1,2026-01-21 01:39:00,0,ok,76,13.3,1.05,20.02,750.0,1.316,901.9,0.11623,14.3,16.26,0.77,,,
AL1-20260121-0506,C5.3,C5.1,2026-01-21 05:12:00,0,ok,1,10.46,1.23,10.46,-10.0,4.721,522.6,0.10447,,,,,,
AL1-20260121-0656,M3.3,M3.4,2026-01-21 07:12:00,0,ok,50,17.65,0.49,21.98,330.0,2.213,3204.4,0.18756,16.45,18.97,0.826,,,
AL1-20260121-1816,C7.4,C7.0,2026-01-21 18:33:00,0,ok,47,13.91,1.46,19.72,710.0,1.545,731.0,0.09014,15.33,17.55,0.794,,,
AL1-20260121-1928,C8.0,C8.6,2026-01-21 19:37:00,0,ok,18,14.7,1.17,20.38,170.0,2.186,757.1,0.11356,14.19,16.12,0.714,,,
AL1-20260121-1947,C6.9,C7.6,2026-01-21 19:54:00,0,no fittable bins,,,,,,,,,,,,,,
AL1-20260122-1033,C7.8,C8.2,2026-01-22 10:49:00,0,ok,24,14.1,1.38,18.0,130.0,1.838,770.6,0.09574,14.7,16.75,-0.048,,,
AL1-20260122-1943,M1.0,C9.5,2026-01-22 19:53:00,0,ok,22,18.01,1.25,20.79,150.0,1.512,931.1,0.13128,14.72,16.78,0.536,,,
AL1-20260123-2205,C5.5,,2026-01-23 23:17:00,0,no fittable bins,,,,,,,,,,,,,,
AL1-20260125-1014,C6.3,C6.3,2026-01-25 10:30:00,0,ok,13,12.01,1.29,17.82,130.0,1.71,611.6,0.08805,12.82,14.44,,,,
AL1-20260125-2135,C8.4,C8.0,2026-01-25 21:43:00,0,ok,13,16.57,1.52,18.62,-70.0,1.619,738.0,0.1192,16.33,18.83,,,,
AL1-20260126-1323,C8.8,C8.8,2026-01-26 13:38:00,0,ok,26,13.9,1.14,19.58,70.0,2.037,820.8,0.10872,13.48,15.25,0.571,,,
AL1-20260126-2313,C5.2,C5.0,2026-01-26 23:21:00,0,ok,9,16.12,1.85,18.27,-10.0,2.263,465.0,0.12359,,,,,,
AL1-20260131-0423,C5.6,C4.9,2026-01-31 04:40:00,0,ok,11,14.73,1.58,18.77,270.0,0.565,318.1,0.11856,12.18,13.66,,,,
AL1-20260131-0449,C5.9,C6.0,2026-01-31 05:12:00,0,no fittable bins,,,,,,,,,,,,,,
AL1-20260131-1036,C7.4,C6.2,2026-01-31 10:51:00,0,ok,5,18.1,1.74,18.1,-10.0,1.245,402.9,0.13236,15.34,17.55,,,,
AL1-20260131-1255,C6.5,C6.1,2026-01-31 12:59:00,0,ok,3,20.28,2.38,20.28,-30.0,1.735,403.1,0.10083,,,,,,
AL1-20260131-1442,C5.1,C4.5,2026-01-31 14:52:00,0,ok,1,14.8,1.71,14.8,-10.0,2.144,312.1,0.09201,,,,,,
AL1-20260131-1454,C5.9,C4.9,2026-01-31 15:07:00,0,no fittable bins,,,,,,,,,,,,,,
AL1-20260131-1821,C7.4,C7.0,2026-01-31 18:32:00,0,ok,16,14.14,1.29,16.55,30.0,1.965,488.2,0.11452,13.18,14.87,0.143,,,
AL1-20260131-1908,C8.2,C7.8,2026-01-31 19:20:00,0,ok,17,13.28,1.18,22.11,190.0,1.766,545.4,0.11246,12.34,13.85,,,,
AL1-20260131-2023,C6.2,C5.7,2026-01-31 20:29:00,0,ok,1,22.88,2.66,22.88,70.0,0.69,363.3,0.10141,,,,,,
AL1-20260201-0152,M1.7,M1.7,2026-02-01 02:05:00,0,ok,31,19.78,0.89,19.78,10.0,1.727,1371.9,0.16489,18.19,21.23,0.669,,,
AL1-20260201-0332,C9.7,M1.0,2026-02-01 03:41:00,0,ok,27,15.14,1.45,22.33,-270.0,2.046,741.0,0.10482,14.34,16.26,0.498,,,
AL1-20260201-0408,M1.9,M1.9,2026-02-01 04:19:00,0,ok,61,16.79,0.84,22.44,350.0,1.448,1526.8,0.14899,15.27,17.44,0.809,,,
AL1-20260201-0700,C6.3,C5.3,2026-02-01 07:21:00,0,ok,1,14.55,1.75,14.55,810.0,0.956,367.1,0.08507,,,,,,
AL1-20260201-0953,M7.2,M6.6,2026-02-01 10:02:00,0,ok,24,22.47,0.35,26.94,130.0,1.472,6301.7,0.26796,20.17,23.9,0.762,,,
AL1-20260201-1009,M3.2,,2026-02-01 10:13:00,0,ok,12,26.02,1.41,31.61,90.0,1.945,2721.6,0.20378,23.97,29.09,,,,
AL1-20260201-1029,M2.7,M2.4,2026-02-01 10:40:00,0,ok,57,18.17,0.83,25.53,530.0,1.039,2277.6,0.1686,16.32,18.76,0.556,,,
AL1-20260201-2311,M1.6,M1.3,2026-02-01 23:27:00,0,ok,72,15.55,0.8,22.57,290.0,0.979,1230.2,0.15801,14.59,16.61,0.764,,,
AL1-20260201-2344,X4.9,X8.1,2026-02-01 23:56:00,0,ok,35,36.5,0.21,38.06,50.0,0.714,29717.7,0.4434,31.78,41.45,0.936,,,
AL1-20260202-0030,X2.6,X2.8,2026-02-02 00:36:00,0,ok,21,32.09,0.29,57.24,230.0,0.907,19606.7,0.34671,28.1,35.42,-0.393,,,
AL1-20260202-0233,M4.6,M4.4,2026-02-02 02:41:00,0,ok,12,23.02,0.86,24.07,50.0,1.097,3375.5,0.19684,20.86,24.79,,,,
AL1-20260202-0245,M5.4,M5.2,2026-02-02 02:50:00,0,ok,26,17.11,1.01,32.65,130.0,1.129,4998.9,0.18106,15.52,17.75,0.583,,,
AL1-20260202-0438,M3.0,M3.0,2026-02-02 04:47:00,0,ok,42,18.95,0.63,23.53,330.0,2.068,2735.2,0.1778,17.53,20.37,0.631,,,
AL1-20260202-0510,M1.5,M1.6,2026-02-02 05:16:00,0,ok,14,16.42,1.54,18.78,50.0,1.024,1534.3,0.09542,14.93,16.97,,,,
AL1-20260202-0518,M2.3,M2.3,2026-02-02 05:27:00,0,ok,37,15.45,1.19,23.22,350.0,1.355,2204.6,0.1273,15.0,17.11,0.776,,,
AL1-20260202-0612,M1.1,,2026-02-02 06:16:00,0,ok,8,14.48,1.58,26.29,90.0,2.092,1050.9,0.09552,13.68,15.44,,,,
AL1-20260202-0627,M1.7,,2026-02-02 07:00:00,0,ok,81,14.26,0.85,17.37,1010.0,1.485,1652.6,0.11689,13.85,15.68,0.412,,,
AL1-20260202-0741,X1.6,X1.6,2026-02-02 08:14:00,0,ok,150,20.07,0.21,24.67,1050.0,0.693,14003.8,0.27276,18.68,21.9,0.779,,,
AL1-20260202-1017,M1.9,M1.9,2026-02-02 10:24:00,0,ok,38,17.01,0.96,20.63,170.0,1.797,1884.8,0.11179,15.5,17.73,0.594,,,
AL1-20260202-1053,M1.2,,2026-02-02 10:58:00,0,ok,7,19.93,1.46,19.93,10.0,1.189,1264.8,0.08972,17.27,20.0,,,,
AL1-20260202-2313,C7.3,C7.2,2026-02-02 23:18:00,0,no fittable bins,,,,,,,,,,,,,,
AL1-20260202-2321,M2.8,M2.5,2026-02-02 23:27:00,0,ok,20,21.06,0.71,25.02,110.0,1.461,2432.8,0.1861,18.92,22.2,0.829,,,
AL1-20260203-2256,M3.6,M3.4,2026-02-03 23:07:00,0,ok,57,19.46,0.76,26.26,470.0,1.87,3275.4,0.19418,18.06,21.01,0.588,,,
AL1-20260204-0105,M1.3,M1.2,2026-02-04 01:10:00,0,ok,16,16.1,1.26,19.03,70.0,1.262,1146.7,0.13089,15.11,17.24,,,,
AL1-20260204-0123,M1.4,M1.4,2026-02-04 01:38:00,0,ok,80,14.24,1.12,18.66,450.0,0.706,1339.2,0.12061,14.89,16.94,0.415,,,
AL1-20260204-0232,M5.2,M4.8,2026-02-04 02:38:00,0,ok,34,21.53,0.55,24.95,230.0,1.385,4630.9,0.2466,19.79,23.36,0.612,,,
AL1-20260204-0347,M2.2,M2.1,2026-02-04 03:54:00,0,ok,32,16.99,0.63,23.15,210.0,1.598,1933.5,0.17763,15.8,18.15,0.794,,,
AL1-20260204-0858,C7.3,C6.7,2026-02-04 09:02:00,0,ok,6,16.24,1.56,23.73,50.0,1.545,596.5,0.12245,14.42,16.38,,,,
AL1-20260204-0948,M3.4,M3.1,2026-02-04 10:12:00,0,ok,40,26.81,0.66,26.81,10.0,1.521,2493.8,0.28298,23.2,28.14,0.67,,,
AL1-20260204-1039,M1.6,,2026-02-04 11:05:00,0,ok,64,15.03,0.9,25.06,1270.0,0.739,1620.5,0.10561,13.03,14.68,0.918,,,
AL1-20260205-0613,M1.3,M1.3,2026-02-05 06:19:00,0,ok,26,15.29,1.09,23.02,150.0,3.185,1198.0,0.11649,12.83,14.44,0.41,,,
AL1-20260205-0745,C8.3,C8.0,2026-02-05 08:01:00,0,ok,13,16.83,1.45,19.77,50.0,2.07,673.7,0.12854,15.76,18.09,,,,
AL1-20260205-0819,M1.2,M1.2,2026-02-05 08:46:00,0,ok,64,14.42,0.95,26.27,1050.0,1.885,1078.2,0.12774,13.77,15.6,0.836,,,
AL1-20260205-1006,C8.1,C7.9,2026-02-05 10:14:00,0,ok,22,16.84,1.52,19.16,170.0,1.116,700.0,0.11896,16.06,18.46,0.262,,,
AL1-20260206-1009,C6.9,C6.9,2026-02-06 10:21:00,0,ok,8,15.31,1.5,18.26,50.0,1.714,562.4,0.11101,13.48,15.24,,,,
AL1-20260207-0808,C7.4,C7.3,2026-02-07 08:19:00,0,ok,12,14.05,1.26,18.24,90.0,2.389,662.8,0.11202,12.9,14.54,,,,
AL1-20260207-2325,C5.6,C5.6,2026-02-07 23:46:00,0,no fittable bins,,,,,,,,,,,,,,
AL1-20260208-0732,C6.4,C6.1,2026-02-08 07:46:00,0,ok,13,16.03,1.65,18.22,-10.0,1.136,627.5,0.10182,15.78,18.11,,,,
AL1-20260208-1112,M2.0,M1.8,2026-02-08 11:18:00,0,ok,11,23.71,0.89,24.34,30.0,1.844,1390.2,0.20475,20.69,24.61,,,,
AL1-20260208-1130,M1.7,M1.7,2026-02-08 11:43:00,0,ok,65,17.5,0.83,18.92,230.0,1.399,1613.8,0.15475,16.45,18.96,0.681,,,
AL1-20260208-1345,M2.9,M2.7,2026-02-08 13:53:00,0,ok,20,19.33,0.59,21.48,70.0,2.346,2557.9,0.18569,18.21,21.26,0.6,,,
AL1-20260208-1713,C8.6,C8.7,2026-02-08 17:39:00,0,ok,44,11.77,1.29,16.27,690.0,0.711,880.9,0.07758,10.52,11.65,0.264,,,
AL1-20260208-2332,C7.6,C7.4,2026-02-08 23:54:00,0,ok,34,12.92,1.4,19.23,770.0,1.576,717.1,0.09417,14.3,16.23,0.736,,,
AL1-20260209-2256,C9.7,C9.2,2026-02-09 23:01:00,0,ok,9,17.09,1.46,19.67,-10.0,1.654,610.9,0.16157,18.0,20.99,,,,
AL1-20260210-2357,M1.3,M1.2,2026-02-11 00:08:00,0,no fittable bins,,,,,,,,,,,,,,
AL1-20260211-0028,M1.4,M1.3,2026-02-11 00:56:00,0,ok,74,16.08,1.38,19.59,-10.0,0.683,1146.3,0.12644,15.44,17.66,0.798,,,
AL1-20260212-0230,M1.5,M1.4,2026-02-12 02:40:00,0,ok,39,18.26,0.77,25.19,210.0,2.194,1416.1,0.21087,17.4,20.21,0.94,,,
AL1-20260214-1107,C6.7,C6.0,2026-02-14 11:13:00,0,ok,10,16.49,1.47,24.44,70.0,2.572,515.0,0.1426,13.38,15.11,,,,
AL1-20260216-0406,M2.3,M2.4,2026-02-16 04:33:00,0,ok,112,13.13,0.61,16.38,970.0,1.549,2307.1,0.11473,12.72,14.31,0.754,,,
AL1-20260225-0032,C6.3,C5.3,2026-02-25 00:44:00,0,ok,22,13.7,1.3,20.49,210.0,1.639,367.2,0.14877,12.83,14.44,0.536,,,
AL1-20260225-0508,C5.8,C4.8,2026-02-25 05:15:00,0,ok,22,14.79,1.35,22.71,210.0,1.441,324.8,0.15891,13.63,15.43,0.571,,,
AL1-20260225-1543,M2.3,M2.3,2026-02-25 15:58:00,0,ok,55,16.15,0.62,20.04,150.0,1.977,1937.0,0.16517,15.56,17.84,0.781,,,
AL1-20260226-1855,C8.1,C6.3,2026-02-26 19:09:00,0,ok,18,15.94,1.21,19.09,110.0,2.364,497.0,0.1601,15.83,18.18,0.886,,,
AL1-20260228-0300,C6.4,C6.4,2026-02-28 03:13:00,0,ok,26,11.31,1.25,21.43,370.0,3.334,419.8,0.09486,10.45,11.58,0.683,,,
AL1-20260228-2121,C5.3,C4.7,2026-02-28 21:31:00,0,ok,14,14.9,1.65,20.71,230.0,1.373,301.9,0.12484,11.35,12.65,,,,
AL1-20260301-0156,C6.0,C6.1,2026-03-01 02:06:00,0,ok,3,14.46,1.66,16.04,70.0,1.9,382.2,0.09078,,,,,,
AL1-20260301-0606,C5.5,C5.2,2026-03-01 06:15:00,0,ok,3,14.69,1.65,20.14,-30.0,1.212,340.7,0.10997,15.62,17.9,,,,
AL1-20260301-0732,C6.1,C5.9,2026-03-01 07:49:00,0,ok,24,16.27,1.8,20.77,490.0,1.057,389.7,0.09495,,,0.571,,,
AL1-20260309-2023,C7.7,C7.8,2026-03-09 20:37:00,0,ok,19,12.9,1.25,18.15,230.0,2.059,513.6,0.09592,11.56,12.9,0.821,,,
AL1-20260313-1236,C6.3,C5.1,2026-03-13 12:54:00,0,ok,8,12.55,1.32,15.15,50.0,1.426,380.1,0.11047,11.54,12.88,,,,
AL1-20260313-1458,C9.3,C8.0,2026-03-13 15:14:00,0,ok,72,15.86,1.07,22.02,370.0,2.116,598.0,0.17272,15.21,17.39,0.842,,,
AL1-20260313-2011,C9.0,C8.9,2026-03-13 20:22:00,0,ok,17,17.67,1.52,18.26,110.0,1.622,614.6,0.11094,14.5,16.5,-0.086,,,
AL1-20260313-2032,C7.8,C7.5,2026-03-13 20:41:00,0,ok,5,16.13,1.82,18.68,70.0,1.092,536.0,0.0999,15.19,17.32,,,,
AL1-20260315-0924,M1.0,,2026-03-15 09:38:00,0,ok,41,13.58,0.91,18.02,130.0,2.585,734.2,nan,14.24,16.18,,,,
AL1-20260316-1202,M2.6,M2.7,2026-03-16 12:15:00,0,ok,47,16.09,0.55,20.95,390.0,2.182,2249.6,0.16547,15.6,17.89,0.968,,,
AL1-20260316-1440,C7.1,C5.9,2026-03-16 14:56:00,0,ok,33,14.2,1.4,18.85,350.0,1.274,436.4,0.11475,14.81,16.89,0.673,,,
AL1-20260318-0828,M2.3,,2026-03-18 08:42:00,0,ok,67,15.82,0.62,23.64,470.0,1.912,1926.8,nan,14.34,16.31,,,,
AL1-20260324-1711,C7.5,C7.2,2026-03-24 17:54:00,1,ok,60,10.8,1.19,18.11,550.0,2.513,503.6,0.10749,11.67,13.04,0.779,,,
AL1-20260326-0611,M3.8,M3.9,2026-03-26 06:23:00,1,ok,44,18.63,0.48,21.42,190.0,2.036,3348.1,0.20286,17.54,20.39,0.873,,,
AL1-20260326-0838,C6.6,,2026-03-26 08:47:00,1,ok,23,16.81,1.51,20.86,170.0,1.45,368.0,nan,13.74,15.56,,,,
AL1-20260327-0949,C5.9,,2026-03-27 10:01:00,1,ok,4,12.63,1.57,22.19,130.0,2.91,353.9,0.11336,14.72,16.76,,,,
AL1-20260328-0236,M1.2,,2026-03-28 04:14:00,1,ok,193,13.22,0.89,17.93,2650.0,1.632,1013.5,0.11332,12.89,14.52,0.255,,,
AL1-20260330-0246,X1.3,X1.4,2026-03-30 03:17:00,1,ok,122,18.72,0.23,26.22,1230.0,1.456,11635.2,0.21687,17.45,20.27,0.898,,,
AL1-20260401-1339,C5.7,C5.3,2026-04-01 13:47:00,1,ok,6,14.07,1.54,17.49,-10.0,1.572,343.1,0.1047,16.59,19.16,,,,
AL1-20260401-1948,C8.5,C8.1,2026-04-01 19:57:00,1,ok,29,19.86,1.51,20.22,50.0,1.89,499.9,0.15309,16.39,18.9,0.661,,,
AL1-20260401-2249,C5.8,C6.1,2026-04-01 23:26:00,1,no fittable bins,,,,,,,,,,,,,,
AL1-20260402-1736,M3.3,M3.5,2026-04-02 18:15:00,1,ok,86,16.95,0.5,19.66,150.0,1.759,2869.5,0.17379,16.05,18.46,0.934,,,
AL1-20260403-0100,C7.0,C7.0,2026-04-03 01:07:00,1,ok,11,12.66,1.34,17.02,130.0,1.703,426.6,0.10829,11.41,12.71,,,,
AL1-20260403-0534,C5.7,C6.0,2026-04-03 05:42:00,1,ok,3,19.41,1.89,19.41,10.0,1.041,346.9,0.10558,16.76,19.36,,,,
AL1-20260403-0744,M1.2,M1.3,2026-04-03 07:56:00,1,ok,9,19.8,0.99,20.34,50.0,2.133,911.2,0.14985,16.87,19.51,,,,
AL1-20260403-1004,C8.2,C7.7,2026-04-03 10:16:00,1,ok,13,18.17,1.48,19.59,-10.0,1.65,397.0,0.15479,18.18,21.23,,,,
AL1-20260403-1218,C5.3,C5.1,2026-04-03 12:27:00,1,ok,1,17.38,1.96,17.38,-30.0,0.795,308.1,0.11907,12.78,14.38,,,,
AL1-20260403-1905,C5.2,C4.9,2026-04-03 19:20:00,1,ok,2,18.68,1.98,18.68,-30.0,2.105,308.7,0.12749,,,,,,
AL1-20260403-2152,C5.6,C5.8,2026-04-03 22:02:00,1,no fittable bins,,,,,,,,,,,,,,
AL1-20260404-0108,M7.0,M7.5,2026-04-04 01:16:00,1,ok,28,21.23,0.35,23.27,170.0,1.684,5833.2,0.24761,19.38,22.83,0.9,,,
AL1-20260404-0738,M1.6,M1.7,2026-04-04 07:59:00,1,ok,67,14.04,0.72,18.85,430.0,1.586,1282.8,0.13774,13.04,14.7,0.905,,,
AL1-20260404-1158,M1.3,M1.2,2026-04-04 12:11:00,1,ok,48,16.37,0.86,20.27,390.0,1.794,958.5,0.16047,15.15,17.32,0.975,,,
AL1-20260404-1933,C8.1,C7.8,2026-04-04 19:46:00,1,ok,39,15.56,1.29,19.56,350.0,1.678,521.1,0.12927,13.67,15.48,0.871,,,
AL1-20260404-2254,M1.1,M1.0,2026-04-04 23:04:00,1,ok,33,14.05,0.88,19.01,130.0,2.697,757.6,0.14771,14.07,15.98,0.864,,,
AL1-20260421-0558,C5.3,C5.3,2026-04-21 06:02:00,1,ok,5,14.23,1.51,16.34,-30.0,2.294,323.6,0.11628,13.54,15.32,,,,
AL1-20260424-0053,X2.1,X2.4,2026-04-24 01:07:00,1,ok,30,25.74,0.22,29.58,130.0,1.576,16570.5,0.33062,23.29,28.28,0.879,,,
AL1-20260424-0357,C7.3,C7.9,2026-04-24 04:01:00,1,ok,10,18.35,1.48,19.56,50.0,1.561,601.2,0.11826,15.93,18.31,,,,
AL1-20260424-0801,X2.1,X2.5,2026-04-24 08:13:00,1,ok,28,25.76,0.22,26.57,50.0,1.495,16083.0,0.33007,23.22,28.17,0.917,,,
AL1-20260424-0853,M1.7,M1.9,2026-04-24 09:07:00,1,ok,43,18.17,0.81,20.92,170.0,1.577,1586.3,0.14178,18.14,21.16,0.816,,,
AL1-20260424-1234,C6.6,,2026-04-24 12:47:00,1,ok,4,12.68,1.53,16.13,170.0,1.48,590.9,0.08856,,,,,,
AL1-20260424-1248,M1.5,M1.7,2026-04-24 13:01:00,1,ok,66,15.82,1.01,22.71,430.0,1.84,1394.0,0.13189,15.16,17.3,0.447,,,
AL1-20260424-1704,C6.4,C7.0,2026-04-24 17:15:00,1,ok,15,17.51,1.9,18.13,70.0,0.437,543.0,0.10595,16.1,18.51,,,,
AL1-20260424-1754,M6.1,M6.4,2026-04-24 18:14:00,1,ok,85,18.46,0.34,25.18,710.0,1.084,5521.2,0.23023,16.58,19.14,0.859,,,
AL1-20260425-0755,M1.2,M1.3,2026-04-25 07:59:00,1,ok,15,20.05,1.08,21.25,50.0,1.279,971.7,0.16935,17.09,19.8,,,,
AL1-20260425-1424,M1.0,M1.1,2026-04-25 14:30:00,1,ok,7,21.97,1.99,21.97,10.0,2.243,520.9,0.13827,18.79,22.04,,,,
AL1-20260426-0013,M1.2,M1.3,2026-04-26 00:23:00,1,ok,47,17.18,1.08,19.76,50.0,2.162,1096.8,0.13135,14.53,16.54,0.518,,,
AL1-20260426-1354,M1.3,M1.4,2026-04-26 14:03:00,1,ok,25,17.49,0.89,20.49,30.0,1.948,1131.1,0.16183,16.61,19.18,0.75,,,
AL1-20260426-1417,C7.7,C8.4,2026-04-26 14:25:00,1,ok,18,15.06,1.34,23.88,150.0,1.644,654.9,0.11745,15.45,17.69,0.543,,,
AL1-20260426-1757,C8.8,C9.7,2026-04-26 18:03:00,1,ok,18,17.43,1.36,20.22,30.0,2.176,733.8,0.13457,14.55,16.56,0.943,,,
AL1-20260426-1859,C7.7,C8.8,2026-04-26 19:15:00,1,ok,22,14.45,1.8,20.96,-10.0,1.26,671.6,0.09505,17.35,20.1,0.548,,,
AL1-20260426-1918,M1.4,M1.7,2026-04-26 19:24:00,1,ok,17,16.85,1.18,25.03,190.0,2.465,1287.2,0.12052,15.18,17.3,0.771,,,
AL1-20260426-1955,M2.0,M2.2,2026-04-26 20:04:00,1,ok,21,17.66,0.86,21.22,230.0,1.77,1531.0,0.14767,16.91,19.56,0.357,,,
AL1-20260426-2139,C6.8,C7.7,2026-04-26 21:49:00,1,ok,8,18.45,2.11,20.84,90.0,1.669,588.4,0.09939,14.61,16.61,,,,
AL1-20260426-2243,C6.3,C5.4,2026-04-26 22:52:00,1,ok,1,18.72,2.05,18.72,-30.0,0.969,593.7,0.0932,,,,,,
AL1-20260426-2253,M5.2,M6.0,2026-04-26 22:57:00,1,ok,22,21.13,0.42,24.85,70.0,2.227,4762.4,0.19598,19.06,22.39,0.536,,,
AL1-20260427-0152,C5.9,C6.8,2026-04-27 02:03:00,1,ok,5,15.02,1.73,18.75,50.0,2.234,508.2,0.10422,,,,,,
AL1-20260427-0332,C5.1,C5.9,2026-04-27 03:37:00,1,no fittable bins,,,,,,,,,,,,,,
AL1-20260427-0640,C9.2,M1.0,2026-04-27 06:44:00,1,ok,18,22.98,1.83,22.98,10.0,2.894,545.9,0.16819,19.3,22.72,1.0,,,
AL1-20260427-2307,C5.1,C5.4,2026-04-27 23:13:00,1,ok,3,13.17,1.53,17.9,-30.0,2.252,398.9,0.11607,,,,,,
AL1-20260428-0808,C5.4,C6.0,2026-04-28 08:16:00,1,ok,6,16.93,1.88,16.93,10.0,2.031,420.8,0.11641,14.7,16.77,,,,
AL1-20260428-0918,C8.2,C9.0,2026-04-28 09:22:00,1,ok,14,16.32,1.17,23.41,30.0,3.126,540.5,0.18163,19.4,22.87,,,,
AL1-20260428-0928,C7.5,C7.1,2026-04-28 09:37:00,1,no fittable bins,,,,,,,,,,,,,,
AL1-20260428-1141,C8.5,C9.3,2026-04-28 11:46:00,1,ok,8,19.56,1.45,20.62,50.0,2.317,656.2,0.12016,18.93,22.22,,,,
AL1-20260428-1200,C7.3,C7.7,2026-04-28 12:13:00,1,ok,13,18.19,1.52,20.96,70.0,2.756,553.5,0.1504,17.22,19.97,,,,
AL1-20260428-1217,C9.1,M1.0,2026-04-28 12:23:00,1,no fittable bins,,,,,,,,,,,,,,
AL1-20260428-1349,M1.4,M1.5,2026-04-28 13:53:00,1,ok,8,22.48,0.93,24.4,30.0,1.923,1139.8,0.17569,19.5,23.0,,,,
AL1-20260428-1403,C9.7,M1.1,2026-04-28 14:07:00,1,ok,8,15.47,1.32,20.76,-30.0,2.468,733.8,0.1258,14.62,16.64,,,,
AL1-20260428-1843,C6.7,C8.1,2026-04-28 18:49:00,1,no fittable bins,,,,,,,,,,,,,,
AL1-20260501-1525,C7.4,C7.4,2026-05-01 15:29:00,1,ok,11,18.12,1.55,22.3,50.0,1.956,575.6,0.14853,16.54,19.08,,,,
AL1-20260502-1834,C8.6,C8.7,2026-05-02 18:38:00,1,ok,10,12.92,1.13,15.74,30.0,2.375,737.5,0.1117,12.5,14.05,,,,
AL1-20260504-0114,M1.7,M1.8,2026-05-04 01:33:00,1,ok,40,18.12,0.77,23.93,190.0,2.467,1579.7,0.16676,16.5,19.03,0.934,,,
AL1-20260505-0521,C6.9,C6.0,2026-05-05 05:27:00,1,ok,12,18.29,1.43,20.86,-50.0,2.628,479.1,0.17488,16.43,18.94,,,,
AL1-20260507-1406,M2.5,M2.6,2026-05-07 15:14:00,1,ok,184,17.05,0.55,21.76,2430.0,1.539,2217.7,0.20536,16.5,19.04,0.859,,,
AL1-20260507-1743,C5.7,C6.0,2026-05-07 17:56:00,1,ok,1,15.88,1.89,15.88,-10.0,1.284,513.7,0.09761,,,,,,
AL1-20260510-1321,M5.1,M5.7,2026-05-10 13:38:00,1,ok,87,16.28,0.37,26.65,510.0,1.951,4930.9,0.17062,15.89,18.26,0.944,,,
AL1-20260514-0635,C5.9,C5.5,2026-05-14 06:42:00,1,ok,3,14.03,1.4,17.78,-70.0,1.941,510.9,0.12218,,,,,,
AL1-20260514-1718,C5.1,C4.4,2026-05-14 17:39:00,1,no fittable bins,,,,,,,,,,,,,,
AL1-20260515-1609,C9.8,C9.4,2026-05-15 16:14:00,1,ok,14,19.8,1.28,21.26,30.0,3.048,628.3,0.1928,17.35,20.14,,,,
AL1-20260516-1552,M1.6,M1.8,2026-05-16 16:12:00,1,ok,82,13.68,0.72,19.47,350.0,1.876,1560.8,0.11575,13.75,15.57,0.807,,,
AL1-20260516-2312,C6.0,C5.8,2026-05-16 23:29:00,1,ok,15,12.38,1.31,17.12,90.0,1.869,504.1,0.12741,15.17,17.35,,,,
AL1-20260517-0330,M1.5,M1.4,2026-05-17 03:38:00,1,ok,20,19.19,0.91,22.83,150.0,2.356,1121.8,0.19199,16.2,18.66,0.943,,,
AL1-20260521-1307,C6.1,C5.5,2026-05-21 13:20:00,1,ok,7,20.92,2.29,22.82,-10.0,2.132,330.9,0.16675,21.66,25.97,,,,
AL1-20260521-1809,C8.8,C8.3,2026-05-21 18:14:00,1,ok,19,19.45,1.26,20.13,30.0,1.773,671.1,0.19693,17.7,20.59,0.886,,,
AL1-20260521-1819,C9.4,C9.5,2026-05-21 18:25:00,1,no fittable bins,,,,,,,,,,,,,,
AL1-20260523-2157,C5.7,C5.5,2026-05-23 22:04:00,1,ok,2,20.13,2.11,20.13,-10.0,1.275,519.0,0.09821,16.81,19.44,,,,
AL1-20260523-2341,C5.1,C4.7,2026-05-24 00:00:00,1,no fittable bins,,,,,,,,,,,,,,
AL1-20260526-1230,C9.8,C9.7,2026-05-26 12:38:00,1,ok,19,17.0,1.11,20.42,90.0,2.097,842.9,0.14703,15.6,17.88,0.429,,,
AL1-20260529-0451,C5.6,C6.0,2026-05-29 05:08:00,1,ok,7,15.01,1.67,16.45,70.0,1.018,489.2,0.0995,,,,,,
AL1-20260529-0526,C7.0,C7.6,2026-05-29 05:40:00,1,no fittable bins,,,,,,,,,,,,,,
AL1-20260529-0633,M1.1,M1.1,2026-05-29 07:03:00,1,ok,77,14.15,1.22,17.89,690.0,1.031,1022.0,0.10769,10.66,11.82,0.581,,,
AL1-20260602-0953,M1.2,M1.2,2026-06-02 10:04:00,1,ok,53,15.69,0.83,20.9,210.0,1.755,992.3,0.17802,15.96,18.35,0.907,,,
AL1-20260602-1634,M2.9,M3.3,2026-06-02 16:48:00,1,ok,38,18.04,0.52,25.62,230.0,1.918,2493.1,0.20061,16.54,19.1,0.972,,,
AL1-20260603-0121,M8.6,M9.3,2026-06-03 01:36:00,1,ok,45,18.41,0.28,26.47,310.0,1.658,7624.6,0.23236,17.18,19.92,0.95,,,
AL1-20260603-0648,M7.1,M7.7,2026-06-03 07:00:00,1,ok,27,22.13,0.36,25.01,110.0,2.221,6126.7,0.24094,19.4,22.86,0.983,,,
AL1-20260603-1119,M9.3,X1.0,2026-06-03 11:28:00,1,ok,40,20.68,0.28,28.48,290.0,1.961,8505.2,0.24645,18.86,22.14,0.945,,,
AL1-20260606-1312,C8.3,C8.8,2026-06-06 13:17:00,1,ok,34,20.72,1.6,20.86,110.0,1.974,649.5,0.15909,17.14,19.86,0.545,,,
AL1-20260606-1339,M1.5,M1.8,2026-06-06 14:04:00,1,ok,106,12.94,0.92,17.45,830.0,1.464,1485.0,0.08953,13.15,14.84,0.886,,,
AL1-20260608-0235,C7.1,C7.2,2026-06-08 02:49:00,1,ok,13,14.66,1.47,19.89,50.0,2.328,577.0,0.12831,14.43,16.4,,,,
AL1-20260610-2322,C6.1,C6.7,2026-06-11 00:02:00,1,ok,25,12.59,1.44,17.72,610.0,1.332,512.1,0.10126,,,-0.214,,,
AL1-20260611-0822,C8.5,C9.0,2026-06-11 08:28:00,1,ok,12,17.99,1.19,17.99,10.0,2.205,729.9,0.14799,16.56,19.12,,,,
AL1-20260620-0135,M1.4,M1.3,2026-06-20 01:52:00,1,ok,61,13.98,0.87,19.17,550.0,1.685,1069.0,0.11835,12.63,14.2,0.608,,,
AL1-20260620-1452,M1.2,M1.0,2026-06-20 15:00:00,1,ok,23,19.23,1.03,19.23,10.0,2.857,762.9,0.18434,17.23,19.98,0.75,,,
AL1-20260620-2125,C5.4,C4.8,2026-06-20 21:42:00,1,ok,8,15.01,1.67,18.05,130.0,1.595,318.9,0.11685,11.01,12.25,,,,
AL1-20260621-0223,M2.7,M2.6,2026-06-21 02:45:00,1,ok,57,17.91,0.6,20.1,250.0,2.161,2256.4,0.17952,15.15,17.32,0.771,,,
AL1-20260621-1921,M6.5,M6.8,2026-06-21 19:28:00,1,ok,30,18.8,0.35,22.15,110.0,2.239,5471.2,0.20427,17.91,20.87,0.952,,,
AL1-20260623-2252,C6.2,C6.0,2026-06-23 23:14:00,1,ok,16,13.73,1.59,19.56,290.0,0.755,388.4,0.09427,,,,25.04,1.28,14.06
AL1-20260623-2318,C8.9,C8.7,2026-06-23 23:25:00,1,ok,15,19.06,2.1,24.23,150.0,1.982,607.7,0.12437,12.81,14.38,,29.86,0.82,17.09
AL1-20260625-1453,C6.8,C6.5,2026-06-25 15:03:00,1,ok,9,15.22,1.43,19.68,30.0,3.141,410.9,0.1273,13.71,15.52,,,,
AL1-20260625-2335,C5.1,C5.0,2026-06-25 23:48:00,1,ok,3,17.95,1.99,17.95,-10.0,1.471,299.9,0.10666,,,,,,
AL1-20260626-1234,C5.5,C5.7,2026-06-26 12:47:00,1,no fittable bins,,,,,,,,,,,,,,
AL1-20260627-2052,C6.4,C7.4,2026-06-27 21:01:00,1,no fittable bins,,,,,,,,,,,,,,
AL1-20260628-2136,C8.4,C9.5,2026-06-28 21:44:00,1,ok,16,15.33,1.64,25.57,190.0,2.503,597.2,0.09804,13.67,15.44,,23.59,1.16,14.97
AL1-20260629-0740,C6.5,C8.1,2026-06-29 08:28:00,1,ok,20,14.93,1.72,18.65,2190.0,0.849,346.9,0.0829,,,0.6,25.61,1.52,12.73
AL1-20260629-1732,C5.4,C6.1,2026-06-29 17:39:00,1,no fittable bins,,,,,,,,,,,,,,
AL1-20260629-2123,M1.2,M1.4,2026-06-29 21:39:00,1,ok,44,14.83,1.09,19.36,410.0,1.283,943.8,0.10546,13.51,15.27,0.631,26.46,0.73,14.57
AL1-20260630-0039,M1.2,M1.3,2026-06-30 01:15:00,1,ok,82,10.78,0.91,16.2,970.0,1.851,925.0,0.0783,11.46,12.78,0.843,31.38,1.47,11.6
AL1-20260630-1238,M5.0,M5.8,2026-06-30 12:57:00,1,ok,103,16.07,0.42,23.66,810.0,1.297,4680.9,0.13318,14.88,16.98,0.92,32.2,0.32,15.43
AL1-20260630-1640,C5.1,C5.7,2026-06-30 16:47:00,1,no fittable bins,,,,,,,,,,,,,,
AL1-20260630-1950,C8.5,C9.1,2026-06-30 19:58:00,1,ok,15,19.11,1.58,19.11,10.0,1.442,548.4,0.10578,17.46,20.28,,47.82,1.3,17.27
AL1-20260630-2034,M9.7,X1.1,2026-06-30 20:50:00,1,ok,52,19.32,0.27,24.61,270.0,1.686,8948.5,0.22071,17.66,20.54,0.975,33.97,0.13,18.99
AL1-20260701-0439,C7.4,C7.6,2026-07-01 04:55:00,1,ok,42,15.57,1.22,23.57,310.0,1.725,471.0,0.14055,15.91,18.28,0.889,29.25,0.66,15.85
AL1-20260701-0618,M1.1,M1.1,2026-07-01 06:26:00,1,ok,14,20.88,1.12,23.8,30.0,1.911,688.0,0.17496,16.89,19.54,,43.33,0.53,19.56
AL1-20260701-0637,M1.0,M1.0,2026-07-01 06:42:00,1,ok,17,16.22,1.15,23.18,70.0,2.412,623.0,0.15586,14.21,16.13,0.657,41.37,0.7,17.07
AL1-20260701-0727,M1.5,M1.5,2026-07-01 07:35:00,1,ok,14,21.76,0.9,30.5,90.0,2.326,1054.2,0.17452,19.28,22.69,,40.37,0.41,20.54
AL1-20260701-0810,M2.5,M2.5,2026-07-01 08:17:00,1,ok,14,22.45,0.67,26.68,50.0,2.368,1852.8,0.21046,21.18,25.3,,45.87,0.32,22.23
AL1-20260701-1004,M1.3,M1.3,2026-07-01 10:08:00,1,ok,11,20.35,0.92,27.34,90.0,2.801,1018.9,0.14472,18.32,21.41,,37.58,0.45,19.54
AL1-20260701-1051,C9.9,,2026-07-01 11:55:00,1,ok,122,19.39,1.4,19.39,10.0,1.36,738.2,0.10699,15.68,17.98,0.007,31.25,0.73,16.44
AL1-20260701-1419,M1.0,M1.1,2026-07-01 14:31:00,1,ok,16,16.48,1.18,21.02,110.0,1.689,769.0,0.10578,14.62,16.63,0.829,37.54,0.89,16.47
AL1-20260701-1439,M2.3,M2.6,2026-07-01 14:54:00,1,ok,86,16.91,0.68,24.27,630.0,1.868,2032.0,0.14604,17.57,20.42,0.811,32.03,0.37,17.79
AL1-20260701-1707,C7.9,C8.2,2026-07-01 17:12:00,1,ok,6,18.57,1.42,20.64,30.0,1.738,544.5,0.09952,14.58,16.6,,32.44,0.88,16.07
AL1-20260701-1846,C5.2,,2026-07-01 19:04:00,1,no fittable bins,,,,,,,,,,,,,,
AL1-20260701-1905,M3.0,M3.5,2026-07-01 19:42:00,1,ok,117,15.09,0.52,19.47,190.0,1.969,2658.2,0.13587,14.33,16.29,0.365,29.76,0.35,15.08
AL1-20260701-2018,M1.6,M1.8,2026-07-01 20:22:00,1,ok,21,19.77,0.97,23.73,30.0,2.639,1270.0,0.14153,17.64,20.5,0.714,42.13,0.54,20.0
AL1-20260701-2254,M7.9,M8.5,2026-07-01 23:09:00,1,ok,26,23.89,0.34,27.0,150.0,2.094,7059.8,0.25625,21.29,25.45,0.714,50.1,0.17,23.55
AL1-20260701-2351,M1.0,M1.1,2026-07-02 00:01:00,1,ok,9,18.46,1.35,21.31,110.0,1.452,705.0,0.11775,,,,,,
AL1-20260702-0134,M3.7,M4.2,2026-07-02 01:56:00,1,ok,59,17.41,0.48,20.21,490.0,1.741,3353.2,0.15419,16.55,19.11,0.765,39.05,0.33,17.33
AL1-20260702-0407,C7.8,C8.6,2026-07-02 04:15:00,1,ok,19,14.83,1.52,18.78,230.0,1.081,535.8,0.08085,14.68,16.72,0.893,33.55,1.44,13.74
AL1-20260702-0455,C8.4,C8.5,2026-07-02 05:01:00,1,ok,14,19.15,1.27,22.06,-30.0,2.058,615.0,0.14451,16.75,19.36,,45.74,0.79,19.25
AL1-20260702-0713,C5.7,C6.3,2026-07-02 07:22:00,1,no fittable bins,,,,,,,,,,,,,,
AL1-20260702-0854,C5.1,,2026-07-02 09:13:00,1,no fittable bins,,,,,,,,,,,,,,
AL1-20260702-0914,C7.9,,2026-07-02 09:32:00,1,ok,1,9.57,1.3,9.57,270.0,3.455,552.6,0.07966,,,,,,
AL1-20260702-1935,C6.7,,2026-07-02 20:09:00,1,no fittable bins,,,,,,,,,,,,,,
AL1-20260702-2307,M1.1,M1.2,2026-07-02 23:12:00,1,ok,11,22.43,1.38,25.57,50.0,2.387,813.2,0.12935,17.73,20.61,,43.3,0.68,19.96
AL1-20260703-0855,C5.7,,2026-07-03 09:19:00,1,no fittable bins,,,,,,,,,,,,,,
AL1-20260703-0923,C8.3,,2026-07-03 09:49:00,1,no fittable bins,,,,,,,,,,,,,,
AL1-20260703-1303,M1.4,M1.4,2026-07-03 13:13:00,1,ok,15,20.12,1.18,20.12,10.0,1.866,938.0,0.12794,16.44,18.95,,38.72,0.63,18.52
AL1-20260703-1412,C5.1,C5.7,2026-07-03 14:24:00,1,no fittable bins,,,,,,,,,,,,,,
AL1-20260703-1456,C5.5,C5.8,2026-07-03 15:01:00,1,no fittable bins,,,,,,,,,,,,,,
AL1-20260703-1630,C6.4,C6.5,2026-07-03 16:47:00,1,ok,13,16.92,1.88,18.91,270.0,1.329,416.6,0.08856,14.97,17.07,,23.25,1.04,14.45
AL1-20260703-1731,C6.2,C6.3,2026-07-03 17:36:00,1,no fittable bins,,,,,,,,,,,,,,
AL1-20260703-1747,M6.2,M6.7,2026-07-03 18:11:00,1,ok,98,18.33,0.36,21.89,630.0,1.426,5650.5,0.18722,16.99,19.68,0.716,37.07,0.22,18.21
AL1-20260703-1855,M5.9,M6.3,2026-07-03 18:59:00,1,no pre-flare background,,,,,,,,,,,,,,
AL1-20260703-1959,M1.4,M1.5,2026-07-03 20:07:00,1,ok,40,16.03,1.13,20.27,110.0,1.935,1174.2,0.09927,14.29,16.22,0.434,28.62,0.72,15.71
AL1-20260703-2226,C8.0,C8.4,2026-07-03 22:35:00,1,ok,11,17.66,1.63,19.45,90.0,1.198,572.4,0.08563,13.27,14.98,,27.15,0.91,15.15
AL1-20260703-2350,M2.0,M2.0,2026-07-04 00:00:00,1,ok,10,19.41,0.74,21.53,50.0,2.184,1581.5,0.17257,,,,,,
AL1-20260704-0013,M2.2,M2.3,2026-07-04 00:23:00,1,ok,40,19.19,0.72,22.72,50.0,2.045,1813.5,0.17493,17.24,19.98,0.824,38.13,0.38,18.5
AL1-20260704-0055,M2.1,M2.1,2026-07-04 01:12:00,1,ok,46,18.06,0.75,23.71,370.0,1.526,1671.3,0.15513,16.78,19.39,0.714,33.47,0.42,18.37
AL1-20260704-0152,M1.1,M1.2,2026-07-04 02:01:00,1,ok,21,13.21,1.35,21.04,250.0,1.708,853.4,0.08328,12.5,14.03,0.829,25.65,1.04,13.6
AL1-20260704-0245,C5.8,,2026-07-04 03:09:00,1,no fittable bins,,,,,,,,,,,,,,
AL1-20260704-0321,M3.8,,2026-07-04 03:42:00,1,ok,59,17.07,0.47,22.4,830.0,1.839,3413.3,0.16663,16.7,19.3,0.94,38.66,0.32,17.38
AL1-20260704-0507,M1.4,M1.3,2026-07-04 05:15:00,1,ok,30,16.94,0.92,20.69,170.0,1.442,1073.8,0.14749,15.28,17.47,0.673,31.89,0.51,16.38
AL1-20260704-0545,C8.8,C9.5,2026-07-04 05:52:00,1,ok,6,11.63,1.45,15.41,-50.0,2.434,663.8,0.07743,12.5,14.02,,19.7,1.16,13.35
AL1-20260704-0612,C7.5,C7.4,2026-07-04 06:25:00,1,ok,2,15.71,1.8,16.01,330.0,0.429,545.7,0.07101,,,,29.26,1.52,15.35
AL1-20260704-0750,M1.7,M1.8,2026-07-04 08:06:00,1,ok,41,15.02,0.73,19.29,170.0,1.389,1401.5,0.13829,13.8,15.64,0.786,28.54,0.49,14.39
AL1-20260704-0840,M1.0,M1.0,2026-07-04 08:52:00,1,ok,17,17.76,1.42,22.39,250.0,1.168,749.2,0.10851,16.85,19.46,,32.41,0.74,18.01
AL1-20260704-1102,M3.2,M3.2,2026-07-04 11:12:00,1,ok,32,18.13,0.54,27.86,310.0,1.585,2779.3,0.16621,16.61,19.17,0.9,33.41,0.32,17.63
AL1-20260704-1341,M3.2,M3.2,2026-07-04 13:51:00,1,ok,34,19.43,0.54,21.82,70.0,1.804,2772.1,0.19236,17.86,20.81,0.927,34.93,0.28,19.21
AL1-20260704-1426,C7.9,C8.4,2026-07-04 14:38:00,1,ok,1,13.34,1.73,13.34,450.0,1.573,584.0,0.07208,,,,25.17,1.35,14.75
AL1-20260704-1524,C7.5,C8.0,2026-07-04 15:34:00,1,no fittable bins,,,,,,,,,,,,,,
AL1-20260704-1601,M1.1,M1.1,2026-07-04 16:06:00,1,ok,18,17.52,1.18,21.98,30.0,1.352,758.9,0.13341,16.18,18.61,0.543,36.25,0.66,18.21
AL1-20260704-1655,C7.4,C7.5,2026-07-04 17:02:00,1,ok,4,18.7,1.89,18.7,-30.0,2.036,578.5,0.09006,,,,40.48,1.46,22.3
AL1-20260704-1837,M1.8,M1.9,2026-07-04 18:47:00,1,ok,67,17.69,0.76,20.64,310.0,1.698,1462.7,0.15646,16.43,18.95,0.804,34.11,0.43,18.06
AL1-20260704-1922,M1.4,M1.5,2026-07-04 19:36:00,1,ok,37,20.26,1.05,21.63,130.0,2.174,1160.4,0.1475,16.9,19.54,0.622,39.36,0.52,19.47
AL1-20260704-2032,X1.2,X1.2,2026-07-04 20:41:00,1,ok,33,24.49,0.29,25.16,30.0,2.07,9021.4,0.28879,22.01,26.45,0.345,46.88,0.12,23.38
AL1-20260704-2220,M1.1,M1.1,2026-07-04 22:24:00,1,ok,14,14.73,1.15,19.82,90.0,1.586,908.0,0.08419,12.93,14.55,,28.7,0.8,16.15
AL1-20260704-2330,C8.9,C9.3,2026-07-04 23:41:00,1,ok,9,17.83,1.57,19.16,-10.0,1.652,635.0,0.09504,17.11,19.82,,32.31,0.87,17.21
AL1-20260705-0025,M1.4,M1.3,2026-07-05 00:31:00,1,ok,21,19.78,0.98,20.25,110.0,1.837,991.5,0.15882,16.89,19.54,0.775,35.74,0.48,18.62
AL1-20260705-0107,C8.3,C8.3,2026-07-05 01:21:00,1,ok,19,13.61,1.18,19.11,90.0,1.387,572.6,0.10531,13.12,14.79,0.2,28.36,0.89,14.82
AL1-20260705-0419,M1.3,M1.3,2026-07-05 04:31:00,1,ok,32,16.76,0.94,19.55,130.0,1.902,975.6,0.14338,15.09,17.24,0.794,,,
AL1-20260705-0441,C9.5,M1.0,2026-07-05 04:47:00,1,ok,7,18.23,2.09,21.05,150.0,1.48,726.2,0.092,,,,,,
AL1-20260705-0526,M2.7,M2.7,2026-07-05 05:39:00,1,ok,59,16.6,0.56,21.4,630.0,2.0,2234.4,0.17343,15.29,17.49,0.914,29.56,0.32,17.2
AL1-20260705-0612,C7.5,C7.8,2026-07-05 06:19:00,1,ok,4,18.68,2.04,18.68,10.0,0.992,523.4,0.07921,15.44,17.66,,,,
AL1-20260705-0711,C8.3,C7.7,2026-07-05 07:15:00,1,ok,7,18.04,1.4,21.24,30.0,2.162,528.9,0.14224,18.54,21.7,,35.49,0.67,19.65
AL1-20260705-0721,M1.1,C9.9,2026-07-05 07:26:00,1,ok,15,18.39,1.07,21.64,50.0,1.68,776.5,0.13125,17.33,20.1,,31.82,0.58,16.68
AL1-20260705-0848,C5.7,C5.7,2026-07-05 08:59:00,1,no fittable bins,,,,,,,,,,,,,,
AL1-20260705-0916,C5.8,C6.0,2026-07-05 09:26:00,1,no fittable bins,,,,,,,,,,,,,,
AL1-20260705-1056,M1.4,M1.4,2026-07-05 11:00:00,1,ok,12,19.34,0.85,23.45,90.0,2.149,1199.5,0.15425,18.0,20.99,,,,
AL1-20260705-1112,M1.6,,2026-07-05 11:16:00,1,ok,24,18.88,1.17,23.36,110.0,1.921,1373.1,0.16226,17.52,20.31,0.714,33.96,0.54,18.96
AL1-20260705-1153,C9.2,C9.5,2026-07-05 12:01:00,1,ok,20,19.29,1.52,19.29,10.0,1.513,682.1,0.11458,16.62,19.19,0.821,,,
AL1-20260705-1253,C8.3,C8.1,2026-07-05 12:58:00,1,ok,21,19.31,1.71,19.31,10.0,1.194,578.6,0.1141,17.48,20.29,0.857,36.29,0.94,16.3
AL1-20260705-1507,C7.2,C7.4,2026-07-05 15:43:00,1,ok,5,15.43,1.62,15.84,-50.0,1.589,525.0,0.08299,14.49,16.49,,29.62,1.22,14.41
AL1-20260705-1621,M1.3,M1.4,2026-07-05 16:32:00,1,ok,74,15.48,1.09,20.05,230.0,1.861,1098.0,0.10378,14.12,16.02,0.851,37.23,1.03,15.17
AL1-20260705-1751,M5.4,M5.3,2026-07-05 17:57:00,1,ok,23,22.18,0.41,24.52,50.0,2.423,4567.5,0.25554,20.53,24.4,0.964,41.69,0.19,22.03
AL1-20260705-1856,M1.4,M1.4,2026-07-05 19:06:00,1,ok,19,19.71,1.13,20.51,90.0,1.391,1030.7,0.13768,17.52,20.35,0.943,36.65,0.6,18.53
AL1-20260705-2007,C7.3,C7.3,2026-07-05 20:17:00,1,ok,10,13.23,1.4,17.99,130.0,1.478,496.5,0.09011,14.11,16.01,,26.74,1.1,14.37
AL1-20260705-2114,C9.5,M1.0,2026-07-05 21:22:00,1,ok,29,13.39,1.11,21.93,150.0,2.18,717.0,0.09839,13.0,14.64,0.697,30.48,0.94,13.9
AL1-20260705-2137,C9.1,C9.5,2026-07-05 21:42:00,1,ok,5,14.02,1.61,18.24,30.0,1.884,690.0,0.09058,15.58,17.8,,27.73,1.09,15.22
AL1-20260706-0033,C6.2,C5.9,2026-07-06 00:44:00,1,ok,5,16.16,1.58,19.79,-10.0,1.255,365.0,0.10624,17.38,20.17,,31.21,1.02,18.39
AL1-20260706-0158,C9.3,C9.6,2026-07-06 02:17:00,1,ok,64,16.18,1.26,19.51,590.0,1.623,647.0,0.13367,15.22,17.4,0.723,27.67,0.67,16.11
AL1-20260706-0456,C6.0,C6.1,2026-07-06 05:10:00,1,ok,10,13.2,1.51,19.51,-310.0,2.132,375.6,0.10378,13.32,15.04,,30.28,1.04,14.73
AL1-20260706-0719,C6.9,,2026-07-06 07:42:00,1,no fittable bins,,,,,,,,,,,,,,
AL1-20260707-1414,M3.9,M4.0,2026-07-07 14:19:00,1,ok,15,21.38,0.54,24.4,110.0,2.512,2662.0,0.21117,19.65,23.2,,41.94,0.25,21.29
AL1-20260708-1749,M1.4,M1.5,2026-07-08 17:56:00,1,ok,23,16.27,0.9,22.37,130.0,2.285,1034.5,0.15389,16.04,18.44,0.821,32.3,0.51,17.12
AL1-20260709-0222,M1.1,M1.1,2026-07-09 02:27:00,1,ok,10,16.89,1.11,18.23,70.0,2.744,702.2,0.12965,16.57,19.13,,34.89,0.62,16.6
AL1-20260710-1433,C5.8,C6.0,2026-07-10 15:00:00,1,no fittable bins,,,,,,,,,,,,,,
AL1-20260712-0027,C6.1,C6.0,2026-07-12 00:57:00,1,no fittable bins,,,,,,,,,,,,,,
AL1-20260712-0734,M1.1,M1.1,2026-07-12 08:10:00,1,ok,64,15.18,1.31,17.03,770.0,1.635,857.9,0.11002,13.43,15.17,0.54,42.92,1.97,15.01
AL1-20260715-2049,C5.4,,2026-07-15 21:20:00,1,no fittable bins,,,,,,,,,,,,,,
AL1-20260715-2121,C8.3,C8.9,2026-07-15 21:54:00,1,no fittable bins,,,,,,,,,,,,,,
AL1-20260716-2131,C5.8,C5.2,2026-07-16 21:35:00,1,no fittable bins,,,,,,,,,,,,,,
AL1-20260720-1428,M2.7,M2.5,2026-07-20 14:36:00,1,ok,15,22.99,0.76,22.99,10.0,1.798,1660.7,0.21832,20.18,23.92,,40.27,0.28,20.96
AL1-20260720-1515,C8.3,C7.1,2026-07-20 15:20:00,1,ok,12,16.48,1.39,18.93,-50.0,1.394,541.1,0.1274,14.21,16.14,,30.03,0.75,16.12
AL1-20260720-1915,M1.2,M1.1,2026-07-20 19:20:00,1,ok,22,17.93,1.07,18.64,50.0,1.71,769.6,0.16553,17.49,20.33,0.881,33.96,0.51,17.73
AL1-20260720-2215,M3.5,M3.4,2026-07-20 22:25:00,1,ok,28,21.47,0.55,23.54,110.0,1.577,2873.4,0.22092,19.47,22.95,0.95,38.9,0.23,20.6
AL1-20260720-2317,C8.5,C7.6,2026-07-20 23:24:00,1,ok,23,17.23,1.19,21.56,70.0,1.196,513.0,0.1602,14.25,16.18,0.881,30.77,0.55,17.4
AL1-20260721-0038,C7.5,C6.5,2026-07-21 00:51:00,1,ok,28,14.47,1.2,19.47,270.0,2.229,459.4,0.15236,15.71,18.03,0.433,30.06,0.67,15.75
AL1-20260721-0932,C7.5,C7.6,2026-07-21 09:56:00,1,ok,32,15.38,1.51,17.17,-10.0,1.264,514.5,0.09773,15.15,17.32,0.109,25.94,0.94,15.25
AL1-20260721-1359,C5.2,C5.0,2026-07-21 14:14:00,1,ok,1,21.83,2.48,21.83,-10.0,0.734,335.8,0.082,,,,37.88,1.36,18.11
AL1-20260721-1604,C5.7,C5.0,2026-07-21 16:08:00,1,ok,2,20.71,2.22,20.71,-30.0,1.431,350.9,0.10326,,,,40.64,1.44,17.34
AL1-20260721-1716,M1.9,M1.8,2026-07-21 17:26:00,1,ok,21,18.02,0.7,22.81,150.0,2.15,1543.8,0.17099,15.87,18.24,0.714,34.07,0.37,18.36
AL1-20260722-0332,C7.1,C6.8,2026-07-22 03:38:00,1,ok,13,15.04,1.29,18.9,-90.0,2.903,440.9,0.14057,17.8,20.73,,45.68,1.01,17.45
AL1-20260722-0627,M3.5,M3.5,2026-07-22 06:34:00,1,ok,13,23.88,0.69,23.88,10.0,1.923,1984.5,0.24052,21.27,25.41,,45.73,0.26,22.39
AL1-20260722-1846,C5.4,C5.4,2026-07-22 18:51:00,1,ok,4,16.57,1.58,20.4,30.0,2.238,300.4,0.12572,17.26,20.02,,33.16,0.8,16.64
AL1-20260726-1519,M3.0,M3.2,2026-07-26 15:28:00,1,ok,19,18.58,0.51,25.16,90.0,2.702,2432.3,0.18414,16.55,19.11,0.943,30.11,0.25,18.13
AL1-20260727-0236,M1.0,M1.0,2026-07-27 02:42:00,1,ok,19,17.99,1.11,22.09,70.0,2.002,668.0,0.13528,15.37,17.6,0.857,28.18,0.54,16.94
AL1-20260728-0310,C5.0,C5.1,2026-07-28 03:19:00,1,no fittable bins,,,,,,,,,,,,,,
AL1-20260730-1549,M1.6,M1.9,2026-07-30 17:01:00,1,ok,201,12.3,0.74,18.48,2510.0,2.286,1451.3,0.09553,12.7,14.28,0.336,24.25,0.7,12.78
AL1-20260802-0523,C6.5,C6.3,2026-08-02 05:35:00,1,ok,7,14.55,1.41,15.71,70.0,1.473,413.8,0.10285,13.05,14.72,,26.45,1.02,14.56
AL1-20260819-0444,C5.8,C5.0,2026-08-19 04:53:00,1,ok,16,13.76,1.45,21.5,190.0,1.466,338.2,0.11836,12.69,14.28,,22.97,1.01,14.4
AL1-20260819-1325,C5.7,C4.9,2026-08-19 13:39:00,1,no fittable bins,,,,,,,,,,,,,,
AL1-20260819-1512,C6.9,C5.7,2026-08-19 15:16:00,1,ok,6,22.25,2.3,22.25,10.0,2.417,304.9,0.13265,18.87,22.14,,45.34,1.08,20.69
AL1-20260819-1822,M1.0,M1.0,2026-08-19 18:50:00,1,ok,63,12.45,1.0,18.64,410.0,1.815,784.5,0.10428,12.11,13.57,0.851,22.26,0.83,13.12
AL1-20260820-0733,M2.0,M1.8,2026-08-20 08:03:00,1,ok,91,15.82,0.65,20.66,790.0,1.371,1584.8,0.17574,14.69,16.74,0.83,27.84,0.39,15.52
AL1-20260820-1121,C9.0,C8.0,2026-08-20 11:29:00,1,ok,17,17.11,1.18,23.28,150.0,1.923,602.8,0.14838,16.22,18.68,,32.43,0.69,16.63
AL1-20260820-1132,M8.1,M8.1,2026-08-20 11:41:00,1,ok,56,17.57,0.32,22.07,390.0,1.555,7280.2,0.18654,16.36,18.86,0.884,29.32,0.18,17.18
AL1-20260820-1553,M3.1,M2.9,2026-08-20 16:11:00,1,ok,64,18.11,0.54,25.0,570.0,2.164,2569.2,0.19755,17.24,19.99,0.821,32.9,0.28,18.39
AL1-20260821-0206,C7.0,C6.7,2026-08-21 02:19:00,1,ok,31,17.27,1.88,21.15,430.0,1.05,448.4,0.10838,14.12,16.01,0.717,26.27,1.09,14.18
AL1-20260821-0627,C6.6,C6.2,2026-08-21 06:34:00,1,ok,8,16.03,1.79,16.55,70.0,2.34,393.8,0.10675,11.99,13.43,,28.4,1.0,13.93
AL1-20260821-0910,M1.5,M1.6,2026-08-21 10:00:00,1,ok,108,10.91,0.68,17.87,1970.0,1.611,1307.3,0.10142,10.55,11.7,0.74,22.68,0.79,11.64
AL1-20260825-0101,M1.8,M1.9,2026-08-25 01:26:00,1,ok,74,18.12,0.74,22.11,630.0,1.784,1485.8,0.17629,16.82,19.45,0.797,32.91,0.38,17.33
AL1-20260825-0354,M1.0,M1.0,2026-08-25 04:02:00,1,ok,21,16.95,1.11,20.48,130.0,1.99,658.5,0.15427,14.6,16.62,0.893,31.97,0.55,16.58
AL1-20260825-0631,M1.7,M1.8,2026-08-25 06:39:00,1,ok,27,17.41,0.84,18.9,-10.0,1.94,1186.6,0.1827,16.52,19.07,0.583,36.95,0.46,17.81
AL1-20260825-0722,C6.5,C6.2,2026-08-25 07:28:00,1,ok,8,17.78,1.63,18.78,-10.0,1.921,370.7,0.12216,18.63,21.82,,40.91,1.04,18.1
AL1-20260825-0932,C6.6,,2026-08-25 09:45:00,1,ok,10,20.22,2.14,22.31,150.0,1.357,382.5,0.12357,15.78,18.1,,38.82,1.25,16.34
AL1-20260825-0946,M6.7,M6.9,2026-08-25 10:02:00,1,ok,57,18.51,0.35,23.04,350.0,1.684,5849.6,0.20933,16.88,19.53,0.779,33.44,0.19,18.07
AL1-20260826-0628,M2.1,M2.2,2026-08-26 06:33:00,1,ok,19,22.34,0.87,22.34,10.0,2.42,1300.3,0.20292,18.97,22.28,0.943,36.35,0.36,19.75
AL1-20260826-1206,M1.0,M1.0,2026-08-26 12:14:00,1,ok,27,16.69,1.04,19.55,-90.0,2.525,697.4,0.16834,16.62,19.19,0.714,31.58,0.55,17.02
AL1-20260827-0133,C5.4,C5.2,2026-08-27 01:41:00,1,ok,8,14.23,1.58,20.6,50.0,2.433,311.6,0.12104,13.55,15.33,,26.52,0.94,15.68
AL1-20260901-2105,C6.1,C5.7,2026-09-01 21:10:00,1,ok,6,16.09,1.32,18.75,-10.0,3.03,361.9,0.14342,17.02,19.71,,31.87,0.65,17.29
AL1-20260902-1900,M2.9,M3.0,2026-09-02 19:19:00,1,ok,92,14.92,0.55,18.17,550.0,1.884,2513.2,0.14289,15.14,17.31,0.827,30.14,0.38,15.14
AL1-20260903-1440,C7.2,C6.9,2026-09-03 14:46:00,1,ok,12,17.02,1.53,17.44,-10.0,1.98,426.9,0.13006,17.04,19.75,,26.83,0.68,16.19
AL1-20260903-1616,C8.0,C7.7,2026-09-03 16:30:00,1,ok,32,15.03,1.24,18.71,90.0,1.996,526.1,0.1308,13.61,15.4,0.721,26.46,0.71,13.73
AL1-20260904-0748,M1.2,M1.2,2026-09-04 07:53:00,1,ok,20,16.91,0.95,20.78,110.0,2.405,854.6,0.14669,16.06,18.48,0.857,28.16,0.46,16.56
AL1-20260904-1112,C7.2,C7.1,2026-09-04 11:19:00,1,ok,10,15.7,1.53,17.73,70.0,2.599,480.0,0.10126,14.67,16.72,,25.63,0.86,15.03
AL1-20260904-1902,C6.6,C6.7,2026-09-04 19:30:00,1,ok,29,13.11,1.4,16.23,310.0,1.51,409.8,0.10757,11.05,12.29,0.297,23.31,0.94,13.98
AL1-20260905-1035,C6.5,C6.4,2026-09-05 10:44:00,1,ok,8,17.46,1.85,17.46,10.0,0.841,382.8,0.10997,13.29,14.99,,22.38,1.03,15.54
AL1-20260905-1504,C9.6,M1.0,2026-09-05 15:18:00,1,ok,20,12.71,1.14,16.5,170.0,1.437,724.8,0.08921,12.01,13.45,0.786,23.43,1.13,12.13
AL1-20260905-1735,C8.3,C8.5,2026-09-05 17:45:00,1,ok,18,12.88,1.15,16.41,70.0,1.693,544.8,0.10718,13.86,15.71,-0.2,24.66,0.85,13.6
AL1-20260906-1035,C5.1,C5.0,2026-09-06 10:42:00,1,no fittable bins,,,,,,,,,,,,,,
AL1-20260912-1714,C6.4,C5.8,2026-09-12 17:20:00,1,ok,6,15.93,1.71,18.97,70.0,1.727,378.7,0.10621,13.2,14.9,,24.34,1.09,14.66
